Cell_ID,Cohort,Cohort_Age_Years,Cell_Type,Pseudotime,Somatic_SNV_Count,GbWOX4,GbPXY,GbWUS,GbCLV3,GbAHK4,GbLOG,GbKu70,GbKu80,GbATG8,GbNBR1,GbTPX2,GbCDC20.1,GbCYC1BAT,GbSTM,GbAIL1,gbi-miR156_target,gbi-miR172_target,GbWOX4_log1p,GbPXY_log1p,GbWUS_log1p,GbCLV3_log1p,GbAHK4_log1p,GbLOG_log1p,GbKu70_log1p,GbKu80_log1p,GbATG8_log1p,GbNBR1_log1p,GbTPX2_log1p,GbCDC20.1_log1p,GbCYC1BAT_log1p,GbSTM_log1p,GbAIL1_log1p,gbi-miR156_target_log1p,gbi-miR172_target_log1p
Cell_0001,15-Year (Juvenile),15,Central Cambial Stem Cells (WOX4+),0.2903379245269594,3,39,31,9,3,11,7,25,21,33,24,4,2,5,32,22,12,6,3.6888794541139363,3.4657359027997265,2.302585092994046,1.3862943611198906,2.4849066497880004,2.0794415416798357,3.258096538021482,3.091042453358316,3.5263605246161616,3.2188758248682006,1.6094379124341003,1.0986122886681096,1.791759469228055,3.4965075614664802,3.1354942159291497,2.5649493574615367,1.9459101490553132
Cell_0002,15-Year (Juvenile),15,Central Cambial Stem Cells (WOX4+),0.08096496266860904,5,32,34,12,3,9,6,39,9,49,16,4,4,3,18,19,13,5,3.4965075614664802,3.5553480614894135,2.5649493574615367,1.3862943611198906,2.302585092994046,1.9459101490553132,3.6888794541139363,2.302585092994046,3.912023005428146,2.833213344056216,1.6094379124341003,1.6094379124341003,1.3862943611198906,2.9444389791664403,2.995732273553991,2.639057329615259,1.791759469228055
Cell_0003,15-Year (Juvenile),15,Central Cambial Stem Cells (WOX4+),0.06336936813132557,1,23,30,9,5,24,14,16,26,40,5,7,4,6,11,17,14,7,3.1780538303479458,3.4339872044851463,2.302585092994046,1.791759469228055,3.2188758248682006,2.70805020110221,2.833213344056216,3.295836866004329,3.713572066704308,1.791759469228055,2.0794415416798357,1.6094379124341003,1.9459101490553132,2.4849066497880004,2.8903717578961645,2.70805020110221,2.0794415416798357
Cell_0004,15-Year (Juvenile),15,Central Cambial Stem Cells (WOX4+),0.039730659907638445,1,40,34,8,4,14,9,28,23,54,13,7,4,2,17,37,19,3,3.713572066704308,3.5553480614894135,2.1972245773362196,1.6094379124341003,2.70805020110221,2.302585092994046,3.367295829986474,3.1780538303479458,4.007333185232471,2.639057329615259,2.0794415416798357,1.6094379124341003,1.0986122886681096,2.8903717578961645,3.6375861597263857,2.995732273553991,1.3862943611198906
Cell_0005,15-Year (Juvenile),15,Central Cambial Stem Cells (WOX4+),0.11172369353607714,3,65,41,6,11,11,16,17,15,47,11,7,4,6,19,17,12,7,4.189654742026425,3.7376696182833684,1.9459101490553132,2.4849066497880004,2.4849066497880004,2.833213344056216,2.8903717578961645,2.772588722239781,3.8712010109078907,2.4849066497880004,2.0794415416798357,1.6094379124341003,1.9459101490553132,2.995732273553991,2.8903717578961645,2.5649493574615367,2.0794415416798357
Cell_0006,15-Year (Juvenile),15,Central Cambial Stem Cells (WOX4+),0.009430532118282937,1,27,26,9,2,12,6,27,7,26,11,1,0,3,26,14,15,7,3.332204510175204,3.295836866004329,2.302585092994046,1.0986122886681096,2.5649493574615367,1.9459101490553132,3.332204510175204,2.0794415416798357,3.295836866004329,2.4849066497880004,0.6931471805599453,0.0,1.3862943611198906,3.295836866004329,2.70805020110221,2.772588722239781,2.0794415416798357
Cell_0007,15-Year (Juvenile),15,Central Cambial Stem Cells (WOX4+),0.2829133355088479,1,39,15,9,6,6,8,28,24,44,10,6,2,3,22,24,8,8,3.6888794541139363,2.772588722239781,2.302585092994046,1.9459101490553132,1.9459101490553132,2.1972245773362196,3.367295829986474,3.2188758248682006,3.8066624897703196,2.3978952727983707,1.9459101490553132,1.0986122886681096,1.3862943611198906,3.1354942159291497,3.2188758248682006,2.1972245773362196,2.1972245773362196
Cell_0008,15-Year (Juvenile),15,Central Cambial Stem Cells (WOX4+),0.06165194123533969,1,44,21,12,17,28,2,35,24,42,21,1,0,3,29,22,13,8,3.8066624897703196,3.091042453358316,2.5649493574615367,2.8903717578961645,3.367295829986474,1.0986122886681096,3.58351893845611,3.2188758248682006,3.7612001156935624,3.091042453358316,0.6931471805599453,0.0,1.3862943611198906,3.4011973816621555,3.1354942159291497,2.639057329615259,2.1972245773362196
Cell_0009,15-Year (Juvenile),15,Central Cambial Stem Cells (WOX4+),0.1848385646004763,0,38,22,14,2,14,7,22,23,35,6,2,6,1,31,11,15,13,3.6635616461296463,3.1354942159291497,2.70805020110221,1.0986122886681096,2.70805020110221,2.0794415416798357,3.1354942159291497,3.1780538303479458,3.58351893845611,1.9459101490553132,1.0986122886681096,1.9459101490553132,0.6931471805599453,3.4657359027997265,2.4849066497880004,2.772588722239781,2.639057329615259
Cell_0010,15-Year (Juvenile),15,Central Cambial Stem Cells (WOX4+),0.19728562685273926,1,32,26,25,6,10,12,30,27,38,18,5,5,7,11,15,19,6,3.4965075614664802,3.295836866004329,3.258096538021482,1.9459101490553132,2.3978952727983707,2.5649493574615367,3.4339872044851463,3.332204510175204,3.6635616461296463,2.9444389791664403,1.791759469228055,1.791759469228055,2.0794415416798357,2.4849066497880004,2.772588722239781,2.995732273553991,1.9459101490553132
Cell_0011,15-Year (Juvenile),15,Central Cambial Stem Cells (WOX4+),0.3523860917174772,2,34,15,21,11,23,15,27,18,37,14,4,4,2,22,16,19,3,3.5553480614894135,2.772588722239781,3.091042453358316,2.4849066497880004,3.1780538303479458,2.772588722239781,3.332204510175204,2.9444389791664403,3.6375861597263857,2.70805020110221,1.6094379124341003,1.6094379124341003,1.0986122886681096,3.1354942159291497,2.833213344056216,2.995732273553991,1.3862943611198906
Cell_0012,15-Year (Juvenile),15,Central Cambial Stem Cells (WOX4+),0.26594515969237426,4,32,40,17,5,12,5,26,11,65,15,2,2,0,15,33,9,3,3.4965075614664802,3.713572066704308,2.8903717578961645,1.791759469228055,2.5649493574615367,1.791759469228055,3.295836866004329,2.4849066497880004,4.189654742026425,2.772588722239781,1.0986122886681096,1.0986122886681096,0.0,2.772588722239781,3.5263605246161616,2.302585092994046,1.3862943611198906
Cell_0013,15-Year (Juvenile),15,Central Cambial Stem Cells (WOX4+),0.21451741566198243,3,39,33,16,8,19,12,33,10,43,20,3,2,2,22,27,20,11,3.6888794541139363,3.5263605246161616,2.833213344056216,2.1972245773362196,2.995732273553991,2.5649493574615367,3.5263605246161616,2.3978952727983707,3.784189633918261,3.044522437723423,1.3862943611198906,1.0986122886681096,1.0986122886681096,3.1354942159291497,3.332204510175204,3.044522437723423,2.4849066497880004
Cell_0014,15-Year (Juvenile),15,Central Cambial Stem Cells (WOX4+),0.03593839621721274,3,45,24,20,2,9,4,19,16,32,13,5,1,7,25,21,23,7,3.828641396489095,3.2188758248682006,3.044522437723423,1.0986122886681096,2.302585092994046,1.6094379124341003,2.995732273553991,2.833213344056216,3.4965075614664802,2.639057329615259,1.791759469228055,0.6931471805599453,2.0794415416798357,3.258096538021482,3.091042453358316,3.1780538303479458,2.0794415416798357
Cell_0015,15-Year (Juvenile),15,Central Cambial Stem Cells (WOX4+),0.0668172046848963,4,49,33,14,4,9,13,27,13,39,20,3,5,3,26,17,11,6,3.912023005428146,3.5263605246161616,2.70805020110221,1.6094379124341003,2.302585092994046,2.639057329615259,3.332204510175204,2.639057329615259,3.6888794541139363,3.044522437723423,1.3862943611198906,1.791759469228055,1.3862943611198906,3.295836866004329,2.8903717578961645,2.4849066497880004,1.9459101490553132
Cell_0016,15-Year (Juvenile),15,Central Cambial Stem Cells (WOX4+),0.14603302142215285,4,27,29,11,5,10,14,24,23,24,17,2,0,3,19,19,29,2,3.332204510175204,3.4011973816621555,2.4849066497880004,1.791759469228055,2.3978952727983707,2.70805020110221,3.2188758248682006,3.1780538303479458,3.2188758248682006,2.8903717578961645,1.0986122886681096,0.0,1.3862943611198906,2.995732273553991,2.995732273553991,3.4011973816621555,1.0986122886681096
Cell_0017,15-Year (Juvenile),15,Central Cambial Stem Cells (WOX4+),0.4849405274389802,3,28,28,11,3,14,5,43,24,50,7,2,6,4,26,26,25,5,3.367295829986474,3.367295829986474,2.4849066497880004,1.3862943611198906,2.70805020110221,1.791759469228055,3.784189633918261,3.2188758248682006,3.9318256327243257,2.0794415416798357,1.0986122886681096,1.9459101490553132,1.6094379124341003,3.295836866004329,3.295836866004329,3.258096538021482,1.791759469228055
Cell_0018,15-Year (Juvenile),15,Central Cambial Stem Cells (WOX4+),0.4551503967928563,1,38,38,9,3,29,8,31,25,47,15,3,1,5,12,25,26,2,3.6635616461296463,3.6635616461296463,2.302585092994046,1.3862943611198906,3.4011973816621555,2.1972245773362196,3.4657359027997265,3.258096538021482,3.8712010109078907,2.772588722239781,1.3862943611198906,0.6931471805599453,1.791759469228055,2.5649493574615367,3.258096538021482,3.295836866004329,1.0986122886681096
Cell_0019,15-Year (Juvenile),15,Central Cambial Stem Cells (WOX4+),0.49840143043665763,4,31,31,10,6,11,10,21,26,49,12,1,1,1,19,13,19,6,3.4657359027997265,3.4657359027997265,2.3978952727983707,1.9459101490553132,2.4849066497880004,2.3978952727983707,3.091042453358316,3.295836866004329,3.912023005428146,2.5649493574615367,0.6931471805599453,0.6931471805599453,0.6931471805599453,2.995732273553991,2.639057329615259,2.995732273553991,1.9459101490553132
Cell_0020,15-Year (Juvenile),15,Central Cambial Stem Cells (WOX4+),0.15512188396114118,3,37,29,12,5,15,10,24,25,31,14,3,3,2,32,25,13,6,3.6375861597263857,3.4011973816621555,2.5649493574615367,1.791759469228055,2.772588722239781,2.3978952727983707,3.2188758248682006,3.258096538021482,3.4657359027997265,2.70805020110221,1.3862943611198906,1.3862943611198906,1.0986122886681096,3.4965075614664802,3.258096538021482,2.639057329615259,1.9459101490553132
Cell_0021,15-Year (Juvenile),15,Central Cambial Stem Cells (WOX4+),0.40013433958645667,3,28,22,7,7,18,16,18,17,43,23,4,1,2,15,16,13,4,3.367295829986474,3.1354942159291497,2.0794415416798357,2.0794415416798357,2.9444389791664403,2.833213344056216,2.9444389791664403,2.8903717578961645,3.784189633918261,3.1780538303479458,1.6094379124341003,0.6931471805599453,1.0986122886681096,2.772588722239781,2.833213344056216,2.639057329615259,1.6094379124341003
Cell_0022,15-Year (Juvenile),15,Central Cambial Stem Cells (WOX4+),0.6888568352908626,1,30,8,17,4,12,18,8,13,32,21,11,5,2,16,18,9,4,3.4339872044851463,2.1972245773362196,2.8903717578961645,1.6094379124341003,2.5649493574615367,2.9444389791664403,2.1972245773362196,2.639057329615259,3.4965075614664802,3.091042453358316,2.4849066497880004,1.791759469228055,1.0986122886681096,2.833213344056216,2.9444389791664403,2.302585092994046,1.6094379124341003
Cell_0023,15-Year (Juvenile),15,Central Cambial Stem Cells (WOX4+),0.15566831439603968,2,34,32,4,6,17,18,35,17,62,14,1,8,1,27,29,17,5,3.5553480614894135,3.4965075614664802,1.6094379124341003,1.9459101490553132,2.8903717578961645,2.9444389791664403,3.58351893845611,2.8903717578961645,4.143134726391533,2.70805020110221,0.6931471805599453,2.1972245773362196,0.6931471805599453,3.332204510175204,3.4011973816621555,2.8903717578961645,1.791759469228055
Cell_0024,15-Year (Juvenile),15,Central Cambial Stem Cells (WOX4+),0.09106061707312633,4,44,35,6,5,12,8,29,21,27,15,4,3,2,41,15,7,4,3.8066624897703196,3.58351893845611,1.9459101490553132,1.791759469228055,2.5649493574615367,2.1972245773362196,3.4011973816621555,3.091042453358316,3.332204510175204,2.772588722239781,1.6094379124341003,1.3862943611198906,1.0986122886681096,3.7376696182833684,2.772588722239781,2.0794415416798357,1.6094379124341003
Cell_0025,15-Year (Juvenile),15,Central Cambial Stem Cells (WOX4+),0.21051175838727262,0,35,27,6,0,13,8,23,24,36,25,3,1,1,23,16,21,9,3.58351893845611,3.332204510175204,1.9459101490553132,0.0,2.639057329615259,2.1972245773362196,3.1780538303479458,3.2188758248682006,3.6109179126442243,3.258096538021482,1.3862943611198906,0.6931471805599453,0.6931471805599453,3.1780538303479458,2.833213344056216,3.091042453358316,2.302585092994046
Cell_0026,15-Year (Juvenile),15,Central Cambial Stem Cells (WOX4+),0.0423375724920596,1,24,34,3,14,12,14,37,28,39,5,1,0,8,25,4,16,9,3.2188758248682006,3.5553480614894135,1.3862943611198906,2.70805020110221,2.5649493574615367,2.70805020110221,3.6375861597263857,3.367295829986474,3.6888794541139363,1.791759469228055,0.6931471805599453,0.0,2.1972245773362196,3.258096538021482,1.6094379124341003,2.833213344056216,2.302585092994046
Cell_0027,15-Year (Juvenile),15,Central Cambial Stem Cells (WOX4+),0.6394698117875773,3,51,35,11,2,20,0,31,29,49,15,1,6,3,29,28,22,9,3.9512437185814275,3.58351893845611,2.4849066497880004,1.0986122886681096,3.044522437723423,0.0,3.4657359027997265,3.4011973816621555,3.912023005428146,2.772588722239781,0.6931471805599453,1.9459101490553132,1.3862943611198906,3.4011973816621555,3.367295829986474,3.1354942159291497,2.302585092994046
Cell_0028,15-Year (Juvenile),15,Central Cambial Stem Cells (WOX4+),0.04261359820166175,3,39,22,5,7,7,14,26,14,29,8,4,1,2,12,30,18,9,3.6888794541139363,3.1354942159291497,1.791759469228055,2.0794415416798357,2.0794415416798357,2.70805020110221,3.295836866004329,2.70805020110221,3.4011973816621555,2.1972245773362196,1.6094379124341003,0.6931471805599453,1.0986122886681096,2.5649493574615367,3.4339872044851463,2.9444389791664403,2.302585092994046
Cell_0029,15-Year (Juvenile),15,Central Cambial Stem Cells (WOX4+),0.642782757979097,3,37,23,7,8,25,6,21,32,55,11,2,2,0,10,33,10,4,3.6375861597263857,3.1780538303479458,2.0794415416798357,2.1972245773362196,3.258096538021482,1.9459101490553132,3.091042453358316,3.4965075614664802,4.02535169073515,2.4849066497880004,1.0986122886681096,1.0986122886681096,0.0,2.3978952727983707,3.5263605246161616,2.3978952727983707,1.6094379124341003
Cell_0030,15-Year (Juvenile),15,Central Cambial Stem Cells (WOX4+),0.31047369062510477,3,38,16,5,4,8,3,32,42,19,16,1,1,0,22,18,19,4,3.6635616461296463,2.833213344056216,1.791759469228055,1.6094379124341003,2.1972245773362196,1.3862943611198906,3.4965075614664802,3.7612001156935624,2.995732273553991,2.833213344056216,0.6931471805599453,0.6931471805599453,0.0,3.1354942159291497,2.9444389791664403,2.995732273553991,1.6094379124341003
Cell_0031,15-Year (Juvenile),15,Central Cambial Stem Cells (WOX4+),0.3410485073884256,1,20,35,7,4,16,7,28,15,24,12,8,3,3,17,22,6,6,3.044522437723423,3.58351893845611,2.0794415416798357,1.6094379124341003,2.833213344056216,2.0794415416798357,3.367295829986474,2.772588722239781,3.2188758248682006,2.5649493574615367,2.1972245773362196,1.3862943611198906,1.3862943611198906,2.8903717578961645,3.1354942159291497,1.9459101490553132,1.9459101490553132
Cell_0032,15-Year (Juvenile),15,Central Cambial Stem Cells (WOX4+),0.20424138793430002,1,47,23,23,15,14,17,44,24,45,12,4,4,4,25,23,19,6,3.8712010109078907,3.1780538303479458,3.1780538303479458,2.772588722239781,2.70805020110221,2.8903717578961645,3.8066624897703196,3.2188758248682006,3.828641396489095,2.5649493574615367,1.6094379124341003,1.6094379124341003,1.6094379124341003,3.258096538021482,3.1780538303479458,2.995732273553991,1.9459101490553132
Cell_0033,15-Year (Juvenile),15,Central Cambial Stem Cells (WOX4+),0.16302912234812866,4,28,13,5,5,8,15,23,37,35,9,3,4,0,19,24,9,2,3.367295829986474,2.639057329615259,1.791759469228055,1.791759469228055,2.1972245773362196,2.772588722239781,3.1780538303479458,3.6375861597263857,3.58351893845611,2.302585092994046,1.3862943611198906,1.6094379124341003,0.0,2.995732273553991,3.2188758248682006,2.302585092994046,1.0986122886681096
Cell_0034,15-Year (Juvenile),15,Central Cambial Stem Cells (WOX4+),0.014748683230052732,1,35,26,5,6,19,5,25,13,56,6,7,2,3,25,10,14,5,3.58351893845611,3.295836866004329,1.791759469228055,1.9459101490553132,2.995732273553991,1.791759469228055,3.258096538021482,2.639057329615259,4.04305126783455,1.9459101490553132,2.0794415416798357,1.0986122886681096,1.3862943611198906,3.258096538021482,2.3978952727983707,2.70805020110221,1.791759469228055
Cell_0035,15-Year (Juvenile),15,Central Cambial Stem Cells (WOX4+),0.351817802176394,0,32,14,10,5,19,5,46,21,29,18,2,3,1,24,27,10,3,3.4965075614664802,2.70805020110221,2.3978952727983707,1.791759469228055,2.995732273553991,1.791759469228055,3.8501476017100584,3.091042453358316,3.4011973816621555,2.9444389791664403,1.0986122886681096,1.3862943611198906,0.6931471805599453,3.2188758248682006,3.332204510175204,2.3978952727983707,1.3862943611198906
Cell_0036,15-Year (Juvenile),15,Central Cambial Stem Cells (WOX4+),0.28080357494218566,3,48,12,12,2,18,12,40,16,41,9,1,3,2,35,24,14,3,3.8918202981106265,2.5649493574615367,2.5649493574615367,1.0986122886681096,2.9444389791664403,2.5649493574615367,3.713572066704308,2.833213344056216,3.7376696182833684,2.302585092994046,0.6931471805599453,1.3862943611198906,1.0986122886681096,3.58351893845611,3.2188758248682006,2.70805020110221,1.3862943611198906
Cell_0037,15-Year (Juvenile),15,Central Cambial Stem Cells (WOX4+),0.11865218156610899,0,19,26,8,6,9,8,29,36,37,14,2,1,5,43,24,21,2,2.995732273553991,3.295836866004329,2.1972245773362196,1.9459101490553132,2.302585092994046,2.1972245773362196,3.4011973816621555,3.6109179126442243,3.6375861597263857,2.70805020110221,1.0986122886681096,0.6931471805599453,1.791759469228055,3.784189633918261,3.2188758248682006,3.091042453358316,1.0986122886681096
Cell_0038,15-Year (Juvenile),15,Central Cambial Stem Cells (WOX4+),0.07729628193653146,2,40,29,23,6,26,6,39,23,48,16,7,2,2,18,22,11,7,3.713572066704308,3.4011973816621555,3.1780538303479458,1.9459101490553132,3.295836866004329,1.9459101490553132,3.6888794541139363,3.1780538303479458,3.8918202981106265,2.833213344056216,2.0794415416798357,1.0986122886681096,1.0986122886681096,2.9444389791664403,3.1354942159291497,2.4849066497880004,2.0794415416798357
Cell_0039,15-Year (Juvenile),15,Central Cambial Stem Cells (WOX4+),0.26290375964472174,2,48,15,10,5,10,4,29,22,43,2,8,1,1,10,17,11,5,3.8918202981106265,2.772588722239781,2.3978952727983707,1.791759469228055,2.3978952727983707,1.6094379124341003,3.4011973816621555,3.1354942159291497,3.784189633918261,1.0986122886681096,2.1972245773362196,0.6931471805599453,0.6931471805599453,2.3978952727983707,2.8903717578961645,2.4849066497880004,1.791759469228055
Cell_0040,15-Year (Juvenile),15,Central Cambial Stem Cells (WOX4+),0.4116625090264669,2,33,21,12,8,16,7,21,36,35,13,5,1,3,7,34,12,3,3.5263605246161616,3.091042453358316,2.5649493574615367,2.1972245773362196,2.833213344056216,2.0794415416798357,3.091042453358316,3.6109179126442243,3.58351893845611,2.639057329615259,1.791759469228055,0.6931471805599453,1.3862943611198906,2.0794415416798357,3.5553480614894135,2.5649493574615367,1.3862943611198906
Cell_0041,15-Year (Juvenile),15,Central Cambial Stem Cells (WOX4+),0.14566398380432513,2,46,23,8,5,12,11,8,18,28,15,0,7,2,19,14,6,7,3.8501476017100584,3.1780538303479458,2.1972245773362196,1.791759469228055,2.5649493574615367,2.4849066497880004,2.1972245773362196,2.9444389791664403,3.367295829986474,2.772588722239781,0.0,2.0794415416798357,1.0986122886681096,2.995732273553991,2.70805020110221,1.9459101490553132,2.0794415416798357
Cell_0042,15-Year (Juvenile),15,Central Cambial Stem Cells (WOX4+),0.6541251621819022,0,31,20,21,2,12,14,29,27,25,25,4,1,8,20,25,9,8,3.4657359027997265,3.044522437723423,3.091042453358316,1.0986122886681096,2.5649493574615367,2.70805020110221,3.4011973816621555,3.332204510175204,3.258096538021482,3.258096538021482,1.6094379124341003,0.6931471805599453,2.1972245773362196,3.044522437723423,3.258096538021482,2.302585092994046,2.1972245773362196
Cell_0043,15-Year (Juvenile),15,Central Cambial Stem Cells (WOX4+),0.19932075640576954,5,40,34,11,6,20,2,28,27,62,10,0,0,3,17,6,12,3,3.713572066704308,3.5553480614894135,2.4849066497880004,1.9459101490553132,3.044522437723423,1.0986122886681096,3.367295829986474,3.332204510175204,4.143134726391533,2.3978952727983707,0.0,0.0,1.3862943611198906,2.8903717578961645,1.9459101490553132,2.5649493574615367,1.3862943611198906
Cell_0044,15-Year (Juvenile),15,Central Cambial Stem Cells (WOX4+),0.42594185411594543,2,32,28,5,3,6,5,31,20,50,6,3,0,4,23,27,15,7,3.4965075614664802,3.367295829986474,1.791759469228055,1.3862943611198906,1.9459101490553132,1.791759469228055,3.4657359027997265,3.044522437723423,3.9318256327243257,1.9459101490553132,1.3862943611198906,0.0,1.6094379124341003,3.1780538303479458,3.332204510175204,2.772588722239781,2.0794415416798357
Cell_0045,15-Year (Juvenile),15,Central Cambial Stem Cells (WOX4+),0.28945394130583435,0,46,27,4,6,8,10,28,19,47,10,3,3,2,17,15,12,1,3.8501476017100584,3.332204510175204,1.6094379124341003,1.9459101490553132,2.1972245773362196,2.3978952727983707,3.367295829986474,2.995732273553991,3.8712010109078907,2.3978952727983707,1.3862943611198906,1.3862943611198906,1.0986122886681096,2.8903717578961645,2.772588722239781,2.5649493574615367,0.6931471805599453
Cell_0046,15-Year (Juvenile),15,Central Cambial Stem Cells (WOX4+),0.3069503071879059,0,42,32,13,10,20,4,22,18,51,11,6,9,1,22,40,13,4,3.7612001156935624,3.4965075614664802,2.639057329615259,2.3978952727983707,3.044522437723423,1.6094379124341003,3.1354942159291497,2.9444389791664403,3.9512437185814275,2.4849066497880004,1.9459101490553132,2.302585092994046,0.6931471805599453,3.1354942159291497,3.713572066704308,2.639057329615259,1.6094379124341003
Cell_0047,15-Year (Juvenile),15,Central Cambial Stem Cells (WOX4+),0.13463116232786695,1,34,17,13,7,13,12,26,26,50,10,0,2,1,19,14,16,8,3.5553480614894135,2.8903717578961645,2.639057329615259,2.0794415416798357,2.639057329615259,2.5649493574615367,3.295836866004329,3.295836866004329,3.9318256327243257,2.3978952727983707,0.0,1.0986122886681096,0.6931471805599453,2.995732273553991,2.70805020110221,2.833213344056216,2.1972245773362196
Cell_0048,15-Year (Juvenile),15,Central Cambial Stem Cells (WOX4+),0.3262327664787708,2,27,37,11,3,21,13,26,22,51,22,1,4,1,16,15,22,2,3.332204510175204,3.6375861597263857,2.4849066497880004,1.3862943611198906,3.091042453358316,2.639057329615259,3.295836866004329,3.1354942159291497,3.9512437185814275,3.1354942159291497,0.6931471805599453,1.6094379124341003,0.6931471805599453,2.833213344056216,2.772588722239781,3.1354942159291497,1.0986122886681096
Cell_0049,15-Year (Juvenile),15,Central Cambial Stem Cells (WOX4+),0.36562547385577443,0,33,14,26,2,10,10,9,18,38,10,5,3,2,31,27,10,12,3.5263605246161616,2.70805020110221,3.295836866004329,1.0986122886681096,2.3978952727983707,2.3978952727983707,2.302585092994046,2.9444389791664403,3.6635616461296463,2.3978952727983707,1.791759469228055,1.3862943611198906,1.0986122886681096,3.4657359027997265,3.332204510175204,2.3978952727983707,2.5649493574615367
Cell_0050,15-Year (Juvenile),15,Central Cambial Stem Cells (WOX4+),0.221250373112057,3,18,29,5,4,12,5,33,19,61,12,1,1,5,26,29,4,1,2.9444389791664403,3.4011973816621555,1.791759469228055,1.6094379124341003,2.5649493574615367,1.791759469228055,3.5263605246161616,2.995732273553991,4.127134385045092,2.5649493574615367,0.6931471805599453,0.6931471805599453,1.791759469228055,3.295836866004329,3.4011973816621555,1.6094379124341003,0.6931471805599453
Cell_0051,15-Year (Juvenile),15,Central Cambial Stem Cells (WOX4+),0.1673332476276845,2,48,15,23,6,22,11,23,32,27,12,9,0,4,21,17,14,4,3.8918202981106265,2.772588722239781,3.1780538303479458,1.9459101490553132,3.1354942159291497,2.4849066497880004,3.1780538303479458,3.4965075614664802,3.332204510175204,2.5649493574615367,2.302585092994046,0.0,1.6094379124341003,3.091042453358316,2.8903717578961645,2.70805020110221,1.6094379124341003
Cell_0052,15-Year (Juvenile),15,Central Cambial Stem Cells (WOX4+),0.2668054470298026,2,47,18,12,5,9,8,28,30,16,16,1,3,1,21,28,34,9,3.8712010109078907,2.9444389791664403,2.5649493574615367,1.791759469228055,2.302585092994046,2.1972245773362196,3.367295829986474,3.4339872044851463,2.833213344056216,2.833213344056216,0.6931471805599453,1.3862943611198906,0.6931471805599453,3.091042453358316,3.367295829986474,3.5553480614894135,2.302585092994046
Cell_0053,15-Year (Juvenile),15,Central Cambial Stem Cells (WOX4+),0.08351363713535803,2,22,25,13,4,10,20,29,23,36,5,8,5,2,12,18,23,0,3.1354942159291497,3.258096538021482,2.639057329615259,1.6094379124341003,2.3978952727983707,3.044522437723423,3.4011973816621555,3.1780538303479458,3.6109179126442243,1.791759469228055,2.1972245773362196,1.791759469228055,1.0986122886681096,2.5649493574615367,2.9444389791664403,3.1780538303479458,0.0
Cell_0054,15-Year (Juvenile),15,Central Cambial Stem Cells (WOX4+),0.0639371937295875,1,34,28,14,5,17,9,20,30,40,15,4,3,6,28,39,8,2,3.5553480614894135,3.367295829986474,2.70805020110221,1.791759469228055,2.8903717578961645,2.302585092994046,3.044522437723423,3.4339872044851463,3.713572066704308,2.772588722239781,1.6094379124341003,1.3862943611198906,1.9459101490553132,3.367295829986474,3.6888794541139363,2.1972245773362196,1.0986122886681096
Cell_0055,15-Year (Juvenile),15,Central Cambial Stem Cells (WOX4+),0.3029022241265209,2,34,25,6,7,25,13,33,17,47,11,7,4,1,17,23,7,8,3.5553480614894135,3.258096538021482,1.9459101490553132,2.0794415416798357,3.258096538021482,2.639057329615259,3.5263605246161616,2.8903717578961645,3.8712010109078907,2.4849066497880004,2.0794415416798357,1.6094379124341003,0.6931471805599453,2.8903717578961645,3.1780538303479458,2.0794415416798357,2.1972245773362196
Cell_0056,15-Year (Juvenile),15,Central Cambial Stem Cells (WOX4+),0.2005798160024622,1,44,38,5,3,11,6,32,16,39,12,2,1,2,27,22,22,4,3.8066624897703196,3.6635616461296463,1.791759469228055,1.3862943611198906,2.4849066497880004,1.9459101490553132,3.4965075614664802,2.833213344056216,3.6888794541139363,2.5649493574615367,1.0986122886681096,0.6931471805599453,1.0986122886681096,3.332204510175204,3.1354942159291497,3.1354942159291497,1.6094379124341003
Cell_0057,15-Year (Juvenile),15,Central Cambial Stem Cells (WOX4+),0.04627559034056213,2,24,15,11,5,25,14,18,26,27,19,4,3,5,30,27,16,2,3.2188758248682006,2.772588722239781,2.4849066497880004,1.791759469228055,3.258096538021482,2.70805020110221,2.9444389791664403,3.295836866004329,3.332204510175204,2.995732273553991,1.6094379124341003,1.3862943611198906,1.791759469228055,3.4339872044851463,3.332204510175204,2.833213344056216,1.0986122886681096
Cell_0058,15-Year (Juvenile),15,Central Cambial Stem Cells (WOX4+),0.07613392321092376,2,37,33,4,5,27,6,35,22,39,9,1,3,5,17,16,24,4,3.6375861597263857,3.5263605246161616,1.6094379124341003,1.791759469228055,3.332204510175204,1.9459101490553132,3.58351893845611,3.1354942159291497,3.6888794541139363,2.302585092994046,0.6931471805599453,1.3862943611198906,1.791759469228055,2.8903717578961645,2.833213344056216,3.2188758248682006,1.6094379124341003
Cell_0059,15-Year (Juvenile),15,Central Cambial Stem Cells (WOX4+),0.26534066495657466,1,34,41,14,1,15,8,27,20,41,14,7,3,1,16,14,16,7,3.5553480614894135,3.7376696182833684,2.70805020110221,0.6931471805599453,2.772588722239781,2.1972245773362196,3.332204510175204,3.044522437723423,3.7376696182833684,2.70805020110221,2.0794415416798357,1.3862943611198906,0.6931471805599453,2.833213344056216,2.70805020110221,2.833213344056216,2.0794415416798357
Cell_0060,15-Year (Juvenile),15,Central Cambial Stem Cells (WOX4+),0.25772690906647683,2,39,21,13,5,13,7,28,23,51,15,3,1,6,19,12,14,2,3.6888794541139363,3.091042453358316,2.639057329615259,1.791759469228055,2.639057329615259,2.0794415416798357,3.367295829986474,3.1780538303479458,3.9512437185814275,2.772588722239781,1.3862943611198906,0.6931471805599453,1.9459101490553132,2.995732273553991,2.5649493574615367,2.70805020110221,1.0986122886681096
Cell_0061,15-Year (Juvenile),15,Central Cambial Stem Cells (WOX4+),0.21584310250192093,1,26,33,14,6,10,11,27,15,28,9,5,1,7,9,17,23,5,3.295836866004329,3.5263605246161616,2.70805020110221,1.9459101490553132,2.3978952727983707,2.4849066497880004,3.332204510175204,2.772588722239781,3.367295829986474,2.302585092994046,1.791759469228055,0.6931471805599453,2.0794415416798357,2.302585092994046,2.8903717578961645,3.1780538303479458,1.791759469228055
Cell_0062,15-Year (Juvenile),15,Central Cambial Stem Cells (WOX4+),0.037640402810499775,1,28,29,11,0,22,10,19,21,33,21,5,1,4,18,17,11,4,3.367295829986474,3.4011973816621555,2.4849066497880004,0.0,3.1354942159291497,2.3978952727983707,2.995732273553991,3.091042453358316,3.5263605246161616,3.091042453358316,1.791759469228055,0.6931471805599453,1.6094379124341003,2.9444389791664403,2.8903717578961645,2.4849066497880004,1.6094379124341003
Cell_0063,15-Year (Juvenile),15,Central Cambial Stem Cells (WOX4+),0.25672356364746174,3,56,10,9,2,19,5,31,18,43,8,4,2,4,15,24,27,3,4.04305126783455,2.3978952727983707,2.302585092994046,1.0986122886681096,2.995732273553991,1.791759469228055,3.4657359027997265,2.9444389791664403,3.784189633918261,2.1972245773362196,1.6094379124341003,1.0986122886681096,1.6094379124341003,2.772588722239781,3.2188758248682006,3.332204510175204,1.3862943611198906
Cell_0064,15-Year (Juvenile),15,Central Cambial Stem Cells (WOX4+),0.1558370257482694,2,42,34,7,5,12,17,26,18,42,12,8,1,2,40,9,28,6,3.7612001156935624,3.5553480614894135,2.0794415416798357,1.791759469228055,2.5649493574615367,2.8903717578961645,3.295836866004329,2.9444389791664403,3.7612001156935624,2.5649493574615367,2.1972245773362196,0.6931471805599453,1.0986122886681096,3.713572066704308,2.302585092994046,3.367295829986474,1.9459101490553132
Cell_0065,15-Year (Juvenile),15,Central Cambial Stem Cells (WOX4+),0.13532119126739525,3,32,15,13,12,7,20,22,35,43,8,6,2,2,29,20,18,10,3.4965075614664802,2.772588722239781,2.639057329615259,2.5649493574615367,2.0794415416798357,3.044522437723423,3.1354942159291497,3.58351893845611,3.784189633918261,2.1972245773362196,1.9459101490553132,1.0986122886681096,1.0986122886681096,3.4011973816621555,3.044522437723423,2.9444389791664403,2.3978952727983707
Cell_0066,15-Year (Juvenile),15,Central Cambial Stem Cells (WOX4+),0.07099366647496597,1,19,17,18,6,17,4,18,18,27,19,3,7,3,17,16,13,2,2.995732273553991,2.8903717578961645,2.9444389791664403,1.9459101490553132,2.8903717578961645,1.6094379124341003,2.9444389791664403,2.9444389791664403,3.332204510175204,2.995732273553991,1.3862943611198906,2.0794415416798357,1.3862943611198906,2.8903717578961645,2.833213344056216,2.639057329615259,1.0986122886681096
Cell_0067,15-Year (Juvenile),15,Central Cambial Stem Cells (WOX4+),0.6214441720527798,3,30,33,7,5,9,22,17,18,59,9,3,4,8,13,32,18,4,3.4339872044851463,3.5263605246161616,2.0794415416798357,1.791759469228055,2.302585092994046,3.1354942159291497,2.8903717578961645,2.9444389791664403,4.0943445622221,2.302585092994046,1.3862943611198906,1.6094379124341003,2.1972245773362196,2.639057329615259,3.4965075614664802,2.9444389791664403,1.6094379124341003
Cell_0068,15-Year (Juvenile),15,Central Cambial Stem Cells (WOX4+),0.4900905908594018,2,18,23,9,4,6,5,37,14,30,22,0,2,4,49,10,11,1,2.9444389791664403,3.1780538303479458,2.302585092994046,1.6094379124341003,1.9459101490553132,1.791759469228055,3.6375861597263857,2.70805020110221,3.4339872044851463,3.1354942159291497,0.0,1.0986122886681096,1.6094379124341003,3.912023005428146,2.3978952727983707,2.4849066497880004,0.6931471805599453
Cell_0069,15-Year (Juvenile),15,Central Cambial Stem Cells (WOX4+),0.33141215976312094,2,46,13,11,5,17,7,42,18,26,15,3,3,4,15,23,9,3,3.8501476017100584,2.639057329615259,2.4849066497880004,1.791759469228055,2.8903717578961645,2.0794415416798357,3.7612001156935624,2.9444389791664403,3.295836866004329,2.772588722239781,1.3862943611198906,1.3862943611198906,1.6094379124341003,2.772588722239781,3.1780538303479458,2.302585092994046,1.3862943611198906
Cell_0070,15-Year (Juvenile),15,Central Cambial Stem Cells (WOX4+),0.452720349509868,3,28,19,12,4,13,3,19,30,50,12,3,4,7,17,27,23,3,3.367295829986474,2.995732273553991,2.5649493574615367,1.6094379124341003,2.639057329615259,1.3862943611198906,2.995732273553991,3.4339872044851463,3.9318256327243257,2.5649493574615367,1.3862943611198906,1.6094379124341003,2.0794415416798357,2.8903717578961645,3.332204510175204,3.1780538303479458,1.3862943611198906
Cell_0071,15-Year (Juvenile),15,Central Cambial Stem Cells (WOX4+),0.30456663224641795,1,23,28,16,2,16,8,29,34,25,19,0,2,4,20,16,13,8,3.1780538303479458,3.367295829986474,2.833213344056216,1.0986122886681096,2.833213344056216,2.1972245773362196,3.4011973816621555,3.5553480614894135,3.258096538021482,2.995732273553991,0.0,1.0986122886681096,1.6094379124341003,3.044522437723423,2.833213344056216,2.639057329615259,2.1972245773362196
Cell_0072,15-Year (Juvenile),15,Central Cambial Stem Cells (WOX4+),0.17339610875541672,2,33,27,11,6,13,20,27,34,34,14,2,2,5,14,15,14,9,3.5263605246161616,3.332204510175204,2.4849066497880004,1.9459101490553132,2.639057329615259,3.044522437723423,3.332204510175204,3.5553480614894135,3.5553480614894135,2.70805020110221,1.0986122886681096,1.0986122886681096,1.791759469228055,2.70805020110221,2.772588722239781,2.70805020110221,2.302585092994046
Cell_0073,15-Year (Juvenile),15,Central Cambial Stem Cells (WOX4+),0.16808915464506044,3,26,32,12,8,9,9,25,38,53,14,8,1,3,19,17,15,8,3.295836866004329,3.4965075614664802,2.5649493574615367,2.1972245773362196,2.302585092994046,2.302585092994046,3.258096538021482,3.6635616461296463,3.9889840465642745,2.70805020110221,2.1972245773362196,0.6931471805599453,1.3862943611198906,2.995732273553991,2.8903717578961645,2.772588722239781,2.1972245773362196
Cell_0074,15-Year (Juvenile),15,Central Cambial Stem Cells (WOX4+),0.012757885438009894,2,16,15,11,2,20,12,39,24,39,12,0,7,2,29,28,9,5,2.833213344056216,2.772588722239781,2.4849066497880004,1.0986122886681096,3.044522437723423,2.5649493574615367,3.6888794541139363,3.2188758248682006,3.6888794541139363,2.5649493574615367,0.0,2.0794415416798357,1.0986122886681096,3.4011973816621555,3.367295829986474,2.302585092994046,1.791759469228055
Cell_0075,15-Year (Juvenile),15,Central Cambial Stem Cells (WOX4+),0.5827004842399088,2,31,20,18,5,13,13,22,23,26,11,2,5,7,16,29,19,3,3.4657359027997265,3.044522437723423,2.9444389791664403,1.791759469228055,2.639057329615259,2.639057329615259,3.1354942159291497,3.1780538303479458,3.295836866004329,2.4849066497880004,1.0986122886681096,1.791759469228055,2.0794415416798357,2.833213344056216,3.4011973816621555,2.995732273553991,1.3862943611198906
Cell_0076,15-Year (Juvenile),15,Central Cambial Stem Cells (WOX4+),0.1090300819510603,1,35,31,16,6,8,12,26,34,37,22,7,1,4,13,19,22,5,3.58351893845611,3.4657359027997265,2.833213344056216,1.9459101490553132,2.1972245773362196,2.5649493574615367,3.295836866004329,3.5553480614894135,3.6375861597263857,3.1354942159291497,2.0794415416798357,0.6931471805599453,1.6094379124341003,2.639057329615259,2.995732273553991,3.1354942159291497,1.791759469228055
Cell_0077,15-Year (Juvenile),15,Central Cambial Stem Cells (WOX4+),0.05293529425039676,2,40,28,11,5,6,8,19,20,33,20,8,1,0,14,32,18,4,3.713572066704308,3.367295829986474,2.4849066497880004,1.791759469228055,1.9459101490553132,2.1972245773362196,2.995732273553991,3.044522437723423,3.5263605246161616,3.044522437723423,2.1972245773362196,0.6931471805599453,0.0,2.70805020110221,3.4965075614664802,2.9444389791664403,1.6094379124341003
Cell_0078,15-Year (Juvenile),15,Central Cambial Stem Cells (WOX4+),0.0499779861143013,4,19,21,11,1,25,18,20,21,33,16,0,2,5,25,29,6,7,2.995732273553991,3.091042453358316,2.4849066497880004,0.6931471805599453,3.258096538021482,2.9444389791664403,3.044522437723423,3.091042453358316,3.5263605246161616,2.833213344056216,0.0,1.0986122886681096,1.791759469228055,3.258096538021482,3.4011973816621555,1.9459101490553132,2.0794415416798357
Cell_0079,15-Year (Juvenile),15,Central Cambial Stem Cells (WOX4+),0.12072542760873749,3,44,10,8,3,9,12,27,18,34,23,1,6,3,25,11,26,4,3.8066624897703196,2.3978952727983707,2.1972245773362196,1.3862943611198906,2.302585092994046,2.5649493574615367,3.332204510175204,2.9444389791664403,3.5553480614894135,3.1780538303479458,0.6931471805599453,1.9459101490553132,1.3862943611198906,3.258096538021482,2.4849066497880004,3.295836866004329,1.6094379124341003
Cell_0080,15-Year (Juvenile),15,Central Cambial Stem Cells (WOX4+),0.2764906015614218,1,44,26,8,6,5,2,21,15,32,10,8,0,2,17,23,4,5,3.8066624897703196,3.295836866004329,2.1972245773362196,1.9459101490553132,1.791759469228055,1.0986122886681096,3.091042453358316,2.772588722239781,3.4965075614664802,2.3978952727983707,2.1972245773362196,0.0,1.0986122886681096,2.8903717578961645,3.1780538303479458,1.6094379124341003,1.791759469228055
Cell_0081,15-Year (Juvenile),15,Central Cambial Stem Cells (WOX4+),0.39432661597310076,2,39,21,4,4,15,21,33,9,63,10,0,4,2,17,20,26,8,3.6888794541139363,3.091042453358316,1.6094379124341003,1.6094379124341003,2.772588722239781,3.091042453358316,3.5263605246161616,2.302585092994046,4.1588830833596715,2.3978952727983707,0.0,1.6094379124341003,1.0986122886681096,2.8903717578961645,3.044522437723423,3.295836866004329,2.1972245773362196
Cell_0082,15-Year (Juvenile),15,Central Cambial Stem Cells (WOX4+),0.3007790193226362,1,27,32,10,9,7,15,21,23,23,19,5,3,7,13,14,17,2,3.332204510175204,3.4965075614664802,2.3978952727983707,2.302585092994046,2.0794415416798357,2.772588722239781,3.091042453358316,3.1780538303479458,3.1780538303479458,2.995732273553991,1.791759469228055,1.3862943611198906,2.0794415416798357,2.639057329615259,2.70805020110221,2.8903717578961645,1.0986122886681096
Cell_0083,15-Year (Juvenile),15,Central Cambial Stem Cells (WOX4+),0.1226208782421966,1,40,40,5,6,15,4,25,18,33,18,3,5,7,26,17,11,5,3.713572066704308,3.713572066704308,1.791759469228055,1.9459101490553132,2.772588722239781,1.6094379124341003,3.258096538021482,2.9444389791664403,3.5263605246161616,2.9444389791664403,1.3862943611198906,1.791759469228055,2.0794415416798357,3.295836866004329,2.8903717578961645,2.4849066497880004,1.791759469228055
Cell_0084,15-Year (Juvenile),15,Central Cambial Stem Cells (WOX4+),0.17755130148551562,1,34,40,4,2,4,6,30,47,60,7,4,5,2,17,38,15,4,3.5553480614894135,3.713572066704308,1.6094379124341003,1.0986122886681096,1.6094379124341003,1.9459101490553132,3.4339872044851463,3.8712010109078907,4.110873864173311,2.0794415416798357,1.6094379124341003,1.791759469228055,1.0986122886681096,2.8903717578961645,3.6635616461296463,2.772588722239781,1.6094379124341003
Cell_0085,15-Year (Juvenile),15,Central Cambial Stem Cells (WOX4+),0.06906103974740704,2,21,19,6,9,22,8,14,27,25,14,2,5,4,33,22,11,7,3.091042453358316,2.995732273553991,1.9459101490553132,2.302585092994046,3.1354942159291497,2.1972245773362196,2.70805020110221,3.332204510175204,3.258096538021482,2.70805020110221,1.0986122886681096,1.791759469228055,1.6094379124341003,3.5263605246161616,3.1354942159291497,2.4849066497880004,2.0794415416798357
Cell_0086,15-Year (Juvenile),15,Central Cambial Stem Cells (WOX4+),0.11271863801696305,1,17,33,9,4,9,13,29,26,40,9,2,7,5,43,15,19,1,2.8903717578961645,3.5263605246161616,2.302585092994046,1.6094379124341003,2.302585092994046,2.639057329615259,3.4011973816621555,3.295836866004329,3.713572066704308,2.302585092994046,1.0986122886681096,2.0794415416798357,1.791759469228055,3.784189633918261,2.772588722239781,2.995732273553991,0.6931471805599453
Cell_0087,15-Year (Juvenile),15,Central Cambial Stem Cells (WOX4+),0.1070685365787838,3,65,19,9,5,19,6,29,23,66,15,4,0,2,11,24,8,5,4.189654742026425,2.995732273553991,2.302585092994046,1.791759469228055,2.995732273553991,1.9459101490553132,3.4011973816621555,3.1780538303479458,4.204692619390966,2.772588722239781,1.6094379124341003,0.0,1.0986122886681096,2.4849066497880004,3.2188758248682006,2.1972245773362196,1.791759469228055
Cell_0088,15-Year (Juvenile),15,Central Cambial Stem Cells (WOX4+),0.24231082341015484,2,35,24,6,0,12,7,15,20,55,17,1,3,4,28,18,14,2,3.58351893845611,3.2188758248682006,1.9459101490553132,0.0,2.5649493574615367,2.0794415416798357,2.772588722239781,3.044522437723423,4.02535169073515,2.8903717578961645,0.6931471805599453,1.3862943611198906,1.6094379124341003,3.367295829986474,2.9444389791664403,2.70805020110221,1.0986122886681096
Cell_0089,15-Year (Juvenile),15,Central Cambial Stem Cells (WOX4+),0.27800392219590536,0,28,9,14,2,8,10,18,18,37,23,1,5,4,26,20,16,10,3.367295829986474,2.302585092994046,2.70805020110221,1.0986122886681096,2.1972245773362196,2.3978952727983707,2.9444389791664403,2.9444389791664403,3.6375861597263857,3.1780538303479458,0.6931471805599453,1.791759469228055,1.6094379124341003,3.295836866004329,3.044522437723423,2.833213344056216,2.3978952727983707
Cell_0090,15-Year (Juvenile),15,Central Cambial Stem Cells (WOX4+),0.3007200627250595,4,30,39,20,9,12,4,23,45,28,14,3,4,0,28,14,19,2,3.4339872044851463,3.6888794541139363,3.044522437723423,2.302585092994046,2.5649493574615367,1.6094379124341003,3.1780538303479458,3.828641396489095,3.367295829986474,2.70805020110221,1.3862943611198906,1.6094379124341003,0.0,3.367295829986474,2.70805020110221,2.995732273553991,1.0986122886681096
Cell_0091,15-Year (Juvenile),15,Central Cambial Stem Cells (WOX4+),0.1297057406110728,1,24,28,7,5,24,6,22,27,34,31,2,0,5,22,24,17,5,3.2188758248682006,3.367295829986474,2.0794415416798357,1.791759469228055,3.2188758248682006,1.9459101490553132,3.1354942159291497,3.332204510175204,3.5553480614894135,3.4657359027997265,1.0986122886681096,0.0,1.791759469228055,3.1354942159291497,3.2188758248682006,2.8903717578961645,1.791759469228055
Cell_0092,15-Year (Juvenile),15,Central Cambial Stem Cells (WOX4+),0.4810808391267622,5,39,32,2,8,14,8,20,27,28,13,3,1,3,29,27,13,17,3.6888794541139363,3.4965075614664802,1.0986122886681096,2.1972245773362196,2.70805020110221,2.1972245773362196,3.044522437723423,3.332204510175204,3.367295829986474,2.639057329615259,1.3862943611198906,0.6931471805599453,1.3862943611198906,3.4011973816621555,3.332204510175204,2.639057329615259,2.8903717578961645
Cell_0093,15-Year (Juvenile),15,Central Cambial Stem Cells (WOX4+),0.13484694057266003,2,37,39,5,6,17,3,22,18,34,10,7,4,0,24,29,10,9,3.6375861597263857,3.6888794541139363,1.791759469228055,1.9459101490553132,2.8903717578961645,1.3862943611198906,3.1354942159291497,2.9444389791664403,3.5553480614894135,2.3978952727983707,2.0794415416798357,1.6094379124341003,0.0,3.2188758248682006,3.4011973816621555,2.3978952727983707,2.302585092994046
Cell_0094,15-Year (Juvenile),15,Central Cambial Stem Cells (WOX4+),0.2817671693887786,5,27,36,8,2,16,13,25,27,24,17,1,2,6,34,17,24,7,3.332204510175204,3.6109179126442243,2.1972245773362196,1.0986122886681096,2.833213344056216,2.639057329615259,3.258096538021482,3.332204510175204,3.2188758248682006,2.8903717578961645,0.6931471805599453,1.0986122886681096,1.9459101490553132,3.5553480614894135,2.8903717578961645,3.2188758248682006,2.0794415416798357
Cell_0095,15-Year (Juvenile),15,Central Cambial Stem Cells (WOX4+),0.17234177850662002,0,57,32,9,5,24,6,23,9,70,14,5,1,4,30,31,13,2,4.060443010546419,3.4965075614664802,2.302585092994046,1.791759469228055,3.2188758248682006,1.9459101490553132,3.1780538303479458,2.302585092994046,4.2626798770413155,2.70805020110221,1.791759469228055,0.6931471805599453,1.6094379124341003,3.4339872044851463,3.4657359027997265,2.639057329615259,1.0986122886681096
Cell_0096,15-Year (Juvenile),15,Central Cambial Stem Cells (WOX4+),0.0352756279783277,3,29,20,10,11,15,17,24,13,32,13,5,0,2,37,31,18,4,3.4011973816621555,3.044522437723423,2.3978952727983707,2.4849066497880004,2.772588722239781,2.8903717578961645,3.2188758248682006,2.639057329615259,3.4965075614664802,2.639057329615259,1.791759469228055,0.0,1.0986122886681096,3.6375861597263857,3.4657359027997265,2.9444389791664403,1.6094379124341003
Cell_0097,15-Year (Juvenile),15,Central Cambial Stem Cells (WOX4+),0.20579019782110156,1,28,19,21,6,21,7,29,33,48,23,1,3,3,17,17,6,5,3.367295829986474,2.995732273553991,3.091042453358316,1.9459101490553132,3.091042453358316,2.0794415416798357,3.4011973816621555,3.5263605246161616,3.8918202981106265,3.1780538303479458,0.6931471805599453,1.3862943611198906,1.3862943611198906,2.8903717578961645,2.8903717578961645,1.9459101490553132,1.791759469228055
Cell_0098,15-Year (Juvenile),15,Central Cambial Stem Cells (WOX4+),0.18179880016457356,1,59,17,13,4,24,10,37,23,48,6,2,2,4,20,23,26,5,4.0943445622221,2.8903717578961645,2.639057329615259,1.6094379124341003,3.2188758248682006,2.3978952727983707,3.6375861597263857,3.1780538303479458,3.8918202981106265,1.9459101490553132,1.0986122886681096,1.0986122886681096,1.6094379124341003,3.044522437723423,3.1780538303479458,3.295836866004329,1.791759469228055
Cell_0099,15-Year (Juvenile),15,Central Cambial Stem Cells (WOX4+),0.1080092882719601,1,27,39,10,8,10,12,22,20,55,11,5,1,4,11,19,15,2,3.332204510175204,3.6888794541139363,2.3978952727983707,2.1972245773362196,2.3978952727983707,2.5649493574615367,3.1354942159291497,3.044522437723423,4.02535169073515,2.4849066497880004,1.791759469228055,0.6931471805599453,1.6094379124341003,2.4849066497880004,2.995732273553991,2.772588722239781,1.0986122886681096
Cell_0100,15-Year (Juvenile),15,Central Cambial Stem Cells (WOX4+),0.2876870265458636,2,35,43,13,3,20,11,46,17,33,14,9,6,7,22,34,33,8,3.58351893845611,3.784189633918261,2.639057329615259,1.3862943611198906,3.044522437723423,2.4849066497880004,3.8501476017100584,2.8903717578961645,3.5263605246161616,2.70805020110221,2.302585092994046,1.9459101490553132,2.0794415416798357,3.1354942159291497,3.5553480614894135,3.5263605246161616,2.1972245773362196
Cell_0101,15-Year (Juvenile),15,Central Cambial Stem Cells (WOX4+),0.3196036739514525,3,44,13,11,2,7,14,15,20,37,17,4,5,1,32,26,14,6,3.8066624897703196,2.639057329615259,2.4849066497880004,1.0986122886681096,2.0794415416798357,2.70805020110221,2.772588722239781,3.044522437723423,3.6375861597263857,2.8903717578961645,1.6094379124341003,1.791759469228055,0.6931471805599453,3.4965075614664802,3.295836866004329,2.70805020110221,1.9459101490553132
Cell_0102,15-Year (Juvenile),15,Central Cambial Stem Cells (WOX4+),0.3034750132010386,3,40,17,11,9,17,12,34,17,28,12,3,3,4,24,16,16,6,3.713572066704308,2.8903717578961645,2.4849066497880004,2.302585092994046,2.8903717578961645,2.5649493574615367,3.5553480614894135,2.8903717578961645,3.367295829986474,2.5649493574615367,1.3862943611198906,1.3862943611198906,1.6094379124341003,3.2188758248682006,2.833213344056216,2.833213344056216,1.9459101490553132
Cell_0103,15-Year (Juvenile),15,Central Cambial Stem Cells (WOX4+),0.3582637379013761,1,46,14,8,6,12,12,31,23,21,9,7,3,2,18,12,6,7,3.8501476017100584,2.70805020110221,2.1972245773362196,1.9459101490553132,2.5649493574615367,2.5649493574615367,3.4657359027997265,3.1780538303479458,3.091042453358316,2.302585092994046,2.0794415416798357,1.3862943611198906,1.0986122886681096,2.9444389791664403,2.5649493574615367,1.9459101490553132,2.0794415416798357
Cell_0104,15-Year (Juvenile),15,Central Cambial Stem Cells (WOX4+),0.030218373632365108,2,45,24,14,12,14,9,31,13,38,16,3,7,0,23,6,6,3,3.828641396489095,3.2188758248682006,2.70805020110221,2.5649493574615367,2.70805020110221,2.302585092994046,3.4657359027997265,2.639057329615259,3.6635616461296463,2.833213344056216,1.3862943611198906,2.0794415416798357,0.0,3.1780538303479458,1.9459101490553132,1.9459101490553132,1.3862943611198906
Cell_0105,15-Year (Juvenile),15,Central Cambial Stem Cells (WOX4+),0.06834359942196867,3,41,18,8,4,16,15,24,35,61,29,8,3,6,32,18,15,5,3.7376696182833684,2.9444389791664403,2.1972245773362196,1.6094379124341003,2.833213344056216,2.772588722239781,3.2188758248682006,3.58351893845611,4.127134385045092,3.4011973816621555,2.1972245773362196,1.3862943611198906,1.9459101490553132,3.4965075614664802,2.9444389791664403,2.772588722239781,1.791759469228055
Cell_0106,15-Year (Juvenile),15,Central Cambial Stem Cells (WOX4+),0.16721694071715187,3,33,23,10,5,9,10,26,18,31,12,8,2,1,16,10,24,6,3.5263605246161616,3.1780538303479458,2.3978952727983707,1.791759469228055,2.302585092994046,2.3978952727983707,3.295836866004329,2.9444389791664403,3.4657359027997265,2.5649493574615367,2.1972245773362196,1.0986122886681096,0.6931471805599453,2.833213344056216,2.3978952727983707,3.2188758248682006,1.9459101490553132
Cell_0107,15-Year (Juvenile),15,Central Cambial Stem Cells (WOX4+),0.26498919657100367,1,36,25,9,4,18,5,28,25,47,9,2,2,3,30,34,20,5,3.6109179126442243,3.258096538021482,2.302585092994046,1.6094379124341003,2.9444389791664403,1.791759469228055,3.367295829986474,3.258096538021482,3.8712010109078907,2.302585092994046,1.0986122886681096,1.0986122886681096,1.3862943611198906,3.4339872044851463,3.5553480614894135,3.044522437723423,1.791759469228055
Cell_0108,15-Year (Juvenile),15,Central Cambial Stem Cells (WOX4+),0.16253040640381552,3,20,29,8,3,25,6,44,12,34,13,1,3,4,18,20,23,9,3.044522437723423,3.4011973816621555,2.1972245773362196,1.3862943611198906,3.258096538021482,1.9459101490553132,3.8066624897703196,2.5649493574615367,3.5553480614894135,2.639057329615259,0.6931471805599453,1.3862943611198906,1.6094379124341003,2.9444389791664403,3.044522437723423,3.1780538303479458,2.302585092994046
Cell_0109,15-Year (Juvenile),15,Central Cambial Stem Cells (WOX4+),0.5111489850822537,6,22,18,11,12,16,6,16,26,15,11,9,2,3,13,39,10,8,3.1354942159291497,2.9444389791664403,2.4849066497880004,2.5649493574615367,2.833213344056216,1.9459101490553132,2.833213344056216,3.295836866004329,2.772588722239781,2.4849066497880004,2.302585092994046,1.0986122886681096,1.3862943611198906,2.639057329615259,3.6888794541139363,2.3978952727983707,2.1972245773362196
Cell_0110,15-Year (Juvenile),15,Central Cambial Stem Cells (WOX4+),0.10464485528664307,4,45,26,11,3,13,9,41,23,17,22,3,1,2,6,34,6,4,3.828641396489095,3.295836866004329,2.4849066497880004,1.3862943611198906,2.639057329615259,2.302585092994046,3.7376696182833684,3.1780538303479458,2.8903717578961645,3.1354942159291497,1.3862943611198906,0.6931471805599453,1.0986122886681096,1.9459101490553132,3.5553480614894135,1.9459101490553132,1.6094379124341003
Cell_0111,15-Year (Juvenile),15,Central Cambial Stem Cells (WOX4+),0.7714135485700849,1,34,13,18,8,8,9,10,26,39,26,9,6,1,22,25,11,7,3.5553480614894135,2.639057329615259,2.9444389791664403,2.1972245773362196,2.1972245773362196,2.302585092994046,2.3978952727983707,3.295836866004329,3.6888794541139363,3.295836866004329,2.302585092994046,1.9459101490553132,0.6931471805599453,3.1354942159291497,3.258096538021482,2.4849066497880004,2.0794415416798357
Cell_0112,15-Year (Juvenile),15,Central Cambial Stem Cells (WOX4+),0.17027650785520743,3,28,20,11,5,7,6,24,6,34,14,9,3,4,44,17,11,10,3.367295829986474,3.044522437723423,2.4849066497880004,1.791759469228055,2.0794415416798357,1.9459101490553132,3.2188758248682006,1.9459101490553132,3.5553480614894135,2.70805020110221,2.302585092994046,1.3862943611198906,1.6094379124341003,3.8066624897703196,2.8903717578961645,2.4849066497880004,2.3978952727983707
Cell_0113,15-Year (Juvenile),15,Central Cambial Stem Cells (WOX4+),0.3586519963755165,4,34,29,10,9,17,8,44,25,26,18,3,1,0,13,22,28,5,3.5553480614894135,3.4011973816621555,2.3978952727983707,2.302585092994046,2.8903717578961645,2.1972245773362196,3.8066624897703196,3.258096538021482,3.295836866004329,2.9444389791664403,1.3862943611198906,0.6931471805599453,0.0,2.639057329615259,3.1354942159291497,3.367295829986474,1.791759469228055
Cell_0114,15-Year (Juvenile),15,Central Cambial Stem Cells (WOX4+),0.09659730575267347,1,48,35,20,3,14,7,20,12,40,10,2,4,3,39,27,18,6,3.8918202981106265,3.58351893845611,3.044522437723423,1.3862943611198906,2.70805020110221,2.0794415416798357,3.044522437723423,2.5649493574615367,3.713572066704308,2.3978952727983707,1.0986122886681096,1.6094379124341003,1.3862943611198906,3.6888794541139363,3.332204510175204,2.9444389791664403,1.9459101490553132
Cell_0115,15-Year (Juvenile),15,Central Cambial Stem Cells (WOX4+),0.4074166551466207,3,43,36,12,10,7,7,27,23,25,12,1,3,2,16,25,18,5,3.784189633918261,3.6109179126442243,2.5649493574615367,2.3978952727983707,2.0794415416798357,2.0794415416798357,3.332204510175204,3.1780538303479458,3.258096538021482,2.5649493574615367,0.6931471805599453,1.3862943611198906,1.0986122886681096,2.833213344056216,3.258096538021482,2.9444389791664403,1.791759469228055
Cell_0116,15-Year (Juvenile),15,Central Cambial Stem Cells (WOX4+),0.393457284066245,2,36,27,12,1,9,7,29,21,30,11,8,3,1,29,37,15,3,3.6109179126442243,3.332204510175204,2.5649493574615367,0.6931471805599453,2.302585092994046,2.0794415416798357,3.4011973816621555,3.091042453358316,3.4339872044851463,2.4849066497880004,2.1972245773362196,1.3862943611198906,0.6931471805599453,3.4011973816621555,3.6375861597263857,2.772588722239781,1.3862943611198906
Cell_0117,15-Year (Juvenile),15,Central Cambial Stem Cells (WOX4+),0.12300238830386143,3,43,43,19,3,23,4,16,9,38,27,5,2,2,29,14,14,3,3.784189633918261,3.784189633918261,2.995732273553991,1.3862943611198906,3.1780538303479458,1.6094379124341003,2.833213344056216,2.302585092994046,3.6635616461296463,3.332204510175204,1.791759469228055,1.0986122886681096,1.0986122886681096,3.4011973816621555,2.70805020110221,2.70805020110221,1.3862943611198906
Cell_0118,15-Year (Juvenile),15,Central Cambial Stem Cells (WOX4+),0.3801241045810413,2,46,33,6,8,23,11,20,22,38,18,7,2,2,11,10,15,2,3.8501476017100584,3.5263605246161616,1.9459101490553132,2.1972245773362196,3.1780538303479458,2.4849066497880004,3.044522437723423,3.1354942159291497,3.6635616461296463,2.9444389791664403,2.0794415416798357,1.0986122886681096,1.0986122886681096,2.4849066497880004,2.3978952727983707,2.772588722239781,1.0986122886681096
Cell_0119,15-Year (Juvenile),15,Central Cambial Stem Cells (WOX4+),0.09401243621099986,3,26,47,13,6,2,11,9,24,31,16,2,8,2,27,22,10,2,3.295836866004329,3.8712010109078907,2.639057329615259,1.9459101490553132,1.0986122886681096,2.4849066497880004,2.302585092994046,3.2188758248682006,3.4657359027997265,2.833213344056216,1.0986122886681096,2.1972245773362196,1.0986122886681096,3.332204510175204,3.1354942159291497,2.3978952727983707,1.0986122886681096
Cell_0120,15-Year (Juvenile),15,Central Cambial Stem Cells (WOX4+),0.12776094042574074,3,17,40,14,7,16,9,38,33,39,11,1,0,1,22,27,11,4,2.8903717578961645,3.713572066704308,2.70805020110221,2.0794415416798357,2.833213344056216,2.302585092994046,3.6635616461296463,3.5263605246161616,3.6888794541139363,2.4849066497880004,0.6931471805599453,0.0,0.6931471805599453,3.1354942159291497,3.332204510175204,2.4849066497880004,1.6094379124341003
Cell_0121,15-Year (Juvenile),15,Central Cambial Stem Cells (WOX4+),0.2952544171986326,0,22,32,15,7,15,7,16,19,52,5,1,0,2,9,16,17,6,3.1354942159291497,3.4965075614664802,2.772588722239781,2.0794415416798357,2.772588722239781,2.0794415416798357,2.833213344056216,2.995732273553991,3.970291913552122,1.791759469228055,0.6931471805599453,0.0,1.0986122886681096,2.302585092994046,2.833213344056216,2.8903717578961645,1.9459101490553132
Cell_0122,15-Year (Juvenile),15,Central Cambial Stem Cells (WOX4+),0.15530815096161468,2,40,34,14,6,23,6,24,26,32,11,7,3,2,42,13,11,3,3.713572066704308,3.5553480614894135,2.70805020110221,1.9459101490553132,3.1780538303479458,1.9459101490553132,3.2188758248682006,3.295836866004329,3.4965075614664802,2.4849066497880004,2.0794415416798357,1.3862943611198906,1.0986122886681096,3.7612001156935624,2.639057329615259,2.4849066497880004,1.3862943611198906
Cell_0123,15-Year (Juvenile),15,Central Cambial Stem Cells (WOX4+),0.2812193151965634,3,47,27,7,7,16,3,23,12,53,11,1,0,0,16,20,12,4,3.8712010109078907,3.332204510175204,2.0794415416798357,2.0794415416798357,2.833213344056216,1.3862943611198906,3.1780538303479458,2.5649493574615367,3.9889840465642745,2.4849066497880004,0.6931471805599453,0.0,0.0,2.833213344056216,3.044522437723423,2.5649493574615367,1.6094379124341003
Cell_0124,15-Year (Juvenile),15,Central Cambial Stem Cells (WOX4+),0.35890364327179886,2,35,45,19,10,15,13,46,22,35,12,4,2,1,33,15,23,4,3.58351893845611,3.828641396489095,2.995732273553991,2.3978952727983707,2.772588722239781,2.639057329615259,3.8501476017100584,3.1354942159291497,3.58351893845611,2.5649493574615367,1.6094379124341003,1.0986122886681096,0.6931471805599453,3.5263605246161616,2.772588722239781,3.1780538303479458,1.6094379124341003
Cell_0125,15-Year (Juvenile),15,Central Cambial Stem Cells (WOX4+),0.2949871807191939,2,33,27,13,5,16,7,19,23,51,15,9,1,1,13,20,11,2,3.5263605246161616,3.332204510175204,2.639057329615259,1.791759469228055,2.833213344056216,2.0794415416798357,2.995732273553991,3.1780538303479458,3.9512437185814275,2.772588722239781,2.302585092994046,0.6931471805599453,0.6931471805599453,2.639057329615259,3.044522437723423,2.4849066497880004,1.0986122886681096
Cell_0126,15-Year (Juvenile),15,Central Cambial Stem Cells (WOX4+),0.02371497243925545,1,28,19,6,10,12,13,15,24,54,21,3,3,6,25,23,8,5,3.367295829986474,2.995732273553991,1.9459101490553132,2.3978952727983707,2.5649493574615367,2.639057329615259,2.772588722239781,3.2188758248682006,4.007333185232471,3.091042453358316,1.3862943611198906,1.3862943611198906,1.9459101490553132,3.258096538021482,3.1780538303479458,2.1972245773362196,1.791759469228055
Cell_0127,15-Year (Juvenile),15,Central Cambial Stem Cells (WOX4+),0.428908459870567,2,34,38,18,5,11,4,21,18,25,20,11,1,1,26,17,5,3,3.5553480614894135,3.6635616461296463,2.9444389791664403,1.791759469228055,2.4849066497880004,1.6094379124341003,3.091042453358316,2.9444389791664403,3.258096538021482,3.044522437723423,2.4849066497880004,0.6931471805599453,0.6931471805599453,3.295836866004329,2.8903717578961645,1.791759469228055,1.3862943611198906
Cell_0128,15-Year (Juvenile),15,Central Cambial Stem Cells (WOX4+),0.12733569372360884,0,50,26,9,3,20,13,34,19,20,15,4,1,0,31,24,22,7,3.9318256327243257,3.295836866004329,2.302585092994046,1.3862943611198906,3.044522437723423,2.639057329615259,3.5553480614894135,2.995732273553991,3.044522437723423,2.772588722239781,1.6094379124341003,0.6931471805599453,0.0,3.4657359027997265,3.2188758248682006,3.1354942159291497,2.0794415416798357
Cell_0129,15-Year (Juvenile),15,Central Cambial Stem Cells (WOX4+),0.08784529176857002,2,32,30,5,3,24,12,25,37,45,14,1,6,4,40,16,26,3,3.4965075614664802,3.4339872044851463,1.791759469228055,1.3862943611198906,3.2188758248682006,2.5649493574615367,3.258096538021482,3.6375861597263857,3.828641396489095,2.70805020110221,0.6931471805599453,1.9459101490553132,1.6094379124341003,3.713572066704308,2.833213344056216,3.295836866004329,1.3862943611198906
Cell_0130,15-Year (Juvenile),15,Central Cambial Stem Cells (WOX4+),0.08114744864055783,6,59,29,5,3,5,14,18,17,38,22,0,0,3,11,9,11,13,4.0943445622221,3.4011973816621555,1.791759469228055,1.3862943611198906,1.791759469228055,2.70805020110221,2.9444389791664403,2.8903717578961645,3.6635616461296463,3.1354942159291497,0.0,0.0,1.3862943611198906,2.4849066497880004,2.302585092994046,2.4849066497880004,2.639057329615259
Cell_0131,15-Year (Juvenile),15,Central Cambial Stem Cells (WOX4+),0.18404186515063284,3,47,22,5,3,16,13,31,15,47,16,6,1,4,23,25,14,3,3.8712010109078907,3.1354942159291497,1.791759469228055,1.3862943611198906,2.833213344056216,2.639057329615259,3.4657359027997265,2.772588722239781,3.8712010109078907,2.833213344056216,1.9459101490553132,0.6931471805599453,1.6094379124341003,3.1780538303479458,3.258096538021482,2.70805020110221,1.3862943611198906
Cell_0132,15-Year (Juvenile),15,Central Cambial Stem Cells (WOX4+),0.29283759088746736,1,39,28,7,15,19,11,28,9,24,10,3,10,3,24,24,14,2,3.6888794541139363,3.367295829986474,2.0794415416798357,2.772588722239781,2.995732273553991,2.4849066497880004,3.367295829986474,2.302585092994046,3.2188758248682006,2.3978952727983707,1.3862943611198906,2.3978952727983707,1.3862943611198906,3.2188758248682006,3.2188758248682006,2.70805020110221,1.0986122886681096
Cell_0133,15-Year (Juvenile),15,Central Cambial Stem Cells (WOX4+),0.15043284772117796,3,26,26,26,8,12,18,28,36,50,20,2,6,0,24,34,13,2,3.295836866004329,3.295836866004329,3.295836866004329,2.1972245773362196,2.5649493574615367,2.9444389791664403,3.367295829986474,3.6109179126442243,3.9318256327243257,3.044522437723423,1.0986122886681096,1.9459101490553132,0.0,3.2188758248682006,3.5553480614894135,2.639057329615259,1.0986122886681096
Cell_0134,15-Year (Juvenile),15,Central Cambial Stem Cells (WOX4+),0.16815127204961533,5,26,19,6,3,18,8,19,23,41,14,2,6,5,28,23,10,4,3.295836866004329,2.995732273553991,1.9459101490553132,1.3862943611198906,2.9444389791664403,2.1972245773362196,2.995732273553991,3.1780538303479458,3.7376696182833684,2.70805020110221,1.0986122886681096,1.9459101490553132,1.791759469228055,3.367295829986474,3.1780538303479458,2.3978952727983707,1.6094379124341003
Cell_0135,15-Year (Juvenile),15,Central Cambial Stem Cells (WOX4+),0.2843627108683474,0,29,15,9,9,20,14,28,38,29,12,3,5,2,26,16,16,5,3.4011973816621555,2.772588722239781,2.302585092994046,2.302585092994046,3.044522437723423,2.70805020110221,3.367295829986474,3.6635616461296463,3.4011973816621555,2.5649493574615367,1.3862943611198906,1.791759469228055,1.0986122886681096,3.295836866004329,2.833213344056216,2.833213344056216,1.791759469228055
Cell_0136,15-Year (Juvenile),15,Central Cambial Stem Cells (WOX4+),0.5105452531449169,1,57,58,26,3,13,6,23,22,27,11,2,4,3,20,29,14,8,4.060443010546419,4.07753744390572,3.295836866004329,1.3862943611198906,2.639057329615259,1.9459101490553132,3.1780538303479458,3.1354942159291497,3.332204510175204,2.4849066497880004,1.0986122886681096,1.6094379124341003,1.3862943611198906,3.044522437723423,3.4011973816621555,2.70805020110221,2.1972245773362196
Cell_0137,15-Year (Juvenile),15,Central Cambial Stem Cells (WOX4+),0.3323959408302682,1,36,26,13,2,21,6,19,19,26,3,3,4,2,32,32,28,1,3.6109179126442243,3.295836866004329,2.639057329615259,1.0986122886681096,3.091042453358316,1.9459101490553132,2.995732273553991,2.995732273553991,3.295836866004329,1.3862943611198906,1.3862943611198906,1.6094379124341003,1.0986122886681096,3.4965075614664802,3.4965075614664802,3.367295829986474,0.6931471805599453
Cell_0138,15-Year (Juvenile),15,Central Cambial Stem Cells (WOX4+),0.21829425501138827,5,21,23,6,9,20,5,8,23,25,18,5,2,1,10,18,21,6,3.091042453358316,3.1780538303479458,1.9459101490553132,2.302585092994046,3.044522437723423,1.791759469228055,2.1972245773362196,3.1780538303479458,3.258096538021482,2.9444389791664403,1.791759469228055,1.0986122886681096,0.6931471805599453,2.3978952727983707,2.9444389791664403,3.091042453358316,1.9459101490553132
Cell_0139,15-Year (Juvenile),15,Central Cambial Stem Cells (WOX4+),0.029328394003060393,4,35,25,20,8,17,10,39,17,50,16,9,3,2,28,24,10,5,3.58351893845611,3.258096538021482,3.044522437723423,2.1972245773362196,2.8903717578961645,2.3978952727983707,3.6888794541139363,2.8903717578961645,3.9318256327243257,2.833213344056216,2.302585092994046,1.3862943611198906,1.0986122886681096,3.367295829986474,3.2188758248682006,2.3978952727983707,1.791759469228055
Cell_0140,15-Year (Juvenile),15,Central Cambial Stem Cells (WOX4+),0.5276053747102107,0,50,31,19,11,26,9,14,21,23,15,0,6,6,19,36,11,7,3.9318256327243257,3.4657359027997265,2.995732273553991,2.4849066497880004,3.295836866004329,2.302585092994046,2.70805020110221,3.091042453358316,3.1780538303479458,2.772588722239781,0.0,1.9459101490553132,1.9459101490553132,2.995732273553991,3.6109179126442243,2.4849066497880004,2.0794415416798357
Cell_0141,15-Year (Juvenile),15,Central Cambial Stem Cells (WOX4+),0.04228676828272194,2,38,36,6,2,15,13,19,30,27,29,4,3,5,9,20,9,5,3.6635616461296463,3.6109179126442243,1.9459101490553132,1.0986122886681096,2.772588722239781,2.639057329615259,2.995732273553991,3.4339872044851463,3.332204510175204,3.4011973816621555,1.6094379124341003,1.3862943611198906,1.791759469228055,2.302585092994046,3.044522437723423,2.302585092994046,1.791759469228055
Cell_0142,15-Year (Juvenile),15,Central Cambial Stem Cells (WOX4+),0.25931823817584054,3,24,44,5,7,19,10,13,33,32,18,1,4,2,32,15,6,0,3.2188758248682006,3.8066624897703196,1.791759469228055,2.0794415416798357,2.995732273553991,2.3978952727983707,2.639057329615259,3.5263605246161616,3.4965075614664802,2.9444389791664403,0.6931471805599453,1.6094379124341003,1.0986122886681096,3.4965075614664802,2.772588722239781,1.9459101490553132,0.0
Cell_0143,15-Year (Juvenile),15,Central Cambial Stem Cells (WOX4+),0.25045948408544494,1,52,20,9,8,6,7,30,28,29,7,0,7,2,34,21,15,7,3.970291913552122,3.044522437723423,2.302585092994046,2.1972245773362196,1.9459101490553132,2.0794415416798357,3.4339872044851463,3.367295829986474,3.4011973816621555,2.0794415416798357,0.0,2.0794415416798357,1.0986122886681096,3.5553480614894135,3.091042453358316,2.772588722239781,2.0794415416798357
Cell_0144,15-Year (Juvenile),15,Central Cambial Stem Cells (WOX4+),0.12867354891476337,1,34,21,8,4,5,7,16,12,41,14,2,4,3,16,19,10,5,3.5553480614894135,3.091042453358316,2.1972245773362196,1.6094379124341003,1.791759469228055,2.0794415416798357,2.833213344056216,2.5649493574615367,3.7376696182833684,2.70805020110221,1.0986122886681096,1.6094379124341003,1.3862943611198906,2.833213344056216,2.995732273553991,2.3978952727983707,1.791759469228055
Cell_0145,15-Year (Juvenile),15,Central Cambial Stem Cells (WOX4+),0.10490944424299656,1,43,30,19,3,21,14,19,33,28,11,13,2,2,32,36,17,1,3.784189633918261,3.4339872044851463,2.995732273553991,1.3862943611198906,3.091042453358316,2.70805020110221,2.995732273553991,3.5263605246161616,3.367295829986474,2.4849066497880004,2.639057329615259,1.0986122886681096,1.0986122886681096,3.4965075614664802,3.6109179126442243,2.8903717578961645,0.6931471805599453
Cell_0146,15-Year (Juvenile),15,Central Cambial Stem Cells (WOX4+),0.12613511059994928,4,28,16,11,10,13,12,25,29,39,18,3,7,5,33,21,10,7,3.367295829986474,2.833213344056216,2.4849066497880004,2.3978952727983707,2.639057329615259,2.5649493574615367,3.258096538021482,3.4011973816621555,3.6888794541139363,2.9444389791664403,1.3862943611198906,2.0794415416798357,1.791759469228055,3.5263605246161616,3.091042453358316,2.3978952727983707,2.0794415416798357
Cell_0147,15-Year (Juvenile),15,Central Cambial Stem Cells (WOX4+),0.1575917648354516,1,17,33,20,0,15,12,25,22,23,6,12,1,1,30,21,18,3,2.8903717578961645,3.5263605246161616,3.044522437723423,0.0,2.772588722239781,2.5649493574615367,3.258096538021482,3.1354942159291497,3.1780538303479458,1.9459101490553132,2.5649493574615367,0.6931471805599453,0.6931471805599453,3.4339872044851463,3.091042453358316,2.9444389791664403,1.3862943611198906
Cell_0148,15-Year (Juvenile),15,Central Cambial Stem Cells (WOX4+),0.3086186946338047,2,21,8,9,6,16,5,24,13,32,14,1,1,1,22,20,12,10,3.091042453358316,2.1972245773362196,2.302585092994046,1.9459101490553132,2.833213344056216,1.791759469228055,3.2188758248682006,2.639057329615259,3.4965075614664802,2.70805020110221,0.6931471805599453,0.6931471805599453,0.6931471805599453,3.1354942159291497,3.044522437723423,2.5649493574615367,2.3978952727983707
Cell_0149,15-Year (Juvenile),15,Central Cambial Stem Cells (WOX4+),0.1227487054473213,2,21,43,20,10,23,9,14,18,29,15,5,1,1,14,13,21,6,3.091042453358316,3.784189633918261,3.044522437723423,2.3978952727983707,3.1780538303479458,2.302585092994046,2.70805020110221,2.9444389791664403,3.4011973816621555,2.772588722239781,1.791759469228055,0.6931471805599453,0.6931471805599453,2.70805020110221,2.639057329615259,3.091042453358316,1.9459101490553132
Cell_0150,15-Year (Juvenile),15,Central Cambial Stem Cells (WOX4+),0.19753167626772847,2,47,23,9,4,15,14,28,21,46,5,4,6,1,8,21,14,7,3.8712010109078907,3.1780538303479458,2.302585092994046,1.6094379124341003,2.772588722239781,2.70805020110221,3.367295829986474,3.091042453358316,3.8501476017100584,1.791759469228055,1.6094379124341003,1.9459101490553132,0.6931471805599453,2.1972245773362196,3.091042453358316,2.70805020110221,2.0794415416798357
Cell_0151,15-Year (Juvenile),15,Central Cambial Stem Cells (WOX4+),0.5893480460452802,1,40,34,6,1,12,19,21,20,34,19,5,4,1,19,36,27,11,3.713572066704308,3.5553480614894135,1.9459101490553132,0.6931471805599453,2.5649493574615367,2.995732273553991,3.091042453358316,3.044522437723423,3.5553480614894135,2.995732273553991,1.791759469228055,1.6094379124341003,0.6931471805599453,2.995732273553991,3.6109179126442243,3.332204510175204,2.4849066497880004
Cell_0152,15-Year (Juvenile),15,Central Cambial Stem Cells (WOX4+),0.3302544081767125,4,54,40,13,8,18,25,14,27,33,12,2,1,2,28,17,19,4,4.007333185232471,3.713572066704308,2.639057329615259,2.1972245773362196,2.9444389791664403,3.258096538021482,2.70805020110221,3.332204510175204,3.5263605246161616,2.5649493574615367,1.0986122886681096,0.6931471805599453,1.0986122886681096,3.367295829986474,2.8903717578961645,2.995732273553991,1.6094379124341003
Cell_0153,15-Year (Juvenile),15,Central Cambial Stem Cells (WOX4+),0.0913414664499205,5,32,12,19,4,18,14,33,19,32,7,6,0,1,30,29,13,9,3.4965075614664802,2.5649493574615367,2.995732273553991,1.6094379124341003,2.9444389791664403,2.70805020110221,3.5263605246161616,2.995732273553991,3.4965075614664802,2.0794415416798357,1.9459101490553132,0.0,0.6931471805599453,3.4339872044851463,3.4011973816621555,2.639057329615259,2.302585092994046
Cell_0154,15-Year (Juvenile),15,Central Cambial Stem Cells (WOX4+),0.3820564456383553,1,43,12,19,4,13,13,25,25,52,14,5,3,3,10,26,19,5,3.784189633918261,2.5649493574615367,2.995732273553991,1.6094379124341003,2.639057329615259,2.639057329615259,3.258096538021482,3.258096538021482,3.970291913552122,2.70805020110221,1.791759469228055,1.3862943611198906,1.3862943611198906,2.3978952727983707,3.295836866004329,2.995732273553991,1.791759469228055
Cell_0155,15-Year (Juvenile),15,Central Cambial Stem Cells (WOX4+),0.22607065779204658,1,68,27,12,3,14,13,39,22,23,16,4,4,8,27,34,26,4,4.23410650459726,3.332204510175204,2.5649493574615367,1.3862943611198906,2.70805020110221,2.639057329615259,3.6888794541139363,3.1354942159291497,3.1780538303479458,2.833213344056216,1.6094379124341003,1.6094379124341003,2.1972245773362196,3.332204510175204,3.5553480614894135,3.295836866004329,1.6094379124341003
Cell_0156,15-Year (Juvenile),15,Central Cambial Stem Cells (WOX4+),0.4014560875027172,4,28,17,6,6,26,5,36,22,44,17,4,3,1,31,21,8,7,3.367295829986474,2.8903717578961645,1.9459101490553132,1.9459101490553132,3.295836866004329,1.791759469228055,3.6109179126442243,3.1354942159291497,3.8066624897703196,2.8903717578961645,1.6094379124341003,1.3862943611198906,0.6931471805599453,3.4657359027997265,3.091042453358316,2.1972245773362196,2.0794415416798357
Cell_0157,15-Year (Juvenile),15,Central Cambial Stem Cells (WOX4+),0.15823985611504823,3,37,28,18,5,15,7,23,15,32,29,2,1,1,22,16,7,9,3.6375861597263857,3.367295829986474,2.9444389791664403,1.791759469228055,2.772588722239781,2.0794415416798357,3.1780538303479458,2.772588722239781,3.4965075614664802,3.4011973816621555,1.0986122886681096,0.6931471805599453,0.6931471805599453,3.1354942159291497,2.833213344056216,2.0794415416798357,2.302585092994046
Cell_0158,15-Year (Juvenile),15,Central Cambial Stem Cells (WOX4+),0.26667507711517746,4,20,8,13,8,9,3,25,17,35,21,0,4,2,24,9,26,7,3.044522437723423,2.1972245773362196,2.639057329615259,2.1972245773362196,2.302585092994046,1.3862943611198906,3.258096538021482,2.8903717578961645,3.58351893845611,3.091042453358316,0.0,1.6094379124341003,1.0986122886681096,3.2188758248682006,2.302585092994046,3.295836866004329,2.0794415416798357
Cell_0159,15-Year (Juvenile),15,Central Cambial Stem Cells (WOX4+),0.12495634528606225,2,58,36,12,3,20,8,22,24,35,11,4,2,1,15,19,12,9,4.07753744390572,3.6109179126442243,2.5649493574615367,1.3862943611198906,3.044522437723423,2.1972245773362196,3.1354942159291497,3.2188758248682006,3.58351893845611,2.4849066497880004,1.6094379124341003,1.0986122886681096,0.6931471805599453,2.772588722239781,2.995732273553991,2.5649493574615367,2.302585092994046
Cell_0160,15-Year (Juvenile),15,Central Cambial Stem Cells (WOX4+),0.1468099828084439,2,24,18,23,7,15,8,29,30,33,14,8,3,3,19,28,8,4,3.2188758248682006,2.9444389791664403,3.1780538303479458,2.0794415416798357,2.772588722239781,2.1972245773362196,3.4011973816621555,3.4339872044851463,3.5263605246161616,2.70805020110221,2.1972245773362196,1.3862943611198906,1.3862943611198906,2.995732273553991,3.367295829986474,2.1972245773362196,1.6094379124341003
Cell_0161,15-Year (Juvenile),15,Central Cambial Stem Cells (WOX4+),0.010495235773513622,2,34,38,10,3,9,11,14,15,43,8,2,0,2,15,16,10,4,3.5553480614894135,3.6635616461296463,2.3978952727983707,1.3862943611198906,2.302585092994046,2.4849066497880004,2.70805020110221,2.772588722239781,3.784189633918261,2.1972245773362196,1.0986122886681096,0.0,1.0986122886681096,2.772588722239781,2.833213344056216,2.3978952727983707,1.6094379124341003
Cell_0162,15-Year (Juvenile),15,Central Cambial Stem Cells (WOX4+),0.43114399994115116,5,31,29,8,2,13,3,43,36,31,20,7,6,8,10,17,10,3,3.4657359027997265,3.4011973816621555,2.1972245773362196,1.0986122886681096,2.639057329615259,1.3862943611198906,3.784189633918261,3.6109179126442243,3.4657359027997265,3.044522437723423,2.0794415416798357,1.9459101490553132,2.1972245773362196,2.3978952727983707,2.8903717578961645,2.3978952727983707,1.3862943611198906
Cell_0163,15-Year (Juvenile),15,Central Cambial Stem Cells (WOX4+),0.3301696414187489,1,28,22,10,18,22,6,23,30,52,11,6,0,3,21,11,6,1,3.367295829986474,3.1354942159291497,2.3978952727983707,2.9444389791664403,3.1354942159291497,1.9459101490553132,3.1780538303479458,3.4339872044851463,3.970291913552122,2.4849066497880004,1.9459101490553132,0.0,1.3862943611198906,3.091042453358316,2.4849066497880004,1.9459101490553132,0.6931471805599453
Cell_0164,15-Year (Juvenile),15,Central Cambial Stem Cells (WOX4+),0.11808548329498546,3,38,22,12,9,14,15,31,23,36,29,1,2,9,24,17,13,2,3.6635616461296463,3.1354942159291497,2.5649493574615367,2.302585092994046,2.70805020110221,2.772588722239781,3.4657359027997265,3.1780538303479458,3.6109179126442243,3.4011973816621555,0.6931471805599453,1.0986122886681096,2.302585092994046,3.2188758248682006,2.8903717578961645,2.639057329615259,1.0986122886681096
Cell_0165,15-Year (Juvenile),15,Central Cambial Stem Cells (WOX4+),0.4873990215534151,2,33,26,11,3,7,10,32,25,32,19,2,5,2,25,21,24,6,3.5263605246161616,3.295836866004329,2.4849066497880004,1.3862943611198906,2.0794415416798357,2.3978952727983707,3.4965075614664802,3.258096538021482,3.4965075614664802,2.995732273553991,1.0986122886681096,1.791759469228055,1.0986122886681096,3.258096538021482,3.091042453358316,3.2188758248682006,1.9459101490553132
Cell_0166,15-Year (Juvenile),15,Central Cambial Stem Cells (WOX4+),0.37209568847968516,2,37,34,11,16,24,6,18,14,35,18,1,2,4,21,20,19,11,3.6375861597263857,3.5553480614894135,2.4849066497880004,2.833213344056216,3.2188758248682006,1.9459101490553132,2.9444389791664403,2.70805020110221,3.58351893845611,2.9444389791664403,0.6931471805599453,1.0986122886681096,1.6094379124341003,3.091042453358316,3.044522437723423,2.995732273553991,2.4849066497880004
Cell_0167,15-Year (Juvenile),15,Central Cambial Stem Cells (WOX4+),0.6537521386525338,5,39,40,13,4,15,12,26,19,23,11,11,1,2,37,16,10,4,3.6888794541139363,3.713572066704308,2.639057329615259,1.6094379124341003,2.772588722239781,2.5649493574615367,3.295836866004329,2.995732273553991,3.1780538303479458,2.4849066497880004,2.4849066497880004,0.6931471805599453,1.0986122886681096,3.6375861597263857,2.833213344056216,2.3978952727983707,1.6094379124341003
Cell_0168,15-Year (Juvenile),15,Central Cambial Stem Cells (WOX4+),0.14059709444894888,2,31,9,26,5,20,11,22,23,20,10,7,1,8,28,24,21,3,3.4657359027997265,2.302585092994046,3.295836866004329,1.791759469228055,3.044522437723423,2.4849066497880004,3.1354942159291497,3.1780538303479458,3.044522437723423,2.3978952727983707,2.0794415416798357,0.6931471805599453,2.1972245773362196,3.367295829986474,3.2188758248682006,3.091042453358316,1.3862943611198906
Cell_0169,15-Year (Juvenile),15,Central Cambial Stem Cells (WOX4+),0.18932344429337847,6,51,21,26,4,16,11,22,21,51,30,7,2,2,14,25,15,8,3.9512437185814275,3.091042453358316,3.295836866004329,1.6094379124341003,2.833213344056216,2.4849066497880004,3.1354942159291497,3.091042453358316,3.9512437185814275,3.4339872044851463,2.0794415416798357,1.0986122886681096,1.0986122886681096,2.70805020110221,3.258096538021482,2.772588722239781,2.1972245773362196
Cell_0170,15-Year (Juvenile),15,Central Cambial Stem Cells (WOX4+),0.429701180874709,2,26,27,10,11,17,19,25,41,40,10,2,1,0,28,15,17,2,3.295836866004329,3.332204510175204,2.3978952727983707,2.4849066497880004,2.8903717578961645,2.995732273553991,3.258096538021482,3.7376696182833684,3.713572066704308,2.3978952727983707,1.0986122886681096,0.6931471805599453,0.0,3.367295829986474,2.772588722239781,2.8903717578961645,1.0986122886681096
Cell_0171,15-Year (Juvenile),15,Central Cambial Stem Cells (WOX4+),0.2639266722537475,0,25,24,11,8,23,16,19,24,37,19,4,3,3,23,16,13,7,3.258096538021482,3.2188758248682006,2.4849066497880004,2.1972245773362196,3.1780538303479458,2.833213344056216,2.995732273553991,3.2188758248682006,3.6375861597263857,2.995732273553991,1.6094379124341003,1.3862943611198906,1.3862943611198906,3.1780538303479458,2.833213344056216,2.639057329615259,2.0794415416798357
Cell_0172,15-Year (Juvenile),15,Central Cambial Stem Cells (WOX4+),0.18139097635335544,1,33,12,12,9,15,5,23,30,28,16,0,4,2,19,11,6,6,3.5263605246161616,2.5649493574615367,2.5649493574615367,2.302585092994046,2.772588722239781,1.791759469228055,3.1780538303479458,3.4339872044851463,3.367295829986474,2.833213344056216,0.0,1.6094379124341003,1.0986122886681096,2.995732273553991,2.4849066497880004,1.9459101490553132,1.9459101490553132
Cell_0173,15-Year (Juvenile),15,Central Cambial Stem Cells (WOX4+),0.4307510325919252,4,33,23,7,1,19,9,32,32,18,25,1,0,2,24,22,13,6,3.5263605246161616,3.1780538303479458,2.0794415416798357,0.6931471805599453,2.995732273553991,2.302585092994046,3.4965075614664802,3.4965075614664802,2.9444389791664403,3.258096538021482,0.6931471805599453,0.0,1.0986122886681096,3.2188758248682006,3.1354942159291497,2.639057329615259,1.9459101490553132
Cell_0174,15-Year (Juvenile),15,Central Cambial Stem Cells (WOX4+),0.19335433222527196,1,65,26,8,5,24,18,32,21,17,6,4,4,5,19,15,15,4,4.189654742026425,3.295836866004329,2.1972245773362196,1.791759469228055,3.2188758248682006,2.9444389791664403,3.4965075614664802,3.091042453358316,2.8903717578961645,1.9459101490553132,1.6094379124341003,1.6094379124341003,1.791759469228055,2.995732273553991,2.772588722239781,2.772588722239781,1.6094379124341003
Cell_0175,15-Year (Juvenile),15,Central Cambial Stem Cells (WOX4+),0.2342550815094256,2,24,37,16,6,16,10,37,25,46,13,4,4,7,33,14,16,2,3.2188758248682006,3.6375861597263857,2.833213344056216,1.9459101490553132,2.833213344056216,2.3978952727983707,3.6375861597263857,3.258096538021482,3.8501476017100584,2.639057329615259,1.6094379124341003,1.6094379124341003,2.0794415416798357,3.5263605246161616,2.70805020110221,2.833213344056216,1.0986122886681096
Cell_0176,15-Year (Juvenile),15,Central Cambial Stem Cells (WOX4+),0.2608428356594258,5,32,12,5,1,14,6,27,26,33,14,0,2,0,14,23,12,5,3.4965075614664802,2.5649493574615367,1.791759469228055,0.6931471805599453,2.70805020110221,1.9459101490553132,3.332204510175204,3.295836866004329,3.5263605246161616,2.70805020110221,0.0,1.0986122886681096,0.0,2.70805020110221,3.1780538303479458,2.5649493574615367,1.791759469228055
Cell_0177,15-Year (Juvenile),15,Central Cambial Stem Cells (WOX4+),0.03998642840354987,1,34,43,15,0,35,4,40,20,29,7,6,2,6,19,8,23,2,3.5553480614894135,3.784189633918261,2.772588722239781,0.0,3.58351893845611,1.6094379124341003,3.713572066704308,3.044522437723423,3.4011973816621555,2.0794415416798357,1.9459101490553132,1.0986122886681096,1.9459101490553132,2.995732273553991,2.1972245773362196,3.1780538303479458,1.0986122886681096
Cell_0178,15-Year (Juvenile),15,Central Cambial Stem Cells (WOX4+),0.36455256963839927,0,29,18,15,0,14,12,25,17,21,7,7,3,7,11,33,23,8,3.4011973816621555,2.9444389791664403,2.772588722239781,0.0,2.70805020110221,2.5649493574615367,3.258096538021482,2.8903717578961645,3.091042453358316,2.0794415416798357,2.0794415416798357,1.3862943611198906,2.0794415416798357,2.4849066497880004,3.5263605246161616,3.1780538303479458,2.1972245773362196
Cell_0179,15-Year (Juvenile),15,Central Cambial Stem Cells (WOX4+),0.1811653609913023,1,20,22,14,17,14,9,29,34,43,2,2,7,9,18,12,13,4,3.044522437723423,3.1354942159291497,2.70805020110221,2.8903717578961645,2.70805020110221,2.302585092994046,3.4011973816621555,3.5553480614894135,3.784189633918261,1.0986122886681096,1.0986122886681096,2.0794415416798357,2.302585092994046,2.9444389791664403,2.5649493574615367,2.639057329615259,1.6094379124341003
Cell_0180,15-Year (Juvenile),15,Central Cambial Stem Cells (WOX4+),0.2518006679507199,2,40,33,14,3,15,6,21,23,36,8,4,4,3,22,25,11,6,3.713572066704308,3.5263605246161616,2.70805020110221,1.3862943611198906,2.772588722239781,1.9459101490553132,3.091042453358316,3.1780538303479458,3.6109179126442243,2.1972245773362196,1.6094379124341003,1.6094379124341003,1.3862943611198906,3.1354942159291497,3.258096538021482,2.4849066497880004,1.9459101490553132
Cell_0181,15-Year (Juvenile),15,Central Cambial Stem Cells (WOX4+),0.269858868334024,1,30,36,11,11,20,7,7,24,22,18,2,4,1,15,32,11,9,3.4339872044851463,3.6109179126442243,2.4849066497880004,2.4849066497880004,3.044522437723423,2.0794415416798357,2.0794415416798357,3.2188758248682006,3.1354942159291497,2.9444389791664403,1.0986122886681096,1.6094379124341003,0.6931471805599453,2.772588722239781,3.4965075614664802,2.4849066497880004,2.302585092994046
Cell_0182,15-Year (Juvenile),15,Central Cambial Stem Cells (WOX4+),0.30104931756256936,2,55,33,17,8,15,12,28,25,42,11,3,2,6,5,13,15,7,4.02535169073515,3.5263605246161616,2.8903717578961645,2.1972245773362196,2.772588722239781,2.5649493574615367,3.367295829986474,3.258096538021482,3.7612001156935624,2.4849066497880004,1.3862943611198906,1.0986122886681096,1.9459101490553132,1.791759469228055,2.639057329615259,2.772588722239781,2.0794415416798357
Cell_0183,15-Year (Juvenile),15,Central Cambial Stem Cells (WOX4+),0.08738915683036975,3,23,41,12,4,21,14,14,18,28,15,4,0,2,21,23,14,5,3.1780538303479458,3.7376696182833684,2.5649493574615367,1.6094379124341003,3.091042453358316,2.70805020110221,2.70805020110221,2.9444389791664403,3.367295829986474,2.772588722239781,1.6094379124341003,0.0,1.0986122886681096,3.091042453358316,3.1780538303479458,2.70805020110221,1.791759469228055
Cell_0184,15-Year (Juvenile),15,Central Cambial Stem Cells (WOX4+),0.3850029889138883,1,41,31,14,5,14,14,20,17,45,9,2,5,3,32,18,12,13,3.7376696182833684,3.4657359027997265,2.70805020110221,1.791759469228055,2.70805020110221,2.70805020110221,3.044522437723423,2.8903717578961645,3.828641396489095,2.302585092994046,1.0986122886681096,1.791759469228055,1.3862943611198906,3.4965075614664802,2.9444389791664403,2.5649493574615367,2.639057329615259
Cell_0185,15-Year (Juvenile),15,Central Cambial Stem Cells (WOX4+),0.22764459977650792,3,22,27,27,4,17,8,21,33,52,7,2,4,1,19,35,25,4,3.1354942159291497,3.332204510175204,3.332204510175204,1.6094379124341003,2.8903717578961645,2.1972245773362196,3.091042453358316,3.5263605246161616,3.970291913552122,2.0794415416798357,1.0986122886681096,1.6094379124341003,0.6931471805599453,2.995732273553991,3.58351893845611,3.258096538021482,1.6094379124341003
Cell_0186,15-Year (Juvenile),15,Central Cambial Stem Cells (WOX4+),0.16170175735840242,3,42,42,12,3,30,11,30,17,46,29,6,2,1,13,23,1,7,3.7612001156935624,3.7612001156935624,2.5649493574615367,1.3862943611198906,3.4339872044851463,2.4849066497880004,3.4339872044851463,2.8903717578961645,3.8501476017100584,3.4011973816621555,1.9459101490553132,1.0986122886681096,0.6931471805599453,2.639057329615259,3.1780538303479458,0.6931471805599453,2.0794415416798357
Cell_0187,15-Year (Juvenile),15,Central Cambial Stem Cells (WOX4+),0.40665695155380654,1,39,27,15,4,9,11,26,25,18,10,0,6,11,13,13,19,6,3.6888794541139363,3.332204510175204,2.772588722239781,1.6094379124341003,2.302585092994046,2.4849066497880004,3.295836866004329,3.258096538021482,2.9444389791664403,2.3978952727983707,0.0,1.9459101490553132,2.4849066497880004,2.639057329615259,2.639057329615259,2.995732273553991,1.9459101490553132
Cell_0188,15-Year (Juvenile),15,Central Cambial Stem Cells (WOX4+),0.1264002043225981,2,26,20,8,4,10,16,22,14,22,20,3,0,1,20,33,7,5,3.295836866004329,3.044522437723423,2.1972245773362196,1.6094379124341003,2.3978952727983707,2.833213344056216,3.1354942159291497,2.70805020110221,3.1354942159291497,3.044522437723423,1.3862943611198906,0.0,0.6931471805599453,3.044522437723423,3.5263605246161616,2.0794415416798357,1.791759469228055
Cell_0189,15-Year (Juvenile),15,Central Cambial Stem Cells (WOX4+),0.3294700245381606,4,50,36,8,7,12,4,35,46,39,33,6,2,0,35,20,14,10,3.9318256327243257,3.6109179126442243,2.1972245773362196,2.0794415416798357,2.5649493574615367,1.6094379124341003,3.58351893845611,3.8501476017100584,3.6888794541139363,3.5263605246161616,1.9459101490553132,1.0986122886681096,0.0,3.58351893845611,3.044522437723423,2.70805020110221,2.3978952727983707
Cell_0190,15-Year (Juvenile),15,Central Cambial Stem Cells (WOX4+),0.27362057529610856,1,31,28,12,7,7,26,10,36,43,9,2,0,0,26,23,13,4,3.4657359027997265,3.367295829986474,2.5649493574615367,2.0794415416798357,2.0794415416798357,3.295836866004329,2.3978952727983707,3.6109179126442243,3.784189633918261,2.302585092994046,1.0986122886681096,0.0,0.0,3.295836866004329,3.1780538303479458,2.639057329615259,1.6094379124341003
Cell_0191,15-Year (Juvenile),15,Central Cambial Stem Cells (WOX4+),0.022852455108021405,0,25,32,9,2,6,11,45,33,34,20,1,4,0,26,28,19,4,3.258096538021482,3.4965075614664802,2.302585092994046,1.0986122886681096,1.9459101490553132,2.4849066497880004,3.828641396489095,3.5263605246161616,3.5553480614894135,3.044522437723423,0.6931471805599453,1.6094379124341003,0.0,3.295836866004329,3.367295829986474,2.995732273553991,1.6094379124341003
Cell_0192,15-Year (Juvenile),15,Central Cambial Stem Cells (WOX4+),0.10040553530865982,1,24,24,10,1,15,7,19,23,61,12,3,4,2,22,14,16,5,3.2188758248682006,3.2188758248682006,2.3978952727983707,0.6931471805599453,2.772588722239781,2.0794415416798357,2.995732273553991,3.1780538303479458,4.127134385045092,2.5649493574615367,1.3862943611198906,1.6094379124341003,1.0986122886681096,3.1354942159291497,2.70805020110221,2.833213344056216,1.791759469228055
Cell_0193,15-Year (Juvenile),15,Central Cambial Stem Cells (WOX4+),0.384869577788007,2,42,27,13,8,7,16,22,15,53,15,3,3,4,21,21,13,8,3.7612001156935624,3.332204510175204,2.639057329615259,2.1972245773362196,2.0794415416798357,2.833213344056216,3.1354942159291497,2.772588722239781,3.9889840465642745,2.772588722239781,1.3862943611198906,1.3862943611198906,1.6094379124341003,3.091042453358316,3.091042453358316,2.639057329615259,2.1972245773362196
Cell_0194,15-Year (Juvenile),15,Central Cambial Stem Cells (WOX4+),0.21551714820110335,1,33,24,14,10,16,8,23,22,27,19,6,2,2,28,32,27,6,3.5263605246161616,3.2188758248682006,2.70805020110221,2.3978952727983707,2.833213344056216,2.1972245773362196,3.1780538303479458,3.1354942159291497,3.332204510175204,2.995732273553991,1.9459101490553132,1.0986122886681096,1.0986122886681096,3.367295829986474,3.4965075614664802,3.332204510175204,1.9459101490553132
Cell_0195,15-Year (Juvenile),15,Central Cambial Stem Cells (WOX4+),0.17921242653919464,1,34,28,15,4,11,10,35,24,34,8,0,10,2,18,16,12,1,3.5553480614894135,3.367295829986474,2.772588722239781,1.6094379124341003,2.4849066497880004,2.3978952727983707,3.58351893845611,3.2188758248682006,3.5553480614894135,2.1972245773362196,0.0,2.3978952727983707,1.0986122886681096,2.9444389791664403,2.833213344056216,2.5649493574615367,0.6931471805599453
Cell_0196,15-Year (Juvenile),15,Central Cambial Stem Cells (WOX4+),0.19065639276800395,1,29,21,14,15,16,3,26,20,32,24,4,3,1,20,24,11,9,3.4011973816621555,3.091042453358316,2.70805020110221,2.772588722239781,2.833213344056216,1.3862943611198906,3.295836866004329,3.044522437723423,3.4965075614664802,3.2188758248682006,1.6094379124341003,1.3862943611198906,0.6931471805599453,3.044522437723423,3.2188758248682006,2.4849066497880004,2.302585092994046
Cell_0197,15-Year (Juvenile),15,Central Cambial Stem Cells (WOX4+),0.3505450018439111,0,42,19,14,5,16,12,23,28,24,15,10,1,8,17,27,3,6,3.7612001156935624,2.995732273553991,2.70805020110221,1.791759469228055,2.833213344056216,2.5649493574615367,3.1780538303479458,3.367295829986474,3.2188758248682006,2.772588722239781,2.3978952727983707,0.6931471805599453,2.1972245773362196,2.8903717578961645,3.332204510175204,1.3862943611198906,1.9459101490553132
Cell_0198,15-Year (Juvenile),15,Central Cambial Stem Cells (WOX4+),0.17730055676083184,2,25,25,15,14,12,10,26,10,55,13,9,0,1,21,25,14,4,3.258096538021482,3.258096538021482,2.772588722239781,2.70805020110221,2.5649493574615367,2.3978952727983707,3.295836866004329,2.3978952727983707,4.02535169073515,2.639057329615259,2.302585092994046,0.0,0.6931471805599453,3.091042453358316,3.258096538021482,2.70805020110221,1.6094379124341003
Cell_0199,15-Year (Juvenile),15,Central Cambial Stem Cells (WOX4+),0.435366481203562,1,38,26,14,11,15,19,19,21,34,23,3,0,10,28,14,15,8,3.6635616461296463,3.295836866004329,2.70805020110221,2.4849066497880004,2.772588722239781,2.995732273553991,2.995732273553991,3.091042453358316,3.5553480614894135,3.1780538303479458,1.3862943611198906,0.0,2.3978952727983707,3.367295829986474,2.70805020110221,2.772588722239781,2.1972245773362196
Cell_0200,15-Year (Juvenile),15,Central Cambial Stem Cells (WOX4+),0.3892809228100889,1,43,15,12,4,15,5,22,35,23,16,7,1,2,25,28,8,4,3.784189633918261,2.772588722239781,2.5649493574615367,1.6094379124341003,2.772588722239781,1.791759469228055,3.1354942159291497,3.58351893845611,3.1780538303479458,2.833213344056216,2.0794415416798357,0.6931471805599453,1.0986122886681096,3.258096538021482,3.367295829986474,2.1972245773362196,1.6094379124341003
Cell_0201,15-Year (Juvenile),15,Developing Secondary Xylem (VND6/7+),0.643996302281398,28,1,6,4,0,1,0,19,25,58,7,1,2,1,0,10,10,6,0.6931471805599453,1.9459101490553132,1.6094379124341003,0.0,0.6931471805599453,0.0,2.995732273553991,3.258096538021482,4.07753744390572,2.0794415416798357,0.6931471805599453,1.0986122886681096,0.6931471805599453,0.0,2.3978952727983707,2.3978952727983707,1.9459101490553132
Cell_0202,15-Year (Juvenile),15,Developing Secondary Xylem (VND6/7+),0.7571619257961545,19,3,3,0,1,3,7,18,20,36,15,9,2,1,4,6,17,3,1.3862943611198906,1.3862943611198906,0.0,0.6931471805599453,1.3862943611198906,2.0794415416798357,2.9444389791664403,3.044522437723423,3.6109179126442243,2.772588722239781,2.302585092994046,1.0986122886681096,0.6931471805599453,1.6094379124341003,1.9459101490553132,2.8903717578961645,1.3862943611198906
Cell_0203,15-Year (Juvenile),15,Developing Secondary Xylem (VND6/7+),0.7556626680147176,23,0,7,0,0,0,1,20,27,32,17,4,2,0,2,11,29,3,0.0,2.0794415416798357,0.0,0.0,0.0,0.6931471805599453,3.044522437723423,3.332204510175204,3.4965075614664802,2.8903717578961645,1.6094379124341003,1.0986122886681096,0.0,1.0986122886681096,2.4849066497880004,3.4011973816621555,1.3862943611198906
Cell_0204,15-Year (Juvenile),15,Developing Secondary Xylem (VND6/7+),0.741696543682936,19,0,5,1,0,3,0,15,32,44,17,4,4,5,0,12,16,12,0.0,1.791759469228055,0.6931471805599453,0.0,1.3862943611198906,0.0,2.772588722239781,3.4965075614664802,3.8066624897703196,2.8903717578961645,1.6094379124341003,1.6094379124341003,1.791759469228055,0.0,2.5649493574615367,2.833213344056216,2.5649493574615367
Cell_0205,15-Year (Juvenile),15,Developing Secondary Xylem (VND6/7+),0.5034256381281256,17,1,4,0,0,5,4,23,18,34,18,0,3,10,1,5,18,6,0.6931471805599453,1.6094379124341003,0.0,0.0,1.791759469228055,1.6094379124341003,3.1780538303479458,2.9444389791664403,3.5553480614894135,2.9444389791664403,0.0,1.3862943611198906,2.3978952727983707,0.6931471805599453,1.791759469228055,2.9444389791664403,1.9459101490553132
Cell_0206,15-Year (Juvenile),15,Developing Secondary Xylem (VND6/7+),0.9712550548798802,21,2,2,0,2,1,0,35,8,31,10,4,1,2,1,16,28,2,1.0986122886681096,1.0986122886681096,0.0,1.0986122886681096,0.6931471805599453,0.0,3.58351893845611,2.1972245773362196,3.4657359027997265,2.3978952727983707,1.6094379124341003,0.6931471805599453,1.0986122886681096,0.6931471805599453,2.833213344056216,3.367295829986474,1.0986122886681096
Cell_0207,15-Year (Juvenile),15,Developing Secondary Xylem (VND6/7+),0.546386668975276,24,0,3,2,0,1,5,18,15,33,30,4,2,7,0,13,6,14,0.0,1.3862943611198906,1.0986122886681096,0.0,0.6931471805599453,1.791759469228055,2.9444389791664403,2.772588722239781,3.5263605246161616,3.4339872044851463,1.6094379124341003,1.0986122886681096,2.0794415416798357,0.0,2.639057329615259,1.9459101490553132,2.70805020110221
Cell_0208,15-Year (Juvenile),15,Developing Secondary Xylem (VND6/7+),0.5686610894937311,16,4,2,0,1,2,5,35,21,28,15,4,2,0,0,5,15,11,1.6094379124341003,1.0986122886681096,0.0,0.6931471805599453,1.0986122886681096,1.791759469228055,3.58351893845611,3.091042453358316,3.367295829986474,2.772588722239781,1.6094379124341003,1.0986122886681096,0.0,0.0,1.791759469228055,2.772588722239781,2.4849066497880004
Cell_0209,15-Year (Juvenile),15,Developing Secondary Xylem (VND6/7+),0.8411016941254222,18,2,1,1,1,0,2,31,32,26,13,7,1,2,0,3,14,9,1.0986122886681096,0.6931471805599453,0.6931471805599453,0.6931471805599453,0.0,1.0986122886681096,3.4657359027997265,3.4965075614664802,3.295836866004329,2.639057329615259,2.0794415416798357,0.6931471805599453,1.0986122886681096,0.0,1.3862943611198906,2.70805020110221,2.302585092994046
Cell_0210,15-Year (Juvenile),15,Developing Secondary Xylem (VND6/7+),0.5995097625987702,16,2,9,0,0,1,4,27,35,25,10,10,4,7,3,4,15,2,1.0986122886681096,2.302585092994046,0.0,0.0,0.6931471805599453,1.6094379124341003,3.332204510175204,3.58351893845611,3.258096538021482,2.3978952727983707,2.3978952727983707,1.6094379124341003,2.0794415416798357,1.3862943611198906,1.6094379124341003,2.772588722239781,1.0986122886681096
Cell_0211,15-Year (Juvenile),15,Developing Secondary Xylem (VND6/7+),0.5427027811307086,15,4,1,0,0,1,2,18,21,48,11,5,1,1,0,1,14,2,1.6094379124341003,0.6931471805599453,0.0,0.0,0.6931471805599453,1.0986122886681096,2.9444389791664403,3.091042453358316,3.8918202981106265,2.4849066497880004,1.791759469228055,0.6931471805599453,0.6931471805599453,0.0,0.6931471805599453,2.70805020110221,1.0986122886681096
Cell_0212,15-Year (Juvenile),15,Developing Secondary Xylem (VND6/7+),0.9191327966408346,25,2,3,1,0,0,2,16,12,49,20,13,1,5,0,14,17,7,1.0986122886681096,1.3862943611198906,0.6931471805599453,0.0,0.0,1.0986122886681096,2.833213344056216,2.5649493574615367,3.912023005428146,3.044522437723423,2.639057329615259,0.6931471805599453,1.791759469228055,0.0,2.70805020110221,2.8903717578961645,2.0794415416798357
Cell_0213,15-Year (Juvenile),15,Developing Secondary Xylem (VND6/7+),0.4661768910301127,23,2,3,1,1,2,3,27,14,25,14,8,1,4,0,9,17,15,1.0986122886681096,1.3862943611198906,0.6931471805599453,0.6931471805599453,1.0986122886681096,1.3862943611198906,3.332204510175204,2.70805020110221,3.258096538021482,2.70805020110221,2.1972245773362196,0.6931471805599453,1.6094379124341003,0.0,2.302585092994046,2.8903717578961645,2.772588722239781
Cell_0214,15-Year (Juvenile),15,Developing Secondary Xylem (VND6/7+),0.74991348761375,22,4,2,0,0,1,0,26,23,42,12,4,3,7,1,8,21,4,1.6094379124341003,1.0986122886681096,0.0,0.0,0.6931471805599453,0.0,3.295836866004329,3.1780538303479458,3.7612001156935624,2.5649493574615367,1.6094379124341003,1.3862943611198906,2.0794415416798357,0.6931471805599453,2.1972245773362196,3.091042453358316,1.6094379124341003
Cell_0215,15-Year (Juvenile),15,Developing Secondary Xylem (VND6/7+),0.6549281691851743,16,0,3,0,0,4,0,20,22,17,14,2,3,4,5,3,13,9,0.0,1.3862943611198906,0.0,0.0,1.6094379124341003,0.0,3.044522437723423,3.1354942159291497,2.8903717578961645,2.70805020110221,1.0986122886681096,1.3862943611198906,1.6094379124341003,1.791759469228055,1.3862943611198906,2.639057329615259,2.302585092994046
Cell_0216,15-Year (Juvenile),15,Developing Secondary Xylem (VND6/7+),0.37987607452656685,18,1,1,0,0,0,6,24,12,40,13,2,3,1,4,6,11,4,0.6931471805599453,0.6931471805599453,0.0,0.0,0.0,1.9459101490553132,3.2188758248682006,2.5649493574615367,3.713572066704308,2.639057329615259,1.0986122886681096,1.3862943611198906,0.6931471805599453,1.6094379124341003,1.9459101490553132,2.4849066497880004,1.6094379124341003
Cell_0217,15-Year (Juvenile),15,Developing Secondary Xylem (VND6/7+),0.8189484417421489,19,1,2,2,1,1,2,19,25,29,8,11,1,0,1,8,9,3,0.6931471805599453,1.0986122886681096,1.0986122886681096,0.6931471805599453,0.6931471805599453,1.0986122886681096,2.995732273553991,3.258096538021482,3.4011973816621555,2.1972245773362196,2.4849066497880004,0.6931471805599453,0.0,0.6931471805599453,2.1972245773362196,2.302585092994046,1.3862943611198906
Cell_0218,15-Year (Juvenile),15,Developing Secondary Xylem (VND6/7+),0.7684164598978385,15,1,0,0,0,2,4,38,14,39,15,7,4,5,0,5,16,4,0.6931471805599453,0.0,0.0,0.0,1.0986122886681096,1.6094379124341003,3.6635616461296463,2.70805020110221,3.6888794541139363,2.772588722239781,2.0794415416798357,1.6094379124341003,1.791759469228055,0.0,1.791759469228055,2.833213344056216,1.6094379124341003
Cell_0219,15-Year (Juvenile),15,Developing Secondary Xylem (VND6/7+),0.8138216180344922,21,3,1,0,0,2,1,13,19,38,9,2,0,2,0,5,10,5,1.3862943611198906,0.6931471805599453,0.0,0.0,1.0986122886681096,0.6931471805599453,2.639057329615259,2.995732273553991,3.6635616461296463,2.302585092994046,1.0986122886681096,0.0,1.0986122886681096,0.0,1.791759469228055,2.3978952727983707,1.791759469228055
Cell_0220,15-Year (Juvenile),15,Developing Secondary Xylem (VND6/7+),0.7294787467492064,30,5,5,0,0,1,1,38,25,26,18,2,5,0,4,3,29,4,1.791759469228055,1.791759469228055,0.0,0.0,0.6931471805599453,0.6931471805599453,3.6635616461296463,3.258096538021482,3.295836866004329,2.9444389791664403,1.0986122886681096,1.791759469228055,0.0,1.6094379124341003,1.3862943611198906,3.4011973816621555,1.6094379124341003
Cell_0221,15-Year (Juvenile),15,Developing Secondary Xylem (VND6/7+),0.5371478241080002,20,0,13,1,0,2,1,20,37,82,32,8,1,2,1,6,18,17,0.0,2.639057329615259,0.6931471805599453,0.0,1.0986122886681096,0.6931471805599453,3.044522437723423,3.6375861597263857,4.418840607796598,3.4965075614664802,2.1972245773362196,0.6931471805599453,1.0986122886681096,0.6931471805599453,1.9459101490553132,2.9444389791664403,2.8903717578961645
Cell_0222,15-Year (Juvenile),15,Developing Secondary Xylem (VND6/7+),0.8352063644629737,24,1,6,0,1,0,3,48,16,46,10,5,1,5,1,11,20,9,0.6931471805599453,1.9459101490553132,0.0,0.6931471805599453,0.0,1.3862943611198906,3.8918202981106265,2.833213344056216,3.8501476017100584,2.3978952727983707,1.791759469228055,0.6931471805599453,1.791759469228055,0.6931471805599453,2.4849066497880004,3.044522437723423,2.302585092994046
Cell_0223,15-Year (Juvenile),15,Developing Secondary Xylem (VND6/7+),0.560167615666911,16,4,3,0,0,0,0,21,18,32,12,10,2,1,1,12,11,4,1.6094379124341003,1.3862943611198906,0.0,0.0,0.0,0.0,3.091042453358316,2.9444389791664403,3.4965075614664802,2.5649493574615367,2.3978952727983707,1.0986122886681096,0.6931471805599453,0.6931471805599453,2.5649493574615367,2.4849066497880004,1.6094379124341003
Cell_0224,15-Year (Juvenile),15,Developing Secondary Xylem (VND6/7+),0.4588431506315132,19,0,2,1,0,1,0,20,24,25,9,1,5,1,6,7,13,0,0.0,1.0986122886681096,0.6931471805599453,0.0,0.6931471805599453,0.0,3.044522437723423,3.2188758248682006,3.258096538021482,2.302585092994046,0.6931471805599453,1.791759469228055,0.6931471805599453,1.9459101490553132,2.0794415416798357,2.639057329615259,0.0
Cell_0225,15-Year (Juvenile),15,Developing Secondary Xylem (VND6/7+),0.7250551978927261,22,2,4,0,0,0,0,38,20,15,14,3,10,4,0,4,14,4,1.0986122886681096,1.6094379124341003,0.0,0.0,0.0,0.0,3.6635616461296463,3.044522437723423,2.772588722239781,2.70805020110221,1.3862943611198906,2.3978952727983707,1.6094379124341003,0.0,1.6094379124341003,2.70805020110221,1.6094379124341003
Cell_0226,15-Year (Juvenile),15,Developing Secondary Xylem (VND6/7+),0.6896657133135614,20,3,3,0,0,0,0,16,25,51,20,3,0,7,3,10,19,1,1.3862943611198906,1.3862943611198906,0.0,0.0,0.0,0.0,2.833213344056216,3.258096538021482,3.9512437185814275,3.044522437723423,1.3862943611198906,0.0,2.0794415416798357,1.3862943611198906,2.3978952727983707,2.995732273553991,0.6931471805599453
Cell_0227,15-Year (Juvenile),15,Developing Secondary Xylem (VND6/7+),0.6130605884872709,21,1,1,1,0,5,2,33,10,39,10,3,1,2,2,3,9,1,0.6931471805599453,0.6931471805599453,0.6931471805599453,0.0,1.791759469228055,1.0986122886681096,3.5263605246161616,2.3978952727983707,3.6888794541139363,2.3978952727983707,1.3862943611198906,0.6931471805599453,1.0986122886681096,1.0986122886681096,1.3862943611198906,2.302585092994046,0.6931471805599453
Cell_0228,15-Year (Juvenile),15,Developing Secondary Xylem (VND6/7+),0.919572740602053,19,1,2,0,0,0,3,16,16,41,16,12,5,5,1,2,7,8,0.6931471805599453,1.0986122886681096,0.0,0.0,0.0,1.3862943611198906,2.833213344056216,2.833213344056216,3.7376696182833684,2.833213344056216,2.5649493574615367,1.791759469228055,1.791759469228055,0.6931471805599453,1.0986122886681096,2.0794415416798357,2.1972245773362196
Cell_0229,15-Year (Juvenile),15,Developing Secondary Xylem (VND6/7+),0.9412066630223949,14,1,2,0,0,2,0,17,28,23,26,5,9,3,1,7,15,10,0.6931471805599453,1.0986122886681096,0.0,0.0,1.0986122886681096,0.0,2.8903717578961645,3.367295829986474,3.1780538303479458,3.295836866004329,1.791759469228055,2.302585092994046,1.3862943611198906,0.6931471805599453,2.0794415416798357,2.772588722239781,2.3978952727983707
Cell_0230,15-Year (Juvenile),15,Developing Secondary Xylem (VND6/7+),0.649081291597976,16,3,0,0,1,2,2,35,34,25,9,5,4,0,1,13,19,5,1.3862943611198906,0.0,0.0,0.6931471805599453,1.0986122886681096,1.0986122886681096,3.58351893845611,3.5553480614894135,3.258096538021482,2.302585092994046,1.791759469228055,1.6094379124341003,0.0,0.6931471805599453,2.639057329615259,2.995732273553991,1.791759469228055
Cell_0231,15-Year (Juvenile),15,Developing Secondary Xylem (VND6/7+),0.4198907602828349,20,2,0,0,0,2,1,52,11,18,20,3,1,7,1,5,15,4,1.0986122886681096,0.0,0.0,0.0,1.0986122886681096,0.6931471805599453,3.970291913552122,2.4849066497880004,2.9444389791664403,3.044522437723423,1.3862943611198906,0.6931471805599453,2.0794415416798357,0.6931471805599453,1.791759469228055,2.772588722239781,1.6094379124341003
Cell_0232,15-Year (Juvenile),15,Developing Secondary Xylem (VND6/7+),0.6269749872986864,17,6,4,0,0,1,3,36,20,46,18,1,1,0,6,12,20,1,1.9459101490553132,1.6094379124341003,0.0,0.0,0.6931471805599453,1.3862943611198906,3.6109179126442243,3.044522437723423,3.8501476017100584,2.9444389791664403,0.6931471805599453,0.6931471805599453,0.0,1.9459101490553132,2.5649493574615367,3.044522437723423,0.6931471805599453
Cell_0233,15-Year (Juvenile),15,Developing Secondary Xylem (VND6/7+),0.4356147116119649,19,5,5,0,1,3,1,18,30,36,17,10,4,1,2,9,15,6,1.791759469228055,1.791759469228055,0.0,0.6931471805599453,1.3862943611198906,0.6931471805599453,2.9444389791664403,3.4339872044851463,3.6109179126442243,2.8903717578961645,2.3978952727983707,1.6094379124341003,0.6931471805599453,1.0986122886681096,2.302585092994046,2.772588722239781,1.9459101490553132
Cell_0234,15-Year (Juvenile),15,Developing Secondary Xylem (VND6/7+),0.6726665989137552,20,2,3,0,0,0,2,18,22,30,15,7,1,5,1,8,13,1,1.0986122886681096,1.3862943611198906,0.0,0.0,0.0,1.0986122886681096,2.9444389791664403,3.1354942159291497,3.4339872044851463,2.772588722239781,2.0794415416798357,0.6931471805599453,1.791759469228055,0.6931471805599453,2.1972245773362196,2.639057329615259,0.6931471805599453
Cell_0235,15-Year (Juvenile),15,Developing Secondary Xylem (VND6/7+),0.6563042556914647,22,0,4,0,0,1,2,21,8,36,23,6,2,2,1,3,15,1,0.0,1.6094379124341003,0.0,0.0,0.6931471805599453,1.0986122886681096,3.091042453358316,2.1972245773362196,3.6109179126442243,3.1780538303479458,1.9459101490553132,1.0986122886681096,1.0986122886681096,0.6931471805599453,1.3862943611198906,2.772588722239781,0.6931471805599453
Cell_0236,15-Year (Juvenile),15,Developing Secondary Xylem (VND6/7+),0.6308370991431702,24,2,2,1,0,3,1,24,18,41,12,4,5,6,0,7,20,0,1.0986122886681096,1.0986122886681096,0.6931471805599453,0.0,1.3862943611198906,0.6931471805599453,3.2188758248682006,2.9444389791664403,3.7376696182833684,2.5649493574615367,1.6094379124341003,1.791759469228055,1.9459101490553132,0.0,2.0794415416798357,3.044522437723423,0.0
Cell_0237,15-Year (Juvenile),15,Developing Secondary Xylem (VND6/7+),0.35601159455861836,21,2,4,0,1,0,2,32,19,56,25,4,2,1,0,13,19,3,1.0986122886681096,1.6094379124341003,0.0,0.6931471805599453,0.0,1.0986122886681096,3.4965075614664802,2.995732273553991,4.04305126783455,3.258096538021482,1.6094379124341003,1.0986122886681096,0.6931471805599453,0.0,2.639057329615259,2.995732273553991,1.3862943611198906
Cell_0238,15-Year (Juvenile),15,Developing Secondary Xylem (VND6/7+),0.2943135546157573,22,0,4,0,0,0,2,17,32,31,22,5,1,5,0,1,9,4,0.0,1.6094379124341003,0.0,0.0,0.0,1.0986122886681096,2.8903717578961645,3.4965075614664802,3.4657359027997265,3.1354942159291497,1.791759469228055,0.6931471805599453,1.791759469228055,0.0,0.6931471805599453,2.302585092994046,1.6094379124341003
Cell_0239,15-Year (Juvenile),15,Developing Secondary Xylem (VND6/7+),0.9086448369114695,19,2,1,0,0,0,2,35,11,58,18,4,3,2,3,7,23,4,1.0986122886681096,0.6931471805599453,0.0,0.0,0.0,1.0986122886681096,3.58351893845611,2.4849066497880004,4.07753744390572,2.9444389791664403,1.6094379124341003,1.3862943611198906,1.0986122886681096,1.3862943611198906,2.0794415416798357,3.1780538303479458,1.6094379124341003
Cell_0240,15-Year (Juvenile),15,Developing Secondary Xylem (VND6/7+),0.9084467223945435,16,1,4,0,0,1,0,27,16,45,13,4,1,3,1,10,19,6,0.6931471805599453,1.6094379124341003,0.0,0.0,0.6931471805599453,0.0,3.332204510175204,2.833213344056216,3.828641396489095,2.639057329615259,1.6094379124341003,0.6931471805599453,1.3862943611198906,0.6931471805599453,2.3978952727983707,2.995732273553991,1.9459101490553132
Cell_0241,15-Year (Juvenile),15,Developing Secondary Xylem (VND6/7+),0.3941670133134184,22,4,3,1,0,1,2,15,30,27,11,6,0,4,1,1,8,4,1.6094379124341003,1.3862943611198906,0.6931471805599453,0.0,0.6931471805599453,1.0986122886681096,2.772588722239781,3.4339872044851463,3.332204510175204,2.4849066497880004,1.9459101490553132,0.0,1.6094379124341003,0.6931471805599453,0.6931471805599453,2.1972245773362196,1.6094379124341003
Cell_0242,15-Year (Juvenile),15,Developing Secondary Xylem (VND6/7+),0.845962779768634,32,1,4,0,0,1,1,34,16,34,10,3,2,0,1,4,16,3,0.6931471805599453,1.6094379124341003,0.0,0.0,0.6931471805599453,0.6931471805599453,3.5553480614894135,2.833213344056216,3.5553480614894135,2.3978952727983707,1.3862943611198906,1.0986122886681096,0.0,0.6931471805599453,1.6094379124341003,2.833213344056216,1.3862943611198906
Cell_0243,15-Year (Juvenile),15,Developing Secondary Xylem (VND6/7+),0.8499993531535464,20,3,1,1,0,3,1,20,25,18,12,3,6,0,1,13,11,7,1.3862943611198906,0.6931471805599453,0.6931471805599453,0.0,1.3862943611198906,0.6931471805599453,3.044522437723423,3.258096538021482,2.9444389791664403,2.5649493574615367,1.3862943611198906,1.9459101490553132,0.0,0.6931471805599453,2.639057329615259,2.4849066497880004,2.0794415416798357
Cell_0244,15-Year (Juvenile),15,Developing Secondary Xylem (VND6/7+),0.7267279391922978,26,2,4,1,0,2,0,11,23,38,31,3,2,6,1,6,12,1,1.0986122886681096,1.6094379124341003,0.6931471805599453,0.0,1.0986122886681096,0.0,2.4849066497880004,3.1780538303479458,3.6635616461296463,3.4657359027997265,1.3862943611198906,1.0986122886681096,1.9459101490553132,0.6931471805599453,1.9459101490553132,2.5649493574615367,0.6931471805599453
Cell_0245,15-Year (Juvenile),15,Developing Secondary Xylem (VND6/7+),0.8377060158098225,18,2,6,0,1,0,0,28,40,31,11,4,4,1,2,14,9,6,1.0986122886681096,1.9459101490553132,0.0,0.6931471805599453,0.0,0.0,3.367295829986474,3.713572066704308,3.4657359027997265,2.4849066497880004,1.6094379124341003,1.6094379124341003,0.6931471805599453,1.0986122886681096,2.70805020110221,2.302585092994046,1.9459101490553132
Cell_0246,15-Year (Juvenile),15,Developing Secondary Xylem (VND6/7+),0.3475157338352332,21,1,0,0,0,0,0,22,20,43,7,8,4,7,1,11,15,5,0.6931471805599453,0.0,0.0,0.0,0.0,0.0,3.1354942159291497,3.044522437723423,3.784189633918261,2.0794415416798357,2.1972245773362196,1.6094379124341003,2.0794415416798357,0.6931471805599453,2.4849066497880004,2.772588722239781,1.791759469228055
Cell_0247,15-Year (Juvenile),15,Developing Secondary Xylem (VND6/7+),0.7344791080173982,22,0,2,0,0,0,1,15,18,26,16,2,6,0,0,9,18,7,0.0,1.0986122886681096,0.0,0.0,0.0,0.6931471805599453,2.772588722239781,2.9444389791664403,3.295836866004329,2.833213344056216,1.0986122886681096,1.9459101490553132,0.0,0.0,2.302585092994046,2.9444389791664403,2.0794415416798357
Cell_0248,15-Year (Juvenile),15,Developing Secondary Xylem (VND6/7+),0.9142859086228146,26,0,4,0,0,1,1,34,24,44,11,3,0,4,1,2,11,7,0.0,1.6094379124341003,0.0,0.0,0.6931471805599453,0.6931471805599453,3.5553480614894135,3.2188758248682006,3.8066624897703196,2.4849066497880004,1.3862943611198906,0.0,1.6094379124341003,0.6931471805599453,1.0986122886681096,2.4849066497880004,2.0794415416798357
Cell_0249,15-Year (Juvenile),15,Developing Secondary Xylem (VND6/7+),0.7498647107893998,18,6,2,0,1,1,0,19,22,42,23,4,4,3,2,6,12,2,1.9459101490553132,1.0986122886681096,0.0,0.6931471805599453,0.6931471805599453,0.0,2.995732273553991,3.1354942159291497,3.7612001156935624,3.1780538303479458,1.6094379124341003,1.6094379124341003,1.3862943611198906,1.0986122886681096,1.9459101490553132,2.5649493574615367,1.0986122886681096
Cell_0250,15-Year (Juvenile),15,Developing Secondary Xylem (VND6/7+),0.8407404996788009,21,0,0,0,2,1,5,14,24,40,19,8,7,4,6,12,10,4,0.0,0.0,0.0,1.0986122886681096,0.6931471805599453,1.791759469228055,2.70805020110221,3.2188758248682006,3.713572066704308,2.995732273553991,2.1972245773362196,2.0794415416798357,1.6094379124341003,1.9459101490553132,2.5649493574615367,2.3978952727983707,1.6094379124341003
Cell_0251,15-Year (Juvenile),15,Developing Secondary Xylem (VND6/7+),0.6768416288430137,21,1,0,0,0,0,0,26,14,34,13,2,1,0,1,1,7,2,0.6931471805599453,0.0,0.0,0.0,0.0,0.0,3.295836866004329,2.70805020110221,3.5553480614894135,2.639057329615259,1.0986122886681096,0.6931471805599453,0.0,0.6931471805599453,0.6931471805599453,2.0794415416798357,1.0986122886681096
Cell_0252,15-Year (Juvenile),15,Developing Secondary Xylem (VND6/7+),0.6062865317837415,11,1,3,0,0,1,1,39,26,39,13,5,4,3,2,12,11,4,0.6931471805599453,1.3862943611198906,0.0,0.0,0.6931471805599453,0.6931471805599453,3.6888794541139363,3.295836866004329,3.6888794541139363,2.639057329615259,1.791759469228055,1.6094379124341003,1.3862943611198906,1.0986122886681096,2.5649493574615367,2.4849066497880004,1.6094379124341003
Cell_0253,15-Year (Juvenile),15,Developing Secondary Xylem (VND6/7+),0.3843435158756968,13,5,5,1,0,2,0,33,21,40,17,3,1,4,1,5,12,4,1.791759469228055,1.791759469228055,0.6931471805599453,0.0,1.0986122886681096,0.0,3.5263605246161616,3.091042453358316,3.713572066704308,2.8903717578961645,1.3862943611198906,0.6931471805599453,1.6094379124341003,0.6931471805599453,1.791759469228055,2.5649493574615367,1.6094379124341003
Cell_0254,15-Year (Juvenile),15,Developing Secondary Xylem (VND6/7+),0.8799506395356724,18,4,2,0,1,5,0,38,18,44,6,2,8,5,0,3,12,3,1.6094379124341003,1.0986122886681096,0.0,0.6931471805599453,1.791759469228055,0.0,3.6635616461296463,2.9444389791664403,3.8066624897703196,1.9459101490553132,1.0986122886681096,2.1972245773362196,1.791759469228055,0.0,1.3862943611198906,2.5649493574615367,1.3862943611198906
Cell_0255,15-Year (Juvenile),15,Developing Secondary Xylem (VND6/7+),0.8244814643092623,18,1,3,1,0,4,2,13,12,27,15,2,2,3,0,6,18,1,0.6931471805599453,1.3862943611198906,0.6931471805599453,0.0,1.6094379124341003,1.0986122886681096,2.639057329615259,2.5649493574615367,3.332204510175204,2.772588722239781,1.0986122886681096,1.0986122886681096,1.3862943611198906,0.0,1.9459101490553132,2.9444389791664403,0.6931471805599453
Cell_0256,15-Year (Juvenile),15,Developing Secondary Xylem (VND6/7+),0.8849282340167138,27,1,1,1,1,1,0,21,13,49,13,4,1,2,0,6,8,3,0.6931471805599453,0.6931471805599453,0.6931471805599453,0.6931471805599453,0.6931471805599453,0.0,3.091042453358316,2.639057329615259,3.912023005428146,2.639057329615259,1.6094379124341003,0.6931471805599453,1.0986122886681096,0.0,1.9459101490553132,2.1972245773362196,1.3862943611198906
Cell_0257,15-Year (Juvenile),15,Developing Secondary Xylem (VND6/7+),0.683932287363511,19,1,3,0,0,0,3,25,17,42,29,10,2,0,0,9,20,1,0.6931471805599453,1.3862943611198906,0.0,0.0,0.0,1.3862943611198906,3.258096538021482,2.8903717578961645,3.7612001156935624,3.4011973816621555,2.3978952727983707,1.0986122886681096,0.0,0.0,2.302585092994046,3.044522437723423,0.6931471805599453
Cell_0258,15-Year (Juvenile),15,Developing Secondary Xylem (VND6/7+),0.4542207989472579,15,1,0,0,0,6,1,28,24,34,13,2,1,2,1,12,19,1,0.6931471805599453,0.0,0.0,0.0,1.9459101490553132,0.6931471805599453,3.367295829986474,3.2188758248682006,3.5553480614894135,2.639057329615259,1.0986122886681096,0.6931471805599453,1.0986122886681096,0.6931471805599453,2.5649493574615367,2.995732273553991,0.6931471805599453
Cell_0259,15-Year (Juvenile),15,Developing Secondary Xylem (VND6/7+),0.35450543746405727,23,1,1,1,0,0,0,22,25,25,11,7,9,6,0,11,16,4,0.6931471805599453,0.6931471805599453,0.6931471805599453,0.0,0.0,0.0,3.1354942159291497,3.258096538021482,3.258096538021482,2.4849066497880004,2.0794415416798357,2.302585092994046,1.9459101490553132,0.0,2.4849066497880004,2.833213344056216,1.6094379124341003
Cell_0260,15-Year (Juvenile),15,Developing Secondary Xylem (VND6/7+),0.5871969944071311,25,1,0,0,0,3,0,7,25,43,6,6,0,2,0,15,8,7,0.6931471805599453,0.0,0.0,0.0,1.3862943611198906,0.0,2.0794415416798357,3.258096538021482,3.784189633918261,1.9459101490553132,1.9459101490553132,0.0,1.0986122886681096,0.0,2.772588722239781,2.1972245773362196,2.0794415416798357
Cell_0261,15-Year (Juvenile),15,Developing Secondary Xylem (VND6/7+),0.9260834133598459,17,4,1,0,0,0,2,35,16,40,21,3,1,3,2,5,21,3,1.6094379124341003,0.6931471805599453,0.0,0.0,0.0,1.0986122886681096,3.58351893845611,2.833213344056216,3.713572066704308,3.091042453358316,1.3862943611198906,0.6931471805599453,1.3862943611198906,1.0986122886681096,1.791759469228055,3.091042453358316,1.3862943611198906
Cell_0262,15-Year (Juvenile),15,Developing Secondary Xylem (VND6/7+),0.7704319675306828,16,2,0,0,0,1,1,13,25,20,15,0,2,1,1,4,16,7,1.0986122886681096,0.0,0.0,0.0,0.6931471805599453,0.6931471805599453,2.639057329615259,3.258096538021482,3.044522437723423,2.772588722239781,0.0,1.0986122886681096,0.6931471805599453,0.6931471805599453,1.6094379124341003,2.833213344056216,2.0794415416798357
Cell_0263,15-Year (Juvenile),15,Developing Secondary Xylem (VND6/7+),0.524422480905197,14,0,1,0,0,2,1,22,22,37,8,7,1,4,0,9,7,3,0.0,0.6931471805599453,0.0,0.0,1.0986122886681096,0.6931471805599453,3.1354942159291497,3.1354942159291497,3.6375861597263857,2.1972245773362196,2.0794415416798357,0.6931471805599453,1.6094379124341003,0.0,2.302585092994046,2.0794415416798357,1.3862943611198906
Cell_0264,15-Year (Juvenile),15,Developing Secondary Xylem (VND6/7+),0.9725929209801248,18,0,2,1,0,1,0,37,21,65,13,8,3,2,1,10,24,7,0.0,1.0986122886681096,0.6931471805599453,0.0,0.6931471805599453,0.0,3.6375861597263857,3.091042453358316,4.189654742026425,2.639057329615259,2.1972245773362196,1.3862943611198906,1.0986122886681096,0.6931471805599453,2.3978952727983707,3.2188758248682006,2.0794415416798357
Cell_0265,15-Year (Juvenile),15,Developing Secondary Xylem (VND6/7+),0.7995359447271815,12,1,1,0,0,1,0,23,17,43,14,8,5,3,0,10,22,10,0.6931471805599453,0.6931471805599453,0.0,0.0,0.6931471805599453,0.0,3.1780538303479458,2.8903717578961645,3.784189633918261,2.70805020110221,2.1972245773362196,1.791759469228055,1.3862943611198906,0.0,2.3978952727983707,3.1354942159291497,2.3978952727983707
Cell_0266,15-Year (Juvenile),15,Developing Secondary Xylem (VND6/7+),0.6648473183194836,18,1,1,1,0,1,2,31,26,35,15,4,7,6,0,10,11,1,0.6931471805599453,0.6931471805599453,0.6931471805599453,0.0,0.6931471805599453,1.0986122886681096,3.4657359027997265,3.295836866004329,3.58351893845611,2.772588722239781,1.6094379124341003,2.0794415416798357,1.9459101490553132,0.0,2.3978952727983707,2.4849066497880004,0.6931471805599453
Cell_0267,15-Year (Juvenile),15,Developing Secondary Xylem (VND6/7+),0.6260660674491317,26,1,2,1,0,2,3,20,23,26,16,2,4,1,1,2,22,4,0.6931471805599453,1.0986122886681096,0.6931471805599453,0.0,1.0986122886681096,1.3862943611198906,3.044522437723423,3.1780538303479458,3.295836866004329,2.833213344056216,1.0986122886681096,1.6094379124341003,0.6931471805599453,0.6931471805599453,1.0986122886681096,3.1354942159291497,1.6094379124341003
Cell_0268,15-Year (Juvenile),15,Developing Secondary Xylem (VND6/7+),0.549692662736466,21,2,11,0,1,0,2,22,34,56,16,6,5,2,5,9,8,6,1.0986122886681096,2.4849066497880004,0.0,0.6931471805599453,0.0,1.0986122886681096,3.1354942159291497,3.5553480614894135,4.04305126783455,2.833213344056216,1.9459101490553132,1.791759469228055,1.0986122886681096,1.791759469228055,2.302585092994046,2.1972245773362196,1.9459101490553132
Cell_0269,15-Year (Juvenile),15,Developing Secondary Xylem (VND6/7+),0.7724586291603516,25,0,5,0,0,2,1,27,26,45,25,4,4,5,0,14,21,4,0.0,1.791759469228055,0.0,0.0,1.0986122886681096,0.6931471805599453,3.332204510175204,3.295836866004329,3.828641396489095,3.258096538021482,1.6094379124341003,1.6094379124341003,1.791759469228055,0.0,2.70805020110221,3.091042453358316,1.6094379124341003
Cell_0270,15-Year (Juvenile),15,Developing Secondary Xylem (VND6/7+),0.705598616572264,18,1,1,0,0,0,1,24,33,34,16,1,1,0,1,8,18,1,0.6931471805599453,0.6931471805599453,0.0,0.0,0.0,0.6931471805599453,3.2188758248682006,3.5263605246161616,3.5553480614894135,2.833213344056216,0.6931471805599453,0.6931471805599453,0.0,0.6931471805599453,2.1972245773362196,2.9444389791664403,0.6931471805599453
Cell_0271,15-Year (Juvenile),15,Developing Secondary Xylem (VND6/7+),0.8661993067372578,10,3,5,1,0,3,1,28,16,54,9,7,6,2,4,6,8,2,1.3862943611198906,1.791759469228055,0.6931471805599453,0.0,1.3862943611198906,0.6931471805599453,3.367295829986474,2.833213344056216,4.007333185232471,2.302585092994046,2.0794415416798357,1.9459101490553132,1.0986122886681096,1.6094379124341003,1.9459101490553132,2.1972245773362196,1.0986122886681096
Cell_0272,15-Year (Juvenile),15,Developing Secondary Xylem (VND6/7+),0.5519324012242403,24,4,3,0,0,0,3,23,16,33,13,4,3,3,0,1,14,1,1.6094379124341003,1.3862943611198906,0.0,0.0,0.0,1.3862943611198906,3.1780538303479458,2.833213344056216,3.5263605246161616,2.639057329615259,1.6094379124341003,1.3862943611198906,1.3862943611198906,0.0,0.6931471805599453,2.70805020110221,0.6931471805599453
Cell_0273,15-Year (Juvenile),15,Developing Secondary Xylem (VND6/7+),0.605749851125157,16,3,1,2,0,0,0,21,26,48,12,1,3,4,1,5,11,3,1.3862943611198906,0.6931471805599453,1.0986122886681096,0.0,0.0,0.0,3.091042453358316,3.295836866004329,3.8918202981106265,2.5649493574615367,0.6931471805599453,1.3862943611198906,1.6094379124341003,0.6931471805599453,1.791759469228055,2.4849066497880004,1.3862943611198906
Cell_0274,15-Year (Juvenile),15,Developing Secondary Xylem (VND6/7+),0.6526967035687663,18,5,0,0,0,0,2,22,23,37,21,0,3,5,0,7,5,0,1.791759469228055,0.0,0.0,0.0,0.0,1.0986122886681096,3.1354942159291497,3.1780538303479458,3.6375861597263857,3.091042453358316,0.0,1.3862943611198906,1.791759469228055,0.0,2.0794415416798357,1.791759469228055,0.0
Cell_0275,15-Year (Juvenile),15,Developing Secondary Xylem (VND6/7+),0.6711471197037366,17,1,4,1,0,0,1,36,25,48,18,8,6,1,1,13,10,4,0.6931471805599453,1.6094379124341003,0.6931471805599453,0.0,0.0,0.6931471805599453,3.6109179126442243,3.258096538021482,3.8918202981106265,2.9444389791664403,2.1972245773362196,1.9459101490553132,0.6931471805599453,0.6931471805599453,2.639057329615259,2.3978952727983707,1.6094379124341003
Cell_0276,15-Year (Juvenile),15,Developing Secondary Xylem (VND6/7+),0.5340741537589694,25,0,2,0,0,1,3,50,31,32,20,3,5,2,0,15,20,6,0.0,1.0986122886681096,0.0,0.0,0.6931471805599453,1.3862943611198906,3.9318256327243257,3.4657359027997265,3.4965075614664802,3.044522437723423,1.3862943611198906,1.791759469228055,1.0986122886681096,0.0,2.772588722239781,3.044522437723423,1.9459101490553132
Cell_0277,15-Year (Juvenile),15,Developing Secondary Xylem (VND6/7+),0.6524632377086601,28,1,1,2,0,1,3,25,24,27,14,3,2,1,1,12,16,0,0.6931471805599453,0.6931471805599453,1.0986122886681096,0.0,0.6931471805599453,1.3862943611198906,3.258096538021482,3.2188758248682006,3.332204510175204,2.70805020110221,1.3862943611198906,1.0986122886681096,0.6931471805599453,0.6931471805599453,2.5649493574615367,2.833213344056216,0.0
Cell_0278,15-Year (Juvenile),15,Developing Secondary Xylem (VND6/7+),0.8488131202977672,18,0,5,0,0,3,1,28,17,66,14,5,1,1,0,1,19,2,0.0,1.791759469228055,0.0,0.0,1.3862943611198906,0.6931471805599453,3.367295829986474,2.8903717578961645,4.204692619390966,2.70805020110221,1.791759469228055,0.6931471805599453,0.6931471805599453,0.0,0.6931471805599453,2.995732273553991,1.0986122886681096
Cell_0279,15-Year (Juvenile),15,Developing Secondary Xylem (VND6/7+),0.7848975861228834,17,0,4,0,0,0,1,19,13,51,23,8,3,1,1,9,26,2,0.0,1.6094379124341003,0.0,0.0,0.0,0.6931471805599453,2.995732273553991,2.639057329615259,3.9512437185814275,3.1780538303479458,2.1972245773362196,1.3862943611198906,0.6931471805599453,0.6931471805599453,2.302585092994046,3.295836866004329,1.0986122886681096
Cell_0280,15-Year (Juvenile),15,Developing Secondary Xylem (VND6/7+),0.7434833476475328,22,1,7,0,0,0,1,18,11,26,19,2,3,2,0,6,22,1,0.6931471805599453,2.0794415416798357,0.0,0.0,0.0,0.6931471805599453,2.9444389791664403,2.4849066497880004,3.295836866004329,2.995732273553991,1.0986122886681096,1.3862943611198906,1.0986122886681096,0.0,1.9459101490553132,3.1354942159291497,0.6931471805599453
Cell_0281,15-Year (Juvenile),15,Developing Secondary Xylem (VND6/7+),0.5769637571529368,22,2,7,0,0,0,0,29,31,45,10,3,2,1,4,7,12,1,1.0986122886681096,2.0794415416798357,0.0,0.0,0.0,0.0,3.4011973816621555,3.4657359027997265,3.828641396489095,2.3978952727983707,1.3862943611198906,1.0986122886681096,0.6931471805599453,1.6094379124341003,2.0794415416798357,2.5649493574615367,0.6931471805599453
Cell_0282,15-Year (Juvenile),15,Developing Secondary Xylem (VND6/7+),0.3500772684745862,22,0,0,2,0,0,0,28,24,28,17,3,2,7,0,3,8,2,0.0,0.0,1.0986122886681096,0.0,0.0,0.0,3.367295829986474,3.2188758248682006,3.367295829986474,2.8903717578961645,1.3862943611198906,1.0986122886681096,2.0794415416798357,0.0,1.3862943611198906,2.1972245773362196,1.0986122886681096
Cell_0283,15-Year (Juvenile),15,Developing Secondary Xylem (VND6/7+),0.8136958758112898,25,2,5,0,0,2,1,29,28,24,26,6,1,7,1,3,15,6,1.0986122886681096,1.791759469228055,0.0,0.0,1.0986122886681096,0.6931471805599453,3.4011973816621555,3.367295829986474,3.2188758248682006,3.295836866004329,1.9459101490553132,0.6931471805599453,2.0794415416798357,0.6931471805599453,1.3862943611198906,2.772588722239781,1.9459101490553132
Cell_0284,15-Year (Juvenile),15,Developing Secondary Xylem (VND6/7+),0.8439402992950167,21,2,2,0,0,0,0,23,13,18,35,1,5,0,0,9,12,4,1.0986122886681096,1.0986122886681096,0.0,0.0,0.0,0.0,3.1780538303479458,2.639057329615259,2.9444389791664403,3.58351893845611,0.6931471805599453,1.791759469228055,0.0,0.0,2.302585092994046,2.5649493574615367,1.6094379124341003
Cell_0285,15-Year (Juvenile),15,Developing Secondary Xylem (VND6/7+),0.49968684030238564,24,3,4,0,1,0,4,24,10,45,11,10,4,1,3,11,21,5,1.3862943611198906,1.6094379124341003,0.0,0.6931471805599453,0.0,1.6094379124341003,3.2188758248682006,2.3978952727983707,3.828641396489095,2.4849066497880004,2.3978952727983707,1.6094379124341003,0.6931471805599453,1.3862943611198906,2.4849066497880004,3.091042453358316,1.791759469228055
Cell_0286,15-Year (Juvenile),15,Developing Secondary Xylem (VND6/7+),0.6994741426129197,17,0,1,0,0,1,0,17,20,39,20,3,0,0,4,3,17,9,0.0,0.6931471805599453,0.0,0.0,0.6931471805599453,0.0,2.8903717578961645,3.044522437723423,3.6888794541139363,3.044522437723423,1.3862943611198906,0.0,0.0,1.6094379124341003,1.3862943611198906,2.8903717578961645,2.302585092994046
Cell_0287,15-Year (Juvenile),15,Developing Secondary Xylem (VND6/7+),0.7753658530297652,29,2,1,2,0,1,0,15,21,38,17,1,2,1,0,5,12,4,1.0986122886681096,0.6931471805599453,1.0986122886681096,0.0,0.6931471805599453,0.0,2.772588722239781,3.091042453358316,3.6635616461296463,2.8903717578961645,0.6931471805599453,1.0986122886681096,0.6931471805599453,0.0,1.791759469228055,2.5649493574615367,1.6094379124341003
Cell_0288,15-Year (Juvenile),15,Developing Secondary Xylem (VND6/7+),0.8389711998196389,27,4,5,0,1,0,4,22,16,42,9,2,4,0,0,5,13,3,1.6094379124341003,1.791759469228055,0.0,0.6931471805599453,0.0,1.6094379124341003,3.1354942159291497,2.833213344056216,3.7612001156935624,2.302585092994046,1.0986122886681096,1.6094379124341003,0.0,0.0,1.791759469228055,2.639057329615259,1.3862943611198906
Cell_0289,15-Year (Juvenile),15,Developing Secondary Xylem (VND6/7+),0.47527805406532464,14,1,4,1,0,1,1,22,39,47,20,6,1,2,1,11,8,9,0.6931471805599453,1.6094379124341003,0.6931471805599453,0.0,0.6931471805599453,0.6931471805599453,3.1354942159291497,3.6888794541139363,3.8712010109078907,3.044522437723423,1.9459101490553132,0.6931471805599453,1.0986122886681096,0.6931471805599453,2.4849066497880004,2.1972245773362196,2.302585092994046
Cell_0290,15-Year (Juvenile),15,Developing Secondary Xylem (VND6/7+),0.48829405789228203,19,0,5,0,1,3,4,32,14,53,14,0,1,4,1,5,10,2,0.0,1.791759469228055,0.0,0.6931471805599453,1.3862943611198906,1.6094379124341003,3.4965075614664802,2.70805020110221,3.9889840465642745,2.70805020110221,0.0,0.6931471805599453,1.6094379124341003,0.6931471805599453,1.791759469228055,2.3978952727983707,1.0986122886681096
Cell_0291,15-Year (Juvenile),15,Developing Secondary Xylem (VND6/7+),0.5365768093104054,25,2,2,0,0,2,1,20,31,37,8,5,2,6,0,8,8,0,1.0986122886681096,1.0986122886681096,0.0,0.0,1.0986122886681096,0.6931471805599453,3.044522437723423,3.4657359027997265,3.6375861597263857,2.1972245773362196,1.791759469228055,1.0986122886681096,1.9459101490553132,0.0,2.1972245773362196,2.1972245773362196,0.0
Cell_0292,15-Year (Juvenile),15,Developing Secondary Xylem (VND6/7+),0.6483097205553705,20,7,2,0,0,1,1,23,34,39,9,5,3,2,0,7,19,10,2.0794415416798357,1.0986122886681096,0.0,0.0,0.6931471805599453,0.6931471805599453,3.1780538303479458,3.5553480614894135,3.6888794541139363,2.302585092994046,1.791759469228055,1.3862943611198906,1.0986122886681096,0.0,2.0794415416798357,2.995732273553991,2.3978952727983707
Cell_0293,15-Year (Juvenile),15,Developing Secondary Xylem (VND6/7+),0.8512546788101799,14,2,1,0,0,0,2,35,9,41,14,0,0,6,0,9,18,5,1.0986122886681096,0.6931471805599453,0.0,0.0,0.0,1.0986122886681096,3.58351893845611,2.302585092994046,3.7376696182833684,2.70805020110221,0.0,0.0,1.9459101490553132,0.0,2.302585092994046,2.9444389791664403,1.791759469228055
Cell_0294,15-Year (Juvenile),15,Developing Secondary Xylem (VND6/7+),0.7987045571879648,20,2,8,0,0,2,0,28,16,55,17,5,2,1,4,3,7,10,1.0986122886681096,2.1972245773362196,0.0,0.0,1.0986122886681096,0.0,3.367295829986474,2.833213344056216,4.02535169073515,2.8903717578961645,1.791759469228055,1.0986122886681096,0.6931471805599453,1.6094379124341003,1.3862943611198906,2.0794415416798357,2.3978952727983707
Cell_0295,15-Year (Juvenile),15,Developing Secondary Xylem (VND6/7+),0.7278900959861828,16,1,1,0,0,0,1,29,18,33,12,3,0,2,4,7,26,5,0.6931471805599453,0.6931471805599453,0.0,0.0,0.0,0.6931471805599453,3.4011973816621555,2.9444389791664403,3.5263605246161616,2.5649493574615367,1.3862943611198906,0.0,1.0986122886681096,1.6094379124341003,2.0794415416798357,3.295836866004329,1.791759469228055
Cell_0296,15-Year (Juvenile),15,Developing Secondary Xylem (VND6/7+),0.635366679697749,19,0,2,1,0,2,0,28,11,20,22,2,5,2,0,16,14,7,0.0,1.0986122886681096,0.6931471805599453,0.0,1.0986122886681096,0.0,3.367295829986474,2.4849066497880004,3.044522437723423,3.1354942159291497,1.0986122886681096,1.791759469228055,1.0986122886681096,0.0,2.833213344056216,2.70805020110221,2.0794415416798357
Cell_0297,15-Year (Juvenile),15,Developing Secondary Xylem (VND6/7+),0.8551976872783731,19,3,2,0,0,2,0,39,22,19,13,9,4,4,0,4,3,3,1.3862943611198906,1.0986122886681096,0.0,0.0,1.0986122886681096,0.0,3.6888794541139363,3.1354942159291497,2.995732273553991,2.639057329615259,2.302585092994046,1.6094379124341003,1.6094379124341003,0.0,1.6094379124341003,1.3862943611198906,1.3862943611198906
Cell_0298,15-Year (Juvenile),15,Developing Secondary Xylem (VND6/7+),0.7618891054427771,19,1,3,0,0,3,0,21,15,43,12,6,4,1,3,4,17,4,0.6931471805599453,1.3862943611198906,0.0,0.0,1.3862943611198906,0.0,3.091042453358316,2.772588722239781,3.784189633918261,2.5649493574615367,1.9459101490553132,1.6094379124341003,0.6931471805599453,1.3862943611198906,1.6094379124341003,2.8903717578961645,1.6094379124341003
Cell_0299,15-Year (Juvenile),15,Developing Secondary Xylem (VND6/7+),0.29042213107224246,21,2,2,1,0,3,0,16,40,34,12,5,4,3,1,19,22,3,1.0986122886681096,1.0986122886681096,0.6931471805599453,0.0,1.3862943611198906,0.0,2.833213344056216,3.713572066704308,3.5553480614894135,2.5649493574615367,1.791759469228055,1.6094379124341003,1.3862943611198906,0.6931471805599453,2.995732273553991,3.1354942159291497,1.3862943611198906
Cell_0300,15-Year (Juvenile),15,Developing Secondary Xylem (VND6/7+),0.7404676444392408,18,3,5,0,0,0,0,25,27,43,15,4,1,7,3,8,14,8,1.3862943611198906,1.791759469228055,0.0,0.0,0.0,0.0,3.258096538021482,3.332204510175204,3.784189633918261,2.772588722239781,1.6094379124341003,0.6931471805599453,2.0794415416798357,1.3862943611198906,2.1972245773362196,2.70805020110221,2.1972245773362196
Cell_0301,15-Year (Juvenile),15,Developing Secondary Xylem (VND6/7+),0.5198709425149959,14,3,1,0,0,0,1,30,34,58,28,1,4,1,3,2,23,11,1.3862943611198906,0.6931471805599453,0.0,0.0,0.0,0.6931471805599453,3.4339872044851463,3.5553480614894135,4.07753744390572,3.367295829986474,0.6931471805599453,1.6094379124341003,0.6931471805599453,1.3862943611198906,1.0986122886681096,3.1780538303479458,2.4849066497880004
Cell_0302,15-Year (Juvenile),15,Developing Secondary Xylem (VND6/7+),0.8809329870266118,17,1,3,0,0,0,0,14,17,37,23,7,5,3,2,5,16,0,0.6931471805599453,1.3862943611198906,0.0,0.0,0.0,0.0,2.70805020110221,2.8903717578961645,3.6375861597263857,3.1780538303479458,2.0794415416798357,1.791759469228055,1.3862943611198906,1.0986122886681096,1.791759469228055,2.833213344056216,0.0
Cell_0303,15-Year (Juvenile),15,Developing Secondary Xylem (VND6/7+),0.32621535870507473,21,2,6,1,0,0,1,11,22,35,14,3,3,4,2,20,4,7,1.0986122886681096,1.9459101490553132,0.6931471805599453,0.0,0.0,0.6931471805599453,2.4849066497880004,3.1354942159291497,3.58351893845611,2.70805020110221,1.3862943611198906,1.3862943611198906,1.6094379124341003,1.0986122886681096,3.044522437723423,1.6094379124341003,2.0794415416798357
Cell_0304,15-Year (Juvenile),15,Developing Secondary Xylem (VND6/7+),0.7344612240829527,23,4,3,0,0,2,0,34,29,31,14,2,1,2,0,28,20,2,1.6094379124341003,1.3862943611198906,0.0,0.0,1.0986122886681096,0.0,3.5553480614894135,3.4011973816621555,3.4657359027997265,2.70805020110221,1.0986122886681096,0.6931471805599453,1.0986122886681096,0.0,3.367295829986474,3.044522437723423,1.0986122886681096
Cell_0305,15-Year (Juvenile),15,Developing Secondary Xylem (VND6/7+),0.37471513659253214,23,0,2,0,0,2,6,37,37,30,21,1,3,0,3,5,9,1,0.0,1.0986122886681096,0.0,0.0,1.0986122886681096,1.9459101490553132,3.6375861597263857,3.6375861597263857,3.4339872044851463,3.091042453358316,0.6931471805599453,1.3862943611198906,0.0,1.3862943611198906,1.791759469228055,2.302585092994046,0.6931471805599453
Cell_0306,15-Year (Juvenile),15,Developing Secondary Xylem (VND6/7+),0.47201564783360267,23,1,4,0,0,0,1,20,23,31,16,0,5,9,0,1,11,3,0.6931471805599453,1.6094379124341003,0.0,0.0,0.0,0.6931471805599453,3.044522437723423,3.1780538303479458,3.4657359027997265,2.833213344056216,0.0,1.791759469228055,2.302585092994046,0.0,0.6931471805599453,2.4849066497880004,1.3862943611198906
Cell_0307,15-Year (Juvenile),15,Developing Secondary Xylem (VND6/7+),0.7162229779267879,19,0,0,0,0,2,3,28,22,33,22,4,4,1,2,5,25,6,0.0,0.0,0.0,0.0,1.0986122886681096,1.3862943611198906,3.367295829986474,3.1354942159291497,3.5263605246161616,3.1354942159291497,1.6094379124341003,1.6094379124341003,0.6931471805599453,1.0986122886681096,1.791759469228055,3.258096538021482,1.9459101490553132
Cell_0308,15-Year (Juvenile),15,Developing Secondary Xylem (VND6/7+),0.8010496800938495,16,4,1,1,1,2,1,26,31,56,13,4,1,0,3,8,18,12,1.6094379124341003,0.6931471805599453,0.6931471805599453,0.6931471805599453,1.0986122886681096,0.6931471805599453,3.295836866004329,3.4657359027997265,4.04305126783455,2.639057329615259,1.6094379124341003,0.6931471805599453,0.0,1.3862943611198906,2.1972245773362196,2.9444389791664403,2.5649493574615367
Cell_0309,15-Year (Juvenile),15,Developing Secondary Xylem (VND6/7+),0.7059796411949906,26,3,8,0,1,2,1,15,10,45,7,2,3,6,0,6,10,3,1.3862943611198906,2.1972245773362196,0.0,0.6931471805599453,1.0986122886681096,0.6931471805599453,2.772588722239781,2.3978952727983707,3.828641396489095,2.0794415416798357,1.0986122886681096,1.3862943611198906,1.9459101490553132,0.0,1.9459101490553132,2.3978952727983707,1.3862943611198906
Cell_0310,15-Year (Juvenile),15,Developing Secondary Xylem (VND6/7+),0.5315959767572938,28,2,1,1,0,0,0,22,12,39,18,2,1,14,4,12,22,4,1.0986122886681096,0.6931471805599453,0.6931471805599453,0.0,0.0,0.0,3.1354942159291497,2.5649493574615367,3.6888794541139363,2.9444389791664403,1.0986122886681096,0.6931471805599453,2.70805020110221,1.6094379124341003,2.5649493574615367,3.1354942159291497,1.6094379124341003
Cell_0311,15-Year (Juvenile),15,Developing Secondary Xylem (VND6/7+),0.14833624399335987,22,3,1,0,0,1,0,31,20,21,31,3,6,1,0,9,18,2,1.3862943611198906,0.6931471805599453,0.0,0.0,0.6931471805599453,0.0,3.4657359027997265,3.044522437723423,3.091042453358316,3.4657359027997265,1.3862943611198906,1.9459101490553132,0.6931471805599453,0.0,2.302585092994046,2.9444389791664403,1.0986122886681096
Cell_0312,15-Year (Juvenile),15,Developing Secondary Xylem (VND6/7+),0.9625907214347316,25,0,1,2,0,0,2,20,13,31,9,5,6,0,0,23,12,3,0.0,0.6931471805599453,1.0986122886681096,0.0,0.0,1.0986122886681096,3.044522437723423,2.639057329615259,3.4657359027997265,2.302585092994046,1.791759469228055,1.9459101490553132,0.0,0.0,3.1780538303479458,2.5649493574615367,1.3862943611198906
Cell_0313,15-Year (Juvenile),15,Developing Secondary Xylem (VND6/7+),0.6486082482771295,18,1,2,0,0,0,3,40,15,60,18,1,2,1,2,5,12,9,0.6931471805599453,1.0986122886681096,0.0,0.0,0.0,1.3862943611198906,3.713572066704308,2.772588722239781,4.110873864173311,2.9444389791664403,0.6931471805599453,1.0986122886681096,0.6931471805599453,1.0986122886681096,1.791759469228055,2.5649493574615367,2.302585092994046
Cell_0314,15-Year (Juvenile),15,Developing Secondary Xylem (VND6/7+),0.5877202595260441,11,5,1,1,0,2,0,28,30,35,8,4,6,1,0,5,22,3,1.791759469228055,0.6931471805599453,0.6931471805599453,0.0,1.0986122886681096,0.0,3.367295829986474,3.4339872044851463,3.58351893845611,2.1972245773362196,1.6094379124341003,1.9459101490553132,0.6931471805599453,0.0,1.791759469228055,3.1354942159291497,1.3862943611198906
Cell_0315,15-Year (Juvenile),15,Developing Secondary Xylem (VND6/7+),0.6630983094602458,13,0,2,1,0,1,2,30,28,41,11,1,1,5,2,16,20,1,0.0,1.0986122886681096,0.6931471805599453,0.0,0.6931471805599453,1.0986122886681096,3.4339872044851463,3.367295829986474,3.7376696182833684,2.4849066497880004,0.6931471805599453,0.6931471805599453,1.791759469228055,1.0986122886681096,2.833213344056216,3.044522437723423,0.6931471805599453
Cell_0316,15-Year (Juvenile),15,Developing Secondary Xylem (VND6/7+),0.9258133290291364,26,0,4,0,0,0,0,21,7,27,12,2,2,7,1,5,7,9,0.0,1.6094379124341003,0.0,0.0,0.0,0.0,3.091042453358316,2.0794415416798357,3.332204510175204,2.5649493574615367,1.0986122886681096,1.0986122886681096,2.0794415416798357,0.6931471805599453,1.791759469228055,2.0794415416798357,2.302585092994046
Cell_0317,15-Year (Juvenile),15,Developing Secondary Xylem (VND6/7+),0.30777116933348847,19,1,1,0,1,0,0,32,32,30,20,5,0,3,2,3,18,3,0.6931471805599453,0.6931471805599453,0.0,0.6931471805599453,0.0,0.0,3.4965075614664802,3.4965075614664802,3.4339872044851463,3.044522437723423,1.791759469228055,0.0,1.3862943611198906,1.0986122886681096,1.3862943611198906,2.9444389791664403,1.3862943611198906
Cell_0318,15-Year (Juvenile),15,Developing Secondary Xylem (VND6/7+),0.650303148414184,18,4,3,1,1,1,3,36,20,54,16,4,3,3,0,6,5,5,1.6094379124341003,1.3862943611198906,0.6931471805599453,0.6931471805599453,0.6931471805599453,1.3862943611198906,3.6109179126442243,3.044522437723423,4.007333185232471,2.833213344056216,1.6094379124341003,1.3862943611198906,1.3862943611198906,0.0,1.9459101490553132,1.791759469228055,1.791759469228055
Cell_0319,15-Year (Juvenile),15,Developing Secondary Xylem (VND6/7+),0.9028526201872733,15,0,7,0,0,0,2,31,22,27,15,2,9,3,1,3,12,2,0.0,2.0794415416798357,0.0,0.0,0.0,1.0986122886681096,3.4657359027997265,3.1354942159291497,3.332204510175204,2.772588722239781,1.0986122886681096,2.302585092994046,1.3862943611198906,0.6931471805599453,1.3862943611198906,2.5649493574615367,1.0986122886681096
Cell_0320,15-Year (Juvenile),15,Developing Secondary Xylem (VND6/7+),0.7025189709817643,22,2,3,0,0,1,4,27,9,48,14,1,9,4,1,8,14,6,1.0986122886681096,1.3862943611198906,0.0,0.0,0.6931471805599453,1.6094379124341003,3.332204510175204,2.302585092994046,3.8918202981106265,2.70805020110221,0.6931471805599453,2.302585092994046,1.6094379124341003,0.6931471805599453,2.1972245773362196,2.70805020110221,1.9459101490553132
Cell_0321,15-Year (Juvenile),15,Developing Secondary Xylem (VND6/7+),0.8609525382324303,20,0,3,0,0,0,0,12,22,28,19,6,8,2,0,4,8,13,0.0,1.3862943611198906,0.0,0.0,0.0,0.0,2.5649493574615367,3.1354942159291497,3.367295829986474,2.995732273553991,1.9459101490553132,2.1972245773362196,1.0986122886681096,0.0,1.6094379124341003,2.1972245773362196,2.639057329615259
Cell_0322,15-Year (Juvenile),15,Developing Secondary Xylem (VND6/7+),0.8101851077725816,23,2,4,1,1,0,0,22,16,44,22,3,10,2,0,1,11,5,1.0986122886681096,1.6094379124341003,0.6931471805599453,0.6931471805599453,0.0,0.0,3.1354942159291497,2.833213344056216,3.8066624897703196,3.1354942159291497,1.3862943611198906,2.3978952727983707,1.0986122886681096,0.0,0.6931471805599453,2.4849066497880004,1.791759469228055
Cell_0323,15-Year (Juvenile),15,Developing Secondary Xylem (VND6/7+),0.86257904264231,18,2,5,2,0,0,0,27,16,42,15,5,1,7,1,1,15,4,1.0986122886681096,1.791759469228055,1.0986122886681096,0.0,0.0,0.0,3.332204510175204,2.833213344056216,3.7612001156935624,2.772588722239781,1.791759469228055,0.6931471805599453,2.0794415416798357,0.6931471805599453,0.6931471805599453,2.772588722239781,1.6094379124341003
Cell_0324,15-Year (Juvenile),15,Developing Secondary Xylem (VND6/7+),0.411296153561178,26,1,1,1,0,0,0,25,29,35,19,0,2,1,1,3,18,8,0.6931471805599453,0.6931471805599453,0.6931471805599453,0.0,0.0,0.0,3.258096538021482,3.4011973816621555,3.58351893845611,2.995732273553991,0.0,1.0986122886681096,0.6931471805599453,0.6931471805599453,1.3862943611198906,2.9444389791664403,2.1972245773362196
Cell_0325,15-Year (Juvenile),15,Developing Secondary Xylem (VND6/7+),0.25830643721722285,27,1,2,0,1,0,1,28,16,34,18,0,3,2,0,3,11,4,0.6931471805599453,1.0986122886681096,0.0,0.6931471805599453,0.0,0.6931471805599453,3.367295829986474,2.833213344056216,3.5553480614894135,2.9444389791664403,0.0,1.3862943611198906,1.0986122886681096,0.0,1.3862943611198906,2.4849066497880004,1.6094379124341003
Cell_0326,15-Year (Juvenile),15,Developing Secondary Xylem (VND6/7+),0.8737071819320957,27,0,12,0,0,0,7,26,15,29,16,2,0,2,4,9,14,6,0.0,2.5649493574615367,0.0,0.0,0.0,2.0794415416798357,3.295836866004329,2.772588722239781,3.4011973816621555,2.833213344056216,1.0986122886681096,0.0,1.0986122886681096,1.6094379124341003,2.302585092994046,2.70805020110221,1.9459101490553132
Cell_0327,15-Year (Juvenile),15,Developing Secondary Xylem (VND6/7+),0.3090397387611097,28,1,1,0,2,1,3,25,28,43,9,0,1,3,1,12,7,2,0.6931471805599453,0.6931471805599453,0.0,1.0986122886681096,0.6931471805599453,1.3862943611198906,3.258096538021482,3.367295829986474,3.784189633918261,2.302585092994046,0.0,0.6931471805599453,1.3862943611198906,0.6931471805599453,2.5649493574615367,2.0794415416798357,1.0986122886681096
Cell_0328,15-Year (Juvenile),15,Developing Secondary Xylem (VND6/7+),0.5095154573130668,23,2,4,0,0,1,1,11,15,26,4,3,2,3,0,9,18,6,1.0986122886681096,1.6094379124341003,0.0,0.0,0.6931471805599453,0.6931471805599453,2.4849066497880004,2.772588722239781,3.295836866004329,1.6094379124341003,1.3862943611198906,1.0986122886681096,1.3862943611198906,0.0,2.302585092994046,2.9444389791664403,1.9459101490553132
Cell_0329,15-Year (Juvenile),15,Developing Secondary Xylem (VND6/7+),0.3258891885384658,29,0,3,0,1,7,0,22,26,32,26,1,10,2,1,9,27,3,0.0,1.3862943611198906,0.0,0.6931471805599453,2.0794415416798357,0.0,3.1354942159291497,3.295836866004329,3.4965075614664802,3.295836866004329,0.6931471805599453,2.3978952727983707,1.0986122886681096,0.6931471805599453,2.302585092994046,3.332204510175204,1.3862943611198906
Cell_0330,15-Year (Juvenile),15,Developing Secondary Xylem (VND6/7+),0.7766286394695369,22,2,1,1,0,0,0,37,22,40,7,8,3,6,1,5,23,11,1.0986122886681096,0.6931471805599453,0.6931471805599453,0.0,0.0,0.0,3.6375861597263857,3.1354942159291497,3.713572066704308,2.0794415416798357,2.1972245773362196,1.3862943611198906,1.9459101490553132,0.6931471805599453,1.791759469228055,3.1780538303479458,2.4849066497880004
Cell_0331,15-Year (Juvenile),15,Developing Secondary Xylem (VND6/7+),0.8124262552443677,12,2,1,0,0,7,1,18,13,24,15,0,3,0,1,15,17,8,1.0986122886681096,0.6931471805599453,0.0,0.0,2.0794415416798357,0.6931471805599453,2.9444389791664403,2.639057329615259,3.2188758248682006,2.772588722239781,0.0,1.3862943611198906,0.0,0.6931471805599453,2.772588722239781,2.8903717578961645,2.1972245773362196
Cell_0332,15-Year (Juvenile),15,Developing Secondary Xylem (VND6/7+),0.8480826841028568,19,1,2,0,0,0,0,36,26,25,18,2,3,3,2,2,13,3,0.6931471805599453,1.0986122886681096,0.0,0.0,0.0,0.0,3.6109179126442243,3.295836866004329,3.258096538021482,2.9444389791664403,1.0986122886681096,1.3862943611198906,1.3862943611198906,1.0986122886681096,1.0986122886681096,2.639057329615259,1.3862943611198906
Cell_0333,15-Year (Juvenile),15,Developing Secondary Xylem (VND6/7+),0.6367814010753117,22,0,4,0,1,4,1,33,21,45,27,5,1,1,2,7,17,1,0.0,1.6094379124341003,0.0,0.6931471805599453,1.6094379124341003,0.6931471805599453,3.5263605246161616,3.091042453358316,3.828641396489095,3.332204510175204,1.791759469228055,0.6931471805599453,0.6931471805599453,1.0986122886681096,2.0794415416798357,2.8903717578961645,0.6931471805599453
Cell_0334,15-Year (Juvenile),15,Developing Secondary Xylem (VND6/7+),0.7026943559759127,15,1,1,0,0,2,2,36,25,23,16,4,5,7,1,2,9,5,0.6931471805599453,0.6931471805599453,0.0,0.0,1.0986122886681096,1.0986122886681096,3.6109179126442243,3.258096538021482,3.1780538303479458,2.833213344056216,1.6094379124341003,1.791759469228055,2.0794415416798357,0.6931471805599453,1.0986122886681096,2.302585092994046,1.791759469228055
Cell_0335,15-Year (Juvenile),15,Developing Secondary Xylem (VND6/7+),0.7966143920611398,22,1,0,0,0,0,0,33,18,25,18,0,0,2,1,7,22,4,0.6931471805599453,0.0,0.0,0.0,0.0,0.0,3.5263605246161616,2.9444389791664403,3.258096538021482,2.9444389791664403,0.0,0.0,1.0986122886681096,0.6931471805599453,2.0794415416798357,3.1354942159291497,1.6094379124341003
Cell_0336,15-Year (Juvenile),15,Developing Secondary Xylem (VND6/7+),0.8832776220298199,28,2,1,0,3,0,1,16,10,34,17,4,9,3,3,11,11,6,1.0986122886681096,0.6931471805599453,0.0,1.3862943611198906,0.0,0.6931471805599453,2.833213344056216,2.3978952727983707,3.5553480614894135,2.8903717578961645,1.6094379124341003,2.302585092994046,1.3862943611198906,1.3862943611198906,2.4849066497880004,2.4849066497880004,1.9459101490553132
Cell_0337,15-Year (Juvenile),15,Developing Secondary Xylem (VND6/7+),0.9338417253293235,23,2,2,1,0,2,2,11,14,21,10,1,7,1,0,9,19,9,1.0986122886681096,1.0986122886681096,0.6931471805599453,0.0,1.0986122886681096,1.0986122886681096,2.4849066497880004,2.70805020110221,3.091042453358316,2.3978952727983707,0.6931471805599453,2.0794415416798357,0.6931471805599453,0.0,2.302585092994046,2.995732273553991,2.302585092994046
Cell_0338,15-Year (Juvenile),15,Developing Secondary Xylem (VND6/7+),0.8543746845702038,15,1,2,1,0,3,1,40,31,28,11,7,2,0,1,7,17,1,0.6931471805599453,1.0986122886681096,0.6931471805599453,0.0,1.3862943611198906,0.6931471805599453,3.713572066704308,3.4657359027997265,3.367295829986474,2.4849066497880004,2.0794415416798357,1.0986122886681096,0.0,0.6931471805599453,2.0794415416798357,2.8903717578961645,0.6931471805599453
Cell_0339,15-Year (Juvenile),15,Developing Secondary Xylem (VND6/7+),0.2814485160876277,23,1,0,0,0,2,0,21,23,34,11,4,3,3,1,4,18,1,0.6931471805599453,0.0,0.0,0.0,1.0986122886681096,0.0,3.091042453358316,3.1780538303479458,3.5553480614894135,2.4849066497880004,1.6094379124341003,1.3862943611198906,1.3862943611198906,0.6931471805599453,1.6094379124341003,2.9444389791664403,0.6931471805599453
Cell_0340,15-Year (Juvenile),15,Developing Secondary Xylem (VND6/7+),0.8553007647221452,17,3,0,0,0,0,1,24,32,34,11,2,2,5,2,0,16,7,1.3862943611198906,0.0,0.0,0.0,0.0,0.6931471805599453,3.2188758248682006,3.4965075614664802,3.5553480614894135,2.4849066497880004,1.0986122886681096,1.0986122886681096,1.791759469228055,1.0986122886681096,0.0,2.833213344056216,2.0794415416798357
Cell_0341,15-Year (Juvenile),15,Developing Secondary Xylem (VND6/7+),0.8940477266752862,15,2,2,0,0,2,2,15,17,30,16,1,0,2,1,10,16,5,1.0986122886681096,1.0986122886681096,0.0,0.0,1.0986122886681096,1.0986122886681096,2.772588722239781,2.8903717578961645,3.4339872044851463,2.833213344056216,0.6931471805599453,0.0,1.0986122886681096,0.6931471805599453,2.3978952727983707,2.833213344056216,1.791759469228055
Cell_0342,15-Year (Juvenile),15,Developing Secondary Xylem (VND6/7+),0.7338155340031655,16,1,6,3,0,5,3,24,36,29,8,2,2,0,0,13,15,5,0.6931471805599453,1.9459101490553132,1.3862943611198906,0.0,1.791759469228055,1.3862943611198906,3.2188758248682006,3.6109179126442243,3.4011973816621555,2.1972245773362196,1.0986122886681096,1.0986122886681096,0.0,0.0,2.639057329615259,2.772588722239781,1.791759469228055
Cell_0343,15-Year (Juvenile),15,Developing Secondary Xylem (VND6/7+),0.4447980395463349,22,1,4,0,0,0,1,23,45,50,23,5,0,2,1,9,12,18,0.6931471805599453,1.6094379124341003,0.0,0.0,0.0,0.6931471805599453,3.1780538303479458,3.828641396489095,3.9318256327243257,3.1780538303479458,1.791759469228055,0.0,1.0986122886681096,0.6931471805599453,2.302585092994046,2.5649493574615367,2.9444389791664403
Cell_0344,15-Year (Juvenile),15,Developing Secondary Xylem (VND6/7+),0.9817072928760419,13,2,2,0,1,3,1,20,14,22,19,4,5,3,0,13,15,13,1.0986122886681096,1.0986122886681096,0.0,0.6931471805599453,1.3862943611198906,0.6931471805599453,3.044522437723423,2.70805020110221,3.1354942159291497,2.995732273553991,1.6094379124341003,1.791759469228055,1.3862943611198906,0.0,2.639057329615259,2.772588722239781,2.639057329615259
Cell_0345,15-Year (Juvenile),15,Developing Secondary Xylem (VND6/7+),0.5701741252352991,27,1,3,0,0,2,3,26,14,26,15,1,2,0,1,4,20,4,0.6931471805599453,1.3862943611198906,0.0,0.0,1.0986122886681096,1.3862943611198906,3.295836866004329,2.70805020110221,3.295836866004329,2.772588722239781,0.6931471805599453,1.0986122886681096,0.0,0.6931471805599453,1.6094379124341003,3.044522437723423,1.6094379124341003
Cell_0346,15-Year (Juvenile),15,Developing Secondary Xylem (VND6/7+),0.7565540545556851,23,2,0,1,0,0,0,25,21,44,7,3,0,0,1,3,6,11,1.0986122886681096,0.0,0.6931471805599453,0.0,0.0,0.0,3.258096538021482,3.091042453358316,3.8066624897703196,2.0794415416798357,1.3862943611198906,0.0,0.0,0.6931471805599453,1.3862943611198906,1.9459101490553132,2.4849066497880004
Cell_0347,15-Year (Juvenile),15,Developing Secondary Xylem (VND6/7+),0.9108400229487537,11,0,1,0,0,2,1,23,27,27,13,1,4,1,0,4,7,6,0.0,0.6931471805599453,0.0,0.0,1.0986122886681096,0.6931471805599453,3.1780538303479458,3.332204510175204,3.332204510175204,2.639057329615259,0.6931471805599453,1.6094379124341003,0.6931471805599453,0.0,1.6094379124341003,2.0794415416798357,1.9459101490553132
Cell_0348,15-Year (Juvenile),15,Developing Secondary Xylem (VND6/7+),0.3550074435711004,8,3,1,2,0,2,2,20,24,37,9,3,3,4,1,7,12,7,1.3862943611198906,0.6931471805599453,1.0986122886681096,0.0,1.0986122886681096,1.0986122886681096,3.044522437723423,3.2188758248682006,3.6375861597263857,2.302585092994046,1.3862943611198906,1.3862943611198906,1.6094379124341003,0.6931471805599453,2.0794415416798357,2.5649493574615367,2.0794415416798357
Cell_0349,15-Year (Juvenile),15,Developing Secondary Xylem (VND6/7+),0.8038983698682725,27,1,2,0,0,2,0,25,25,24,22,2,1,2,1,4,9,6,0.6931471805599453,1.0986122886681096,0.0,0.0,1.0986122886681096,0.0,3.258096538021482,3.258096538021482,3.2188758248682006,3.1354942159291497,1.0986122886681096,0.6931471805599453,1.0986122886681096,0.6931471805599453,1.6094379124341003,2.302585092994046,1.9459101490553132
Cell_0350,15-Year (Juvenile),15,Developing Secondary Xylem (VND6/7+),0.862194749453507,22,3,3,0,0,1,0,30,25,27,13,0,2,0,0,5,17,1,1.3862943611198906,1.3862943611198906,0.0,0.0,0.6931471805599453,0.0,3.4339872044851463,3.258096538021482,3.332204510175204,2.639057329615259,0.0,1.0986122886681096,0.0,0.0,1.791759469228055,2.8903717578961645,0.6931471805599453
Cell_0351,15-Year (Juvenile),15,Developing Secondary Xylem (VND6/7+),0.870775533289326,24,3,8,0,0,3,0,44,16,41,18,2,1,0,0,7,12,7,1.3862943611198906,2.1972245773362196,0.0,0.0,1.3862943611198906,0.0,3.8066624897703196,2.833213344056216,3.7376696182833684,2.9444389791664403,1.0986122886681096,0.6931471805599453,0.0,0.0,2.0794415416798357,2.5649493574615367,2.0794415416798357
Cell_0352,15-Year (Juvenile),15,Developing Secondary Xylem (VND6/7+),0.2761825374103975,21,4,3,0,0,3,1,23,19,43,23,1,3,5,0,3,24,5,1.6094379124341003,1.3862943611198906,0.0,0.0,1.3862943611198906,0.6931471805599453,3.1780538303479458,2.995732273553991,3.784189633918261,3.1780538303479458,0.6931471805599453,1.3862943611198906,1.791759469228055,0.0,1.3862943611198906,3.2188758248682006,1.791759469228055
Cell_0353,15-Year (Juvenile),15,Developing Secondary Xylem (VND6/7+),0.2240436782041088,20,2,4,4,0,1,2,20,23,46,13,9,1,4,0,4,26,5,1.0986122886681096,1.6094379124341003,1.6094379124341003,0.0,0.6931471805599453,1.0986122886681096,3.044522437723423,3.1780538303479458,3.8501476017100584,2.639057329615259,2.302585092994046,0.6931471805599453,1.6094379124341003,0.0,1.6094379124341003,3.295836866004329,1.791759469228055
Cell_0354,15-Year (Juvenile),15,Developing Secondary Xylem (VND6/7+),0.5240450502827639,30,2,5,1,0,1,2,25,22,34,9,0,2,4,3,2,16,10,1.0986122886681096,1.791759469228055,0.6931471805599453,0.0,0.6931471805599453,1.0986122886681096,3.258096538021482,3.1354942159291497,3.5553480614894135,2.302585092994046,0.0,1.0986122886681096,1.6094379124341003,1.3862943611198906,1.0986122886681096,2.833213344056216,2.3978952727983707
Cell_0355,15-Year (Juvenile),15,Developing Secondary Xylem (VND6/7+),0.5288218409931863,24,1,2,0,0,1,0,21,28,48,19,2,3,1,0,14,15,3,0.6931471805599453,1.0986122886681096,0.0,0.0,0.6931471805599453,0.0,3.091042453358316,3.367295829986474,3.8918202981106265,2.995732273553991,1.0986122886681096,1.3862943611198906,0.6931471805599453,0.0,2.70805020110221,2.772588722239781,1.3862943611198906
Cell_0356,15-Year (Juvenile),15,Developing Secondary Xylem (VND6/7+),0.6260578257135931,24,1,3,0,0,4,4,26,27,38,15,4,2,4,0,8,21,1,0.6931471805599453,1.3862943611198906,0.0,0.0,1.6094379124341003,1.6094379124341003,3.295836866004329,3.332204510175204,3.6635616461296463,2.772588722239781,1.6094379124341003,1.0986122886681096,1.6094379124341003,0.0,2.1972245773362196,3.091042453358316,0.6931471805599453
Cell_0357,15-Year (Juvenile),15,Developing Secondary Xylem (VND6/7+),0.9187900295377901,22,1,2,0,0,1,1,26,21,52,14,7,8,0,0,8,9,5,0.6931471805599453,1.0986122886681096,0.0,0.0,0.6931471805599453,0.6931471805599453,3.295836866004329,3.091042453358316,3.970291913552122,2.70805020110221,2.0794415416798357,2.1972245773362196,0.0,0.0,2.1972245773362196,2.302585092994046,1.791759469228055
Cell_0358,15-Year (Juvenile),15,Developing Secondary Xylem (VND6/7+),0.40251991341483084,18,0,1,0,0,1,1,21,25,24,8,12,8,4,1,5,21,10,0.0,0.6931471805599453,0.0,0.0,0.6931471805599453,0.6931471805599453,3.091042453358316,3.258096538021482,3.2188758248682006,2.1972245773362196,2.5649493574615367,2.1972245773362196,1.6094379124341003,0.6931471805599453,1.791759469228055,3.091042453358316,2.3978952727983707
Cell_0359,15-Year (Juvenile),15,Developing Secondary Xylem (VND6/7+),0.5276515385768697,30,0,1,0,0,2,0,26,19,49,18,2,5,5,3,9,9,4,0.0,0.6931471805599453,0.0,0.0,1.0986122886681096,0.0,3.295836866004329,2.995732273553991,3.912023005428146,2.9444389791664403,1.0986122886681096,1.791759469228055,1.791759469228055,1.3862943611198906,2.302585092994046,2.302585092994046,1.6094379124341003
Cell_0360,15-Year (Juvenile),15,Developing Secondary Xylem (VND6/7+),0.6398323481176051,23,2,2,1,0,2,1,23,10,48,11,2,0,1,4,14,16,2,1.0986122886681096,1.0986122886681096,0.6931471805599453,0.0,1.0986122886681096,0.6931471805599453,3.1780538303479458,2.3978952727983707,3.8918202981106265,2.4849066497880004,1.0986122886681096,0.0,0.6931471805599453,1.6094379124341003,2.70805020110221,2.833213344056216,1.0986122886681096
Cell_0361,15-Year (Juvenile),15,Developing Secondary Xylem (VND6/7+),0.34704175591103803,30,0,3,0,0,1,0,27,23,26,24,3,2,3,1,11,4,2,0.0,1.3862943611198906,0.0,0.0,0.6931471805599453,0.0,3.332204510175204,3.1780538303479458,3.295836866004329,3.2188758248682006,1.3862943611198906,1.0986122886681096,1.3862943611198906,0.6931471805599453,2.4849066497880004,1.6094379124341003,1.0986122886681096
Cell_0362,15-Year (Juvenile),15,Developing Secondary Xylem (VND6/7+),0.4516884023477831,13,1,3,0,0,1,3,27,24,43,10,2,0,11,0,14,11,2,0.6931471805599453,1.3862943611198906,0.0,0.0,0.6931471805599453,1.3862943611198906,3.332204510175204,3.2188758248682006,3.784189633918261,2.3978952727983707,1.0986122886681096,0.0,2.4849066497880004,0.0,2.70805020110221,2.4849066497880004,1.0986122886681096
Cell_0363,15-Year (Juvenile),15,Developing Secondary Xylem (VND6/7+),0.9181654838463754,26,1,4,0,0,4,1,26,15,28,16,5,8,0,2,6,11,3,0.6931471805599453,1.6094379124341003,0.0,0.0,1.6094379124341003,0.6931471805599453,3.295836866004329,2.772588722239781,3.367295829986474,2.833213344056216,1.791759469228055,2.1972245773362196,0.0,1.0986122886681096,1.9459101490553132,2.4849066497880004,1.3862943611198906
Cell_0364,15-Year (Juvenile),15,Developing Secondary Xylem (VND6/7+),0.6036702564760615,23,3,4,0,1,1,1,35,30,41,21,9,1,3,1,6,15,3,1.3862943611198906,1.6094379124341003,0.0,0.6931471805599453,0.6931471805599453,0.6931471805599453,3.58351893845611,3.4339872044851463,3.7376696182833684,3.091042453358316,2.302585092994046,0.6931471805599453,1.3862943611198906,0.6931471805599453,1.9459101490553132,2.772588722239781,1.3862943611198906
Cell_0365,15-Year (Juvenile),15,Developing Secondary Xylem (VND6/7+),0.8382832833297543,21,0,4,0,0,5,0,29,35,30,11,2,18,2,1,14,18,2,0.0,1.6094379124341003,0.0,0.0,1.791759469228055,0.0,3.4011973816621555,3.58351893845611,3.4339872044851463,2.4849066497880004,1.0986122886681096,2.9444389791664403,1.0986122886681096,0.6931471805599453,2.70805020110221,2.9444389791664403,1.0986122886681096
Cell_0366,15-Year (Juvenile),15,Developing Secondary Xylem (VND6/7+),0.6305006234802759,23,1,2,2,0,0,4,9,17,32,12,4,2,1,0,3,19,1,0.6931471805599453,1.0986122886681096,1.0986122886681096,0.0,0.0,1.6094379124341003,2.302585092994046,2.8903717578961645,3.4965075614664802,2.5649493574615367,1.6094379124341003,1.0986122886681096,0.6931471805599453,0.0,1.3862943611198906,2.995732273553991,0.6931471805599453
Cell_0367,15-Year (Juvenile),15,Developing Secondary Xylem (VND6/7+),0.6865502071280398,23,1,0,0,0,2,0,26,27,51,20,5,4,0,3,12,14,12,0.6931471805599453,0.0,0.0,0.0,1.0986122886681096,0.0,3.295836866004329,3.332204510175204,3.9512437185814275,3.044522437723423,1.791759469228055,1.6094379124341003,0.0,1.3862943611198906,2.5649493574615367,2.70805020110221,2.5649493574615367
Cell_0368,15-Year (Juvenile),15,Developing Secondary Xylem (VND6/7+),0.6465755827343079,17,4,4,0,0,0,3,14,11,35,24,2,1,4,2,10,17,4,1.6094379124341003,1.6094379124341003,0.0,0.0,0.0,1.3862943611198906,2.70805020110221,2.4849066497880004,3.58351893845611,3.2188758248682006,1.0986122886681096,0.6931471805599453,1.6094379124341003,1.0986122886681096,2.3978952727983707,2.8903717578961645,1.6094379124341003
Cell_0369,15-Year (Juvenile),15,Developing Secondary Xylem (VND6/7+),0.6807178333169137,21,2,3,0,0,2,2,17,25,36,11,5,5,0,2,9,15,1,1.0986122886681096,1.3862943611198906,0.0,0.0,1.0986122886681096,1.0986122886681096,2.8903717578961645,3.258096538021482,3.6109179126442243,2.4849066497880004,1.791759469228055,1.791759469228055,0.0,1.0986122886681096,2.302585092994046,2.772588722239781,0.6931471805599453
Cell_0370,15-Year (Juvenile),15,Developing Secondary Xylem (VND6/7+),0.6544811517938212,17,0,5,2,0,4,3,9,28,52,14,6,3,8,2,13,19,3,0.0,1.791759469228055,1.0986122886681096,0.0,1.6094379124341003,1.3862943611198906,2.302585092994046,3.367295829986474,3.970291913552122,2.70805020110221,1.9459101490553132,1.3862943611198906,2.1972245773362196,1.0986122886681096,2.639057329615259,2.995732273553991,1.3862943611198906
Cell_0371,15-Year (Juvenile),15,Developing Secondary Xylem (VND6/7+),0.4689576294028384,23,5,2,0,0,3,2,18,13,40,14,5,3,2,0,8,20,3,1.791759469228055,1.0986122886681096,0.0,0.0,1.3862943611198906,1.0986122886681096,2.9444389791664403,2.639057329615259,3.713572066704308,2.70805020110221,1.791759469228055,1.3862943611198906,1.0986122886681096,0.0,2.1972245773362196,3.044522437723423,1.3862943611198906
Cell_0372,15-Year (Juvenile),15,Developing Secondary Xylem (VND6/7+),0.2800387159114547,30,3,4,0,0,0,0,26,38,41,15,0,4,3,2,3,10,6,1.3862943611198906,1.6094379124341003,0.0,0.0,0.0,0.0,3.295836866004329,3.6635616461296463,3.7376696182833684,2.772588722239781,0.0,1.6094379124341003,1.3862943611198906,1.0986122886681096,1.3862943611198906,2.3978952727983707,1.9459101490553132
Cell_0373,15-Year (Juvenile),15,Developing Secondary Xylem (VND6/7+),0.7918433912305956,23,2,2,0,1,4,3,45,40,38,16,5,0,1,2,3,10,2,1.0986122886681096,1.0986122886681096,0.0,0.6931471805599453,1.6094379124341003,1.3862943611198906,3.828641396489095,3.713572066704308,3.6635616461296463,2.833213344056216,1.791759469228055,0.0,0.6931471805599453,1.0986122886681096,1.3862943611198906,2.3978952727983707,1.0986122886681096
Cell_0374,15-Year (Juvenile),15,Developing Secondary Xylem (VND6/7+),0.7207523896535867,25,2,4,1,0,1,1,27,17,37,25,5,3,0,0,24,14,11,1.0986122886681096,1.6094379124341003,0.6931471805599453,0.0,0.6931471805599453,0.6931471805599453,3.332204510175204,2.8903717578961645,3.6375861597263857,3.258096538021482,1.791759469228055,1.3862943611198906,0.0,0.0,3.2188758248682006,2.70805020110221,2.4849066497880004
Cell_0375,15-Year (Juvenile),15,Developing Secondary Xylem (VND6/7+),0.49878307946920397,22,1,4,0,0,0,1,29,20,25,9,4,5,7,1,2,12,7,0.6931471805599453,1.6094379124341003,0.0,0.0,0.0,0.6931471805599453,3.4011973816621555,3.044522437723423,3.258096538021482,2.302585092994046,1.6094379124341003,1.791759469228055,2.0794415416798357,0.6931471805599453,1.0986122886681096,2.5649493574615367,2.0794415416798357
Cell_0376,15-Year (Juvenile),15,Developing Secondary Xylem (VND6/7+),0.5641707465062156,22,1,9,0,0,0,1,23,29,30,20,7,1,4,0,2,9,7,0.6931471805599453,2.302585092994046,0.0,0.0,0.0,0.6931471805599453,3.1780538303479458,3.4011973816621555,3.4339872044851463,3.044522437723423,2.0794415416798357,0.6931471805599453,1.6094379124341003,0.0,1.0986122886681096,2.302585092994046,2.0794415416798357
Cell_0377,15-Year (Juvenile),15,Developing Secondary Xylem (VND6/7+),0.669189849812789,19,4,1,1,0,0,0,20,19,36,36,6,7,4,0,3,16,7,1.6094379124341003,0.6931471805599453,0.6931471805599453,0.0,0.0,0.0,3.044522437723423,2.995732273553991,3.6109179126442243,3.6109179126442243,1.9459101490553132,2.0794415416798357,1.6094379124341003,0.0,1.3862943611198906,2.833213344056216,2.0794415416798357
Cell_0378,15-Year (Juvenile),15,Developing Secondary Xylem (VND6/7+),0.39522874101965944,20,3,1,0,0,4,2,19,27,32,12,7,4,7,1,11,16,4,1.3862943611198906,0.6931471805599453,0.0,0.0,1.6094379124341003,1.0986122886681096,2.995732273553991,3.332204510175204,3.4965075614664802,2.5649493574615367,2.0794415416798357,1.6094379124341003,2.0794415416798357,0.6931471805599453,2.4849066497880004,2.833213344056216,1.6094379124341003
Cell_0379,15-Year (Juvenile),15,Developing Secondary Xylem (VND6/7+),0.9235094445067331,17,1,0,0,0,1,2,23,18,27,8,3,6,1,0,7,13,5,0.6931471805599453,0.0,0.0,0.0,0.6931471805599453,1.0986122886681096,3.1780538303479458,2.9444389791664403,3.332204510175204,2.1972245773362196,1.3862943611198906,1.9459101490553132,0.6931471805599453,0.0,2.0794415416798357,2.639057329615259,1.791759469228055
Cell_0380,15-Year (Juvenile),15,Developing Secondary Xylem (VND6/7+),0.7993790848677836,17,3,6,0,2,0,1,20,19,50,14,0,4,2,1,2,7,6,1.3862943611198906,1.9459101490553132,0.0,1.0986122886681096,0.0,0.6931471805599453,3.044522437723423,2.995732273553991,3.9318256327243257,2.70805020110221,0.0,1.6094379124341003,1.0986122886681096,0.6931471805599453,1.0986122886681096,2.0794415416798357,1.9459101490553132
Cell_0381,15-Year (Juvenile),15,Developing Secondary Xylem (VND6/7+),0.8512650203617173,24,6,1,0,0,0,2,31,16,27,14,2,0,1,2,6,14,8,1.9459101490553132,0.6931471805599453,0.0,0.0,0.0,1.0986122886681096,3.4657359027997265,2.833213344056216,3.332204510175204,2.70805020110221,1.0986122886681096,0.0,0.6931471805599453,1.0986122886681096,1.9459101490553132,2.70805020110221,2.1972245773362196
Cell_0382,15-Year (Juvenile),15,Developing Secondary Xylem (VND6/7+),0.8872076605452769,13,1,4,0,0,1,4,20,25,27,20,0,1,1,2,5,14,6,0.6931471805599453,1.6094379124341003,0.0,0.0,0.6931471805599453,1.6094379124341003,3.044522437723423,3.258096538021482,3.332204510175204,3.044522437723423,0.0,0.6931471805599453,0.6931471805599453,1.0986122886681096,1.791759469228055,2.70805020110221,1.9459101490553132
Cell_0383,15-Year (Juvenile),15,Developing Secondary Xylem (VND6/7+),0.7244448498667263,22,4,0,0,0,0,2,37,39,50,8,4,7,3,4,5,12,8,1.6094379124341003,0.0,0.0,0.0,0.0,1.0986122886681096,3.6375861597263857,3.6888794541139363,3.9318256327243257,2.1972245773362196,1.6094379124341003,2.0794415416798357,1.3862943611198906,1.6094379124341003,1.791759469228055,2.5649493574615367,2.1972245773362196
Cell_0384,15-Year (Juvenile),15,Developing Secondary Xylem (VND6/7+),0.8414699366898639,25,2,6,0,0,1,3,14,19,40,5,2,1,1,0,8,15,2,1.0986122886681096,1.9459101490553132,0.0,0.0,0.6931471805599453,1.3862943611198906,2.70805020110221,2.995732273553991,3.713572066704308,1.791759469228055,1.0986122886681096,0.6931471805599453,0.6931471805599453,0.0,2.1972245773362196,2.772588722239781,1.0986122886681096
Cell_0385,15-Year (Juvenile),15,Developing Secondary Xylem (VND6/7+),0.18628736259743464,21,6,0,0,0,4,3,36,18,30,20,1,6,0,0,7,16,11,1.9459101490553132,0.0,0.0,0.0,1.6094379124341003,1.3862943611198906,3.6109179126442243,2.9444389791664403,3.4339872044851463,3.044522437723423,0.6931471805599453,1.9459101490553132,0.0,0.0,2.0794415416798357,2.833213344056216,2.4849066497880004
Cell_0386,15-Year (Juvenile),15,Developing Secondary Xylem (VND6/7+),0.5780772204361316,14,8,2,1,1,3,1,45,22,35,25,3,4,3,2,17,11,8,2.1972245773362196,1.0986122886681096,0.6931471805599453,0.6931471805599453,1.3862943611198906,0.6931471805599453,3.828641396489095,3.1354942159291497,3.58351893845611,3.258096538021482,1.3862943611198906,1.6094379124341003,1.3862943611198906,1.0986122886681096,2.8903717578961645,2.4849066497880004,2.1972245773362196
Cell_0387,15-Year (Juvenile),15,Developing Secondary Xylem (VND6/7+),0.8028861223085564,18,1,7,0,0,0,0,13,25,70,8,9,1,5,1,6,16,1,0.6931471805599453,2.0794415416798357,0.0,0.0,0.0,0.0,2.639057329615259,3.258096538021482,4.2626798770413155,2.1972245773362196,2.302585092994046,0.6931471805599453,1.791759469228055,0.6931471805599453,1.9459101490553132,2.833213344056216,0.6931471805599453
Cell_0388,15-Year (Juvenile),15,Developing Secondary Xylem (VND6/7+),0.7533347722129495,16,0,4,0,0,1,1,38,14,62,16,3,1,3,1,3,2,7,0.0,1.6094379124341003,0.0,0.0,0.6931471805599453,0.6931471805599453,3.6635616461296463,2.70805020110221,4.143134726391533,2.833213344056216,1.3862943611198906,0.6931471805599453,1.3862943611198906,0.6931471805599453,1.3862943611198906,1.0986122886681096,2.0794415416798357
Cell_0389,15-Year (Juvenile),15,Developing Secondary Xylem (VND6/7+),0.7262486916203696,16,1,3,0,0,0,4,26,11,27,13,2,0,1,1,10,17,2,0.6931471805599453,1.3862943611198906,0.0,0.0,0.0,1.6094379124341003,3.295836866004329,2.4849066497880004,3.332204510175204,2.639057329615259,1.0986122886681096,0.0,0.6931471805599453,0.6931471805599453,2.3978952727983707,2.8903717578961645,1.0986122886681096
Cell_0390,15-Year (Juvenile),15,Developing Secondary Xylem (VND6/7+),0.6387168109919052,18,1,2,0,0,1,1,18,17,27,17,6,2,1,1,19,7,4,0.6931471805599453,1.0986122886681096,0.0,0.0,0.6931471805599453,0.6931471805599453,2.9444389791664403,2.8903717578961645,3.332204510175204,2.8903717578961645,1.9459101490553132,1.0986122886681096,0.6931471805599453,0.6931471805599453,2.995732273553991,2.0794415416798357,1.6094379124341003
Cell_0391,15-Year (Juvenile),15,Developing Secondary Xylem (VND6/7+),0.5332631096081693,22,4,1,0,0,0,0,32,24,30,11,1,2,2,1,16,3,6,1.6094379124341003,0.6931471805599453,0.0,0.0,0.0,0.0,3.4965075614664802,3.2188758248682006,3.4339872044851463,2.4849066497880004,0.6931471805599453,1.0986122886681096,1.0986122886681096,0.6931471805599453,2.833213344056216,1.3862943611198906,1.9459101490553132
Cell_0392,15-Year (Juvenile),15,Developing Secondary Xylem (VND6/7+),0.48570924355141,24,1,6,2,1,1,0,21,9,34,28,1,2,2,0,8,22,7,0.6931471805599453,1.9459101490553132,1.0986122886681096,0.6931471805599453,0.6931471805599453,0.0,3.091042453358316,2.302585092994046,3.5553480614894135,3.367295829986474,0.6931471805599453,1.0986122886681096,1.0986122886681096,0.0,2.1972245773362196,3.1354942159291497,2.0794415416798357
Cell_0393,15-Year (Juvenile),15,Developing Secondary Xylem (VND6/7+),0.5530517881760628,19,0,4,0,0,4,1,33,23,56,15,4,2,1,2,1,13,4,0.0,1.6094379124341003,0.0,0.0,1.6094379124341003,0.6931471805599453,3.5263605246161616,3.1780538303479458,4.04305126783455,2.772588722239781,1.6094379124341003,1.0986122886681096,0.6931471805599453,1.0986122886681096,0.6931471805599453,2.639057329615259,1.6094379124341003
Cell_0394,15-Year (Juvenile),15,Developing Secondary Xylem (VND6/7+),0.328148996009833,18,1,3,0,0,0,2,28,24,51,12,2,1,2,0,12,14,1,0.6931471805599453,1.3862943611198906,0.0,0.0,0.0,1.0986122886681096,3.367295829986474,3.2188758248682006,3.9512437185814275,2.5649493574615367,1.0986122886681096,0.6931471805599453,1.0986122886681096,0.0,2.5649493574615367,2.70805020110221,0.6931471805599453
Cell_0395,15-Year (Juvenile),15,Developing Secondary Xylem (VND6/7+),0.6085436626876035,9,0,9,0,0,0,3,30,14,37,16,7,2,1,2,4,17,5,0.0,2.302585092994046,0.0,0.0,0.0,1.3862943611198906,3.4339872044851463,2.70805020110221,3.6375861597263857,2.833213344056216,2.0794415416798357,1.0986122886681096,0.6931471805599453,1.0986122886681096,1.6094379124341003,2.8903717578961645,1.791759469228055
Cell_0396,15-Year (Juvenile),15,Developing Secondary Xylem (VND6/7+),0.6098715756368904,12,0,1,0,0,5,0,15,29,38,15,5,0,1,0,3,5,4,0.0,0.6931471805599453,0.0,0.0,1.791759469228055,0.0,2.772588722239781,3.4011973816621555,3.6635616461296463,2.772588722239781,1.791759469228055,0.0,0.6931471805599453,0.0,1.3862943611198906,1.791759469228055,1.6094379124341003
Cell_0397,15-Year (Juvenile),15,Developing Secondary Xylem (VND6/7+),0.8112920903707587,20,5,2,0,0,0,0,25,24,21,12,4,5,5,2,24,5,2,1.791759469228055,1.0986122886681096,0.0,0.0,0.0,0.0,3.258096538021482,3.2188758248682006,3.091042453358316,2.5649493574615367,1.6094379124341003,1.791759469228055,1.791759469228055,1.0986122886681096,3.2188758248682006,1.791759469228055,1.0986122886681096
Cell_0398,15-Year (Juvenile),15,Developing Secondary Xylem (VND6/7+),0.7875104879875302,19,3,3,0,0,0,3,30,23,43,14,1,3,4,2,9,8,1,1.3862943611198906,1.3862943611198906,0.0,0.0,0.0,1.3862943611198906,3.4339872044851463,3.1780538303479458,3.784189633918261,2.70805020110221,0.6931471805599453,1.3862943611198906,1.6094379124341003,1.0986122886681096,2.302585092994046,2.1972245773362196,0.6931471805599453
Cell_0399,15-Year (Juvenile),15,Developing Secondary Xylem (VND6/7+),0.7760587036145118,16,2,3,3,0,1,1,24,21,25,10,3,1,13,0,6,25,4,1.0986122886681096,1.3862943611198906,1.3862943611198906,0.0,0.6931471805599453,0.6931471805599453,3.2188758248682006,3.091042453358316,3.258096538021482,2.3978952727983707,1.3862943611198906,0.6931471805599453,2.639057329615259,0.0,1.9459101490553132,3.258096538021482,1.6094379124341003
Cell_0400,15-Year (Juvenile),15,Developing Secondary Xylem (VND6/7+),0.9246083447050439,22,0,3,0,0,0,0,22,19,48,9,0,4,0,0,4,10,0,0.0,1.3862943611198906,0.0,0.0,0.0,0.0,3.1354942159291497,2.995732273553991,3.8918202981106265,2.302585092994046,0.0,1.6094379124341003,0.0,0.0,1.6094379124341003,2.3978952727983707,0.0
Cell_0401,15-Year (Juvenile),15,Developing Secondary Xylem (VND6/7+),0.9688702981432111,20,2,4,0,0,1,2,33,23,43,16,10,3,6,3,1,7,2,1.0986122886681096,1.6094379124341003,0.0,0.0,0.6931471805599453,1.0986122886681096,3.5263605246161616,3.1780538303479458,3.784189633918261,2.833213344056216,2.3978952727983707,1.3862943611198906,1.9459101490553132,1.3862943611198906,0.6931471805599453,2.0794415416798357,1.0986122886681096
Cell_0402,15-Year (Juvenile),15,Developing Secondary Xylem (VND6/7+),0.9854372407429285,15,3,5,1,0,1,0,19,24,23,22,2,7,3,0,10,18,9,1.3862943611198906,1.791759469228055,0.6931471805599453,0.0,0.6931471805599453,0.0,2.995732273553991,3.2188758248682006,3.1780538303479458,3.1354942159291497,1.0986122886681096,2.0794415416798357,1.3862943611198906,0.0,2.3978952727983707,2.9444389791664403,2.302585092994046
Cell_0403,15-Year (Juvenile),15,Developing Secondary Xylem (VND6/7+),0.8759102404171328,18,1,2,1,0,3,4,21,5,28,16,0,6,2,0,7,17,4,0.6931471805599453,1.0986122886681096,0.6931471805599453,0.0,1.3862943611198906,1.6094379124341003,3.091042453358316,1.791759469228055,3.367295829986474,2.833213344056216,0.0,1.9459101490553132,1.0986122886681096,0.0,2.0794415416798357,2.8903717578961645,1.6094379124341003
Cell_0404,15-Year (Juvenile),15,Developing Secondary Xylem (VND6/7+),0.8193915957237308,24,3,8,0,1,2,0,17,14,43,23,2,1,2,1,3,15,7,1.3862943611198906,2.1972245773362196,0.0,0.6931471805599453,1.0986122886681096,0.0,2.8903717578961645,2.70805020110221,3.784189633918261,3.1780538303479458,1.0986122886681096,0.6931471805599453,1.0986122886681096,0.6931471805599453,1.3862943611198906,2.772588722239781,2.0794415416798357
Cell_0405,15-Year (Juvenile),15,Developing Secondary Xylem (VND6/7+),0.6869642611422161,26,1,2,0,1,2,4,24,20,38,7,5,1,8,0,12,17,10,0.6931471805599453,1.0986122886681096,0.0,0.6931471805599453,1.0986122886681096,1.6094379124341003,3.2188758248682006,3.044522437723423,3.6635616461296463,2.0794415416798357,1.791759469228055,0.6931471805599453,2.1972245773362196,0.0,2.5649493574615367,2.8903717578961645,2.3978952727983707
Cell_0406,15-Year (Juvenile),15,Developing Secondary Xylem (VND6/7+),0.6962850433726068,28,5,4,0,0,1,2,40,14,38,6,4,3,1,3,5,11,5,1.791759469228055,1.6094379124341003,0.0,0.0,0.6931471805599453,1.0986122886681096,3.713572066704308,2.70805020110221,3.6635616461296463,1.9459101490553132,1.6094379124341003,1.3862943611198906,0.6931471805599453,1.3862943611198906,1.791759469228055,2.4849066497880004,1.791759469228055
Cell_0407,15-Year (Juvenile),15,Developing Secondary Xylem (VND6/7+),0.7605027710009523,19,3,6,1,1,0,0,16,13,23,13,4,4,5,1,2,17,3,1.3862943611198906,1.9459101490553132,0.6931471805599453,0.6931471805599453,0.0,0.0,2.833213344056216,2.639057329615259,3.1780538303479458,2.639057329615259,1.6094379124341003,1.6094379124341003,1.791759469228055,0.6931471805599453,1.0986122886681096,2.8903717578961645,1.3862943611198906
Cell_0408,15-Year (Juvenile),15,Developing Secondary Xylem (VND6/7+),0.9178499969110617,17,0,5,0,0,1,0,25,24,25,16,3,5,1,5,3,17,2,0.0,1.791759469228055,0.0,0.0,0.6931471805599453,0.0,3.258096538021482,3.2188758248682006,3.258096538021482,2.833213344056216,1.3862943611198906,1.791759469228055,0.6931471805599453,1.791759469228055,1.3862943611198906,2.8903717578961645,1.0986122886681096
Cell_0409,15-Year (Juvenile),15,Developing Secondary Xylem (VND6/7+),0.6360978084790494,14,2,9,0,0,1,1,34,40,20,14,2,3,5,2,5,9,4,1.0986122886681096,2.302585092994046,0.0,0.0,0.6931471805599453,0.6931471805599453,3.5553480614894135,3.713572066704308,3.044522437723423,2.70805020110221,1.0986122886681096,1.3862943611198906,1.791759469228055,1.0986122886681096,1.791759469228055,2.302585092994046,1.6094379124341003
Cell_0410,15-Year (Juvenile),15,Developing Secondary Xylem (VND6/7+),0.32343097888965255,22,2,0,0,0,1,1,23,25,35,15,6,1,6,0,0,43,6,1.0986122886681096,0.0,0.0,0.0,0.6931471805599453,0.6931471805599453,3.1780538303479458,3.258096538021482,3.58351893845611,2.772588722239781,1.9459101490553132,0.6931471805599453,1.9459101490553132,0.0,0.0,3.784189633918261,1.9459101490553132
Cell_0411,15-Year (Juvenile),15,Developing Secondary Xylem (VND6/7+),0.8648832535866179,23,5,3,0,0,4,5,14,12,21,9,5,2,7,1,14,9,6,1.791759469228055,1.3862943611198906,0.0,0.0,1.6094379124341003,1.791759469228055,2.70805020110221,2.5649493574615367,3.091042453358316,2.302585092994046,1.791759469228055,1.0986122886681096,2.0794415416798357,0.6931471805599453,2.70805020110221,2.302585092994046,1.9459101490553132
Cell_0412,15-Year (Juvenile),15,Developing Secondary Xylem (VND6/7+),0.6401108774189109,18,0,1,1,0,4,4,16,19,38,20,3,4,1,0,20,10,10,0.0,0.6931471805599453,0.6931471805599453,0.0,1.6094379124341003,1.6094379124341003,2.833213344056216,2.995732273553991,3.6635616461296463,3.044522437723423,1.3862943611198906,1.6094379124341003,0.6931471805599453,0.0,3.044522437723423,2.3978952727983707,2.3978952727983707
Cell_0413,15-Year (Juvenile),15,Developing Secondary Xylem (VND6/7+),0.45609520136925835,22,0,3,0,0,1,0,20,2,57,16,14,3,1,2,6,29,4,0.0,1.3862943611198906,0.0,0.0,0.6931471805599453,0.0,3.044522437723423,1.0986122886681096,4.060443010546419,2.833213344056216,2.70805020110221,1.3862943611198906,0.6931471805599453,1.0986122886681096,1.9459101490553132,3.4011973816621555,1.6094379124341003
Cell_0414,15-Year (Juvenile),15,Developing Secondary Xylem (VND6/7+),0.7375865551335136,18,1,1,0,0,1,1,29,21,47,20,4,4,4,0,4,10,4,0.6931471805599453,0.6931471805599453,0.0,0.0,0.6931471805599453,0.6931471805599453,3.4011973816621555,3.091042453358316,3.8712010109078907,3.044522437723423,1.6094379124341003,1.6094379124341003,1.6094379124341003,0.0,1.6094379124341003,2.3978952727983707,1.6094379124341003
Cell_0415,15-Year (Juvenile),15,Developing Secondary Xylem (VND6/7+),0.5497000242997682,25,3,2,1,0,3,0,46,10,51,22,7,7,3,0,13,17,2,1.3862943611198906,1.0986122886681096,0.6931471805599453,0.0,1.3862943611198906,0.0,3.8501476017100584,2.3978952727983707,3.9512437185814275,3.1354942159291497,2.0794415416798357,2.0794415416798357,1.3862943611198906,0.0,2.639057329615259,2.8903717578961645,1.0986122886681096
Cell_0416,15-Year (Juvenile),15,Developing Secondary Xylem (VND6/7+),0.6795738166338585,23,0,1,0,0,3,0,33,14,37,14,3,4,0,0,8,15,4,0.0,0.6931471805599453,0.0,0.0,1.3862943611198906,0.0,3.5263605246161616,2.70805020110221,3.6375861597263857,2.70805020110221,1.3862943611198906,1.6094379124341003,0.0,0.0,2.1972245773362196,2.772588722239781,1.6094379124341003
Cell_0417,15-Year (Juvenile),15,Developing Secondary Xylem (VND6/7+),0.7645108200661801,10,9,8,1,0,0,1,21,19,31,21,3,2,3,2,15,7,11,2.302585092994046,2.1972245773362196,0.6931471805599453,0.0,0.0,0.6931471805599453,3.091042453358316,2.995732273553991,3.4657359027997265,3.091042453358316,1.3862943611198906,1.0986122886681096,1.3862943611198906,1.0986122886681096,2.772588722239781,2.0794415416798357,2.4849066497880004
Cell_0418,15-Year (Juvenile),15,Developing Secondary Xylem (VND6/7+),0.6628600986842087,22,0,5,1,0,1,0,27,25,37,15,1,2,3,0,14,16,4,0.0,1.791759469228055,0.6931471805599453,0.0,0.6931471805599453,0.0,3.332204510175204,3.258096538021482,3.6375861597263857,2.772588722239781,0.6931471805599453,1.0986122886681096,1.3862943611198906,0.0,2.70805020110221,2.833213344056216,1.6094379124341003
Cell_0419,15-Year (Juvenile),15,Developing Secondary Xylem (VND6/7+),0.7985300219062588,13,1,1,0,0,0,3,41,11,27,11,4,3,1,1,1,15,6,0.6931471805599453,0.6931471805599453,0.0,0.0,0.0,1.3862943611198906,3.7376696182833684,2.4849066497880004,3.332204510175204,2.4849066497880004,1.6094379124341003,1.3862943611198906,0.6931471805599453,0.6931471805599453,0.6931471805599453,2.772588722239781,1.9459101490553132
Cell_0420,15-Year (Juvenile),15,Developing Secondary Xylem (VND6/7+),0.5453027463516655,22,1,2,0,0,0,0,19,25,46,14,4,4,7,1,8,11,9,0.6931471805599453,1.0986122886681096,0.0,0.0,0.0,0.0,2.995732273553991,3.258096538021482,3.8501476017100584,2.70805020110221,1.6094379124341003,1.6094379124341003,2.0794415416798357,0.6931471805599453,2.1972245773362196,2.4849066497880004,2.302585092994046
Cell_0421,15-Year (Juvenile),15,Developing Secondary Xylem (VND6/7+),0.6610973987400475,19,2,5,0,3,2,0,32,20,54,12,0,0,0,1,5,10,1,1.0986122886681096,1.791759469228055,0.0,1.3862943611198906,1.0986122886681096,0.0,3.4965075614664802,3.044522437723423,4.007333185232471,2.5649493574615367,0.0,0.0,0.0,0.6931471805599453,1.791759469228055,2.3978952727983707,0.6931471805599453
Cell_0422,15-Year (Juvenile),15,Developing Secondary Xylem (VND6/7+),0.635052092261107,23,3,1,1,0,3,0,31,19,40,11,5,4,3,2,3,15,7,1.3862943611198906,0.6931471805599453,0.6931471805599453,0.0,1.3862943611198906,0.0,3.4657359027997265,2.995732273553991,3.713572066704308,2.4849066497880004,1.791759469228055,1.6094379124341003,1.3862943611198906,1.0986122886681096,1.3862943611198906,2.772588722239781,2.0794415416798357
Cell_0423,15-Year (Juvenile),15,Developing Secondary Xylem (VND6/7+),0.6104804320630826,17,0,2,0,1,1,0,21,32,47,7,3,7,4,0,3,21,6,0.0,1.0986122886681096,0.0,0.6931471805599453,0.6931471805599453,0.0,3.091042453358316,3.4965075614664802,3.8712010109078907,2.0794415416798357,1.3862943611198906,2.0794415416798357,1.6094379124341003,0.0,1.3862943611198906,3.091042453358316,1.9459101490553132
Cell_0424,15-Year (Juvenile),15,Developing Secondary Xylem (VND6/7+),0.7943336443823305,22,2,4,1,0,0,2,20,28,38,38,8,12,7,0,5,11,9,1.0986122886681096,1.6094379124341003,0.6931471805599453,0.0,0.0,1.0986122886681096,3.044522437723423,3.367295829986474,3.6635616461296463,3.6635616461296463,2.1972245773362196,2.5649493574615367,2.0794415416798357,0.0,1.791759469228055,2.4849066497880004,2.302585092994046
Cell_0425,15-Year (Juvenile),15,Developing Secondary Xylem (VND6/7+),0.30615152746802893,24,0,6,0,0,0,0,28,41,35,11,3,2,11,3,7,12,5,0.0,1.9459101490553132,0.0,0.0,0.0,0.0,3.367295829986474,3.7376696182833684,3.58351893845611,2.4849066497880004,1.3862943611198906,1.0986122886681096,2.4849066497880004,1.3862943611198906,2.0794415416798357,2.5649493574615367,1.791759469228055
Cell_0426,15-Year (Juvenile),15,Developing Secondary Xylem (VND6/7+),0.8085122854554968,17,0,5,0,1,1,0,35,35,41,14,1,1,2,1,5,16,7,0.0,1.791759469228055,0.0,0.6931471805599453,0.6931471805599453,0.0,3.58351893845611,3.58351893845611,3.7376696182833684,2.70805020110221,0.6931471805599453,0.6931471805599453,1.0986122886681096,0.6931471805599453,1.791759469228055,2.833213344056216,2.0794415416798357
Cell_0427,15-Year (Juvenile),15,Developing Secondary Xylem (VND6/7+),0.46060036343554506,20,0,2,0,0,1,1,20,9,43,8,4,1,2,0,9,16,7,0.0,1.0986122886681096,0.0,0.0,0.6931471805599453,0.6931471805599453,3.044522437723423,2.302585092994046,3.784189633918261,2.1972245773362196,1.6094379124341003,0.6931471805599453,1.0986122886681096,0.0,2.302585092994046,2.833213344056216,2.0794415416798357
Cell_0428,15-Year (Juvenile),15,Developing Secondary Xylem (VND6/7+),0.8830583766199434,17,5,2,0,0,0,1,32,30,25,21,5,2,0,1,5,10,3,1.791759469228055,1.0986122886681096,0.0,0.0,0.0,0.6931471805599453,3.4965075614664802,3.4339872044851463,3.258096538021482,3.091042453358316,1.791759469228055,1.0986122886681096,0.0,0.6931471805599453,1.791759469228055,2.3978952727983707,1.3862943611198906
Cell_0429,15-Year (Juvenile),15,Developing Secondary Xylem (VND6/7+),0.5374845098364542,21,1,3,0,0,0,1,11,20,41,22,1,5,1,1,12,13,4,0.6931471805599453,1.3862943611198906,0.0,0.0,0.0,0.6931471805599453,2.4849066497880004,3.044522437723423,3.7376696182833684,3.1354942159291497,0.6931471805599453,1.791759469228055,0.6931471805599453,0.6931471805599453,2.5649493574615367,2.639057329615259,1.6094379124341003
Cell_0430,15-Year (Juvenile),15,Developing Secondary Xylem (VND6/7+),0.7632068073653345,21,2,4,1,0,0,2,40,29,27,22,9,1,3,1,11,16,1,1.0986122886681096,1.6094379124341003,0.6931471805599453,0.0,0.0,1.0986122886681096,3.713572066704308,3.4011973816621555,3.332204510175204,3.1354942159291497,2.302585092994046,0.6931471805599453,1.3862943611198906,0.6931471805599453,2.4849066497880004,2.833213344056216,0.6931471805599453
Cell_0431,15-Year (Juvenile),15,Developing Secondary Xylem (VND6/7+),0.4713272489851905,26,1,1,0,1,1,2,30,30,37,16,2,3,4,1,4,16,5,0.6931471805599453,0.6931471805599453,0.0,0.6931471805599453,0.6931471805599453,1.0986122886681096,3.4339872044851463,3.4339872044851463,3.6375861597263857,2.833213344056216,1.0986122886681096,1.3862943611198906,1.6094379124341003,0.6931471805599453,1.6094379124341003,2.833213344056216,1.791759469228055
Cell_0432,15-Year (Juvenile),15,Developing Secondary Xylem (VND6/7+),0.7219384193878486,20,3,0,0,0,3,2,37,15,47,21,7,1,1,3,7,11,6,1.3862943611198906,0.0,0.0,0.0,1.3862943611198906,1.0986122886681096,3.6375861597263857,2.772588722239781,3.8712010109078907,3.091042453358316,2.0794415416798357,0.6931471805599453,0.6931471805599453,1.3862943611198906,2.0794415416798357,2.4849066497880004,1.9459101490553132
Cell_0433,15-Year (Juvenile),15,Developing Secondary Xylem (VND6/7+),0.9403158151955092,20,2,3,0,0,1,1,24,12,22,13,4,2,4,1,5,7,11,1.0986122886681096,1.3862943611198906,0.0,0.0,0.6931471805599453,0.6931471805599453,3.2188758248682006,2.5649493574615367,3.1354942159291497,2.639057329615259,1.6094379124341003,1.0986122886681096,1.6094379124341003,0.6931471805599453,1.791759469228055,2.0794415416798357,2.4849066497880004
Cell_0434,15-Year (Juvenile),15,Developing Secondary Xylem (VND6/7+),0.6302150323318436,15,0,0,0,1,0,2,24,23,46,9,8,0,7,1,7,14,3,0.0,0.0,0.0,0.6931471805599453,0.0,1.0986122886681096,3.2188758248682006,3.1780538303479458,3.8501476017100584,2.302585092994046,2.1972245773362196,0.0,2.0794415416798357,0.6931471805599453,2.0794415416798357,2.70805020110221,1.3862943611198906
Cell_0435,15-Year (Juvenile),15,Developing Secondary Xylem (VND6/7+),0.511541476215729,20,3,1,0,0,4,2,25,24,21,11,6,6,5,8,8,19,7,1.3862943611198906,0.6931471805599453,0.0,0.0,1.6094379124341003,1.0986122886681096,3.258096538021482,3.2188758248682006,3.091042453358316,2.4849066497880004,1.9459101490553132,1.9459101490553132,1.791759469228055,2.1972245773362196,2.1972245773362196,2.995732273553991,2.0794415416798357
Cell_0436,15-Year (Juvenile),15,Developing Secondary Xylem (VND6/7+),0.5384755615405411,28,6,4,1,0,1,0,41,13,22,22,0,7,2,0,18,16,1,1.9459101490553132,1.6094379124341003,0.6931471805599453,0.0,0.6931471805599453,0.0,3.7376696182833684,2.639057329615259,3.1354942159291497,3.1354942159291497,0.0,2.0794415416798357,1.0986122886681096,0.0,2.9444389791664403,2.833213344056216,0.6931471805599453
Cell_0437,15-Year (Juvenile),15,Developing Secondary Xylem (VND6/7+),0.9034550073783254,31,1,1,0,0,1,1,22,15,18,19,5,5,3,2,4,10,2,0.6931471805599453,0.6931471805599453,0.0,0.0,0.6931471805599453,0.6931471805599453,3.1354942159291497,2.772588722239781,2.9444389791664403,2.995732273553991,1.791759469228055,1.791759469228055,1.3862943611198906,1.0986122886681096,1.6094379124341003,2.3978952727983707,1.0986122886681096
Cell_0438,15-Year (Juvenile),15,Developing Secondary Xylem (VND6/7+),0.7583656572635583,17,1,3,0,0,0,5,20,25,32,9,7,4,1,0,3,14,3,0.6931471805599453,1.3862943611198906,0.0,0.0,0.0,1.791759469228055,3.044522437723423,3.258096538021482,3.4965075614664802,2.302585092994046,2.0794415416798357,1.6094379124341003,0.6931471805599453,0.0,1.3862943611198906,2.70805020110221,1.3862943611198906
Cell_0439,15-Year (Juvenile),15,Developing Secondary Xylem (VND6/7+),0.6429407435848853,27,1,0,0,2,1,0,23,22,38,19,8,3,0,2,4,17,6,0.6931471805599453,0.0,0.0,1.0986122886681096,0.6931471805599453,0.0,3.1780538303479458,3.1354942159291497,3.6635616461296463,2.995732273553991,2.1972245773362196,1.3862943611198906,0.0,1.0986122886681096,1.6094379124341003,2.8903717578961645,1.9459101490553132
Cell_0440,15-Year (Juvenile),15,Developing Secondary Xylem (VND6/7+),0.6234112276731165,31,4,11,0,2,1,0,22,20,32,17,2,0,2,1,10,7,2,1.6094379124341003,2.4849066497880004,0.0,1.0986122886681096,0.6931471805599453,0.0,3.1354942159291497,3.044522437723423,3.4965075614664802,2.8903717578961645,1.0986122886681096,0.0,1.0986122886681096,0.6931471805599453,2.3978952727983707,2.0794415416798357,1.0986122886681096
Cell_0441,15-Year (Juvenile),15,Developing Secondary Xylem (VND6/7+),0.9149694562465666,23,2,2,0,0,4,0,30,21,45,13,14,2,5,1,12,13,9,1.0986122886681096,1.0986122886681096,0.0,0.0,1.6094379124341003,0.0,3.4339872044851463,3.091042453358316,3.828641396489095,2.639057329615259,2.70805020110221,1.0986122886681096,1.791759469228055,0.6931471805599453,2.5649493574615367,2.639057329615259,2.302585092994046
Cell_0442,15-Year (Juvenile),15,Developing Secondary Xylem (VND6/7+),0.6174611980296909,20,1,0,1,0,1,2,22,24,41,19,6,7,0,0,11,17,7,0.6931471805599453,0.0,0.6931471805599453,0.0,0.6931471805599453,1.0986122886681096,3.1354942159291497,3.2188758248682006,3.7376696182833684,2.995732273553991,1.9459101490553132,2.0794415416798357,0.0,0.0,2.4849066497880004,2.8903717578961645,2.0794415416798357
Cell_0443,15-Year (Juvenile),15,Developing Secondary Xylem (VND6/7+),0.6079501472124977,25,1,4,1,0,1,1,33,32,45,8,3,4,1,0,3,22,5,0.6931471805599453,1.6094379124341003,0.6931471805599453,0.0,0.6931471805599453,0.6931471805599453,3.5263605246161616,3.4965075614664802,3.828641396489095,2.1972245773362196,1.3862943611198906,1.6094379124341003,0.6931471805599453,0.0,1.3862943611198906,3.1354942159291497,1.791759469228055
Cell_0444,15-Year (Juvenile),15,Developing Secondary Xylem (VND6/7+),0.9649314521998672,14,0,3,0,0,2,0,15,33,46,4,2,1,8,0,3,12,1,0.0,1.3862943611198906,0.0,0.0,1.0986122886681096,0.0,2.772588722239781,3.5263605246161616,3.8501476017100584,1.6094379124341003,1.0986122886681096,0.6931471805599453,2.1972245773362196,0.0,1.3862943611198906,2.5649493574615367,0.6931471805599453
Cell_0445,15-Year (Juvenile),15,Developing Secondary Xylem (VND6/7+),0.8261443130392805,19,1,0,1,0,1,0,16,19,58,9,2,1,5,3,12,15,9,0.6931471805599453,0.0,0.6931471805599453,0.0,0.6931471805599453,0.0,2.833213344056216,2.995732273553991,4.07753744390572,2.302585092994046,1.0986122886681096,0.6931471805599453,1.791759469228055,1.3862943611198906,2.5649493574615367,2.772588722239781,2.302585092994046
Cell_0446,15-Year (Juvenile),15,Developing Secondary Xylem (VND6/7+),0.5127393291745057,17,3,2,2,1,1,1,19,10,25,20,4,3,1,0,6,18,11,1.3862943611198906,1.0986122886681096,1.0986122886681096,0.6931471805599453,0.6931471805599453,0.6931471805599453,2.995732273553991,2.3978952727983707,3.258096538021482,3.044522437723423,1.6094379124341003,1.3862943611198906,0.6931471805599453,0.0,1.9459101490553132,2.9444389791664403,2.4849066497880004
Cell_0447,15-Year (Juvenile),15,Developing Secondary Xylem (VND6/7+),0.9124507737668915,17,2,6,1,0,0,1,19,19,26,9,3,4,6,6,7,23,7,1.0986122886681096,1.9459101490553132,0.6931471805599453,0.0,0.0,0.6931471805599453,2.995732273553991,2.995732273553991,3.295836866004329,2.302585092994046,1.3862943611198906,1.6094379124341003,1.9459101490553132,1.9459101490553132,2.0794415416798357,3.1780538303479458,2.0794415416798357
Cell_0448,15-Year (Juvenile),15,Developing Secondary Xylem (VND6/7+),0.8313749400010205,21,1,1,0,0,2,3,25,11,48,11,4,2,4,3,7,16,2,0.6931471805599453,0.6931471805599453,0.0,0.0,1.0986122886681096,1.3862943611198906,3.258096538021482,2.4849066497880004,3.8918202981106265,2.4849066497880004,1.6094379124341003,1.0986122886681096,1.6094379124341003,1.3862943611198906,2.0794415416798357,2.833213344056216,1.0986122886681096
Cell_0449,15-Year (Juvenile),15,Developing Secondary Xylem (VND6/7+),0.863559635669199,24,0,3,0,0,0,0,36,21,37,12,0,2,1,7,3,32,5,0.0,1.3862943611198906,0.0,0.0,0.0,0.0,3.6109179126442243,3.091042453358316,3.6375861597263857,2.5649493574615367,0.0,1.0986122886681096,0.6931471805599453,2.0794415416798357,1.3862943611198906,3.4965075614664802,1.791759469228055
Cell_0450,15-Year (Juvenile),15,Developing Secondary Xylem (VND6/7+),0.5761328393513331,16,0,3,0,0,2,0,19,20,27,16,2,1,2,1,19,14,5,0.0,1.3862943611198906,0.0,0.0,1.0986122886681096,0.0,2.995732273553991,3.044522437723423,3.332204510175204,2.833213344056216,1.0986122886681096,0.6931471805599453,1.0986122886681096,0.6931471805599453,2.995732273553991,2.70805020110221,1.791759469228055
Cell_0451,15-Year (Juvenile),15,Developing Secondary Xylem (VND6/7+),0.6766198309921871,21,2,2,1,0,4,1,18,23,49,16,3,4,1,2,5,19,7,1.0986122886681096,1.0986122886681096,0.6931471805599453,0.0,1.6094379124341003,0.6931471805599453,2.9444389791664403,3.1780538303479458,3.912023005428146,2.833213344056216,1.3862943611198906,1.6094379124341003,0.6931471805599453,1.0986122886681096,1.791759469228055,2.995732273553991,2.0794415416798357
Cell_0452,15-Year (Juvenile),15,Developing Secondary Xylem (VND6/7+),0.4157376346126931,28,1,11,0,1,1,1,33,28,26,21,6,3,3,0,7,17,4,0.6931471805599453,2.4849066497880004,0.0,0.6931471805599453,0.6931471805599453,0.6931471805599453,3.5263605246161616,3.367295829986474,3.295836866004329,3.091042453358316,1.9459101490553132,1.3862943611198906,1.3862943611198906,0.0,2.0794415416798357,2.8903717578961645,1.6094379124341003
Cell_0453,15-Year (Juvenile),15,Developing Secondary Xylem (VND6/7+),0.7598634310938835,20,0,2,0,0,4,2,31,26,24,12,2,0,4,1,16,15,1,0.0,1.0986122886681096,0.0,0.0,1.6094379124341003,1.0986122886681096,3.4657359027997265,3.295836866004329,3.2188758248682006,2.5649493574615367,1.0986122886681096,0.0,1.6094379124341003,0.6931471805599453,2.833213344056216,2.772588722239781,0.6931471805599453
Cell_0454,15-Year (Juvenile),15,Developing Secondary Xylem (VND6/7+),0.5166788484499556,20,2,10,1,0,0,0,11,19,24,17,1,5,4,0,2,34,2,1.0986122886681096,2.3978952727983707,0.6931471805599453,0.0,0.0,0.0,2.4849066497880004,2.995732273553991,3.2188758248682006,2.8903717578961645,0.6931471805599453,1.791759469228055,1.6094379124341003,0.0,1.0986122886681096,3.5553480614894135,1.0986122886681096
Cell_0455,15-Year (Juvenile),15,Developing Secondary Xylem (VND6/7+),0.8768118848717993,24,5,3,0,0,2,0,14,15,32,12,3,1,5,0,10,12,4,1.791759469228055,1.3862943611198906,0.0,0.0,1.0986122886681096,0.0,2.70805020110221,2.772588722239781,3.4965075614664802,2.5649493574615367,1.3862943611198906,0.6931471805599453,1.791759469228055,0.0,2.3978952727983707,2.5649493574615367,1.6094379124341003
Cell_0456,15-Year (Juvenile),15,Developing Secondary Xylem (VND6/7+),0.5879723028659761,23,4,3,0,0,2,2,20,4,50,10,7,0,2,1,11,16,6,1.6094379124341003,1.3862943611198906,0.0,0.0,1.0986122886681096,1.0986122886681096,3.044522437723423,1.6094379124341003,3.9318256327243257,2.3978952727983707,2.0794415416798357,0.0,1.0986122886681096,0.6931471805599453,2.4849066497880004,2.833213344056216,1.9459101490553132
Cell_0457,15-Year (Juvenile),15,Developing Secondary Xylem (VND6/7+),0.5625623313279043,13,7,1,0,1,0,1,29,34,39,29,5,2,1,1,7,12,4,2.0794415416798357,0.6931471805599453,0.0,0.6931471805599453,0.0,0.6931471805599453,3.4011973816621555,3.5553480614894135,3.6888794541139363,3.4011973816621555,1.791759469228055,1.0986122886681096,0.6931471805599453,0.6931471805599453,2.0794415416798357,2.5649493574615367,1.6094379124341003
Cell_0458,15-Year (Juvenile),15,Developing Secondary Xylem (VND6/7+),0.6142432254534401,20,2,3,0,0,1,1,26,22,41,19,6,8,3,2,9,8,4,1.0986122886681096,1.3862943611198906,0.0,0.0,0.6931471805599453,0.6931471805599453,3.295836866004329,3.1354942159291497,3.7376696182833684,2.995732273553991,1.9459101490553132,2.1972245773362196,1.3862943611198906,1.0986122886681096,2.302585092994046,2.1972245773362196,1.6094379124341003
Cell_0459,15-Year (Juvenile),15,Developing Secondary Xylem (VND6/7+),0.8623136142345467,27,1,1,0,0,3,7,41,16,74,9,10,4,3,3,5,5,1,0.6931471805599453,0.6931471805599453,0.0,0.0,1.3862943611198906,2.0794415416798357,3.7376696182833684,2.833213344056216,4.31748811353631,2.302585092994046,2.3978952727983707,1.6094379124341003,1.3862943611198906,1.3862943611198906,1.791759469228055,1.791759469228055,0.6931471805599453
Cell_0460,15-Year (Juvenile),15,Developing Secondary Xylem (VND6/7+),0.6570456983758852,18,3,4,0,1,0,2,27,23,31,11,1,1,4,1,0,11,4,1.3862943611198906,1.6094379124341003,0.0,0.6931471805599453,0.0,1.0986122886681096,3.332204510175204,3.1780538303479458,3.4657359027997265,2.4849066497880004,0.6931471805599453,0.6931471805599453,1.6094379124341003,0.6931471805599453,0.0,2.4849066497880004,1.6094379124341003
Cell_0461,15-Year (Juvenile),15,Developing Secondary Xylem (VND6/7+),0.7853376777627483,20,1,1,0,0,0,2,17,29,41,8,2,5,1,3,19,23,14,0.6931471805599453,0.6931471805599453,0.0,0.0,0.0,1.0986122886681096,2.8903717578961645,3.4011973816621555,3.7376696182833684,2.1972245773362196,1.0986122886681096,1.791759469228055,0.6931471805599453,1.3862943611198906,2.995732273553991,3.1780538303479458,2.70805020110221
Cell_0462,15-Year (Juvenile),15,Developing Secondary Xylem (VND6/7+),0.5702391879217966,18,4,1,0,0,1,2,19,26,45,19,7,3,4,2,5,8,6,1.6094379124341003,0.6931471805599453,0.0,0.0,0.6931471805599453,1.0986122886681096,2.995732273553991,3.295836866004329,3.828641396489095,2.995732273553991,2.0794415416798357,1.3862943611198906,1.6094379124341003,1.0986122886681096,1.791759469228055,2.1972245773362196,1.9459101490553132
Cell_0463,15-Year (Juvenile),15,Developing Secondary Xylem (VND6/7+),0.5554690471804168,18,1,6,0,1,0,0,12,22,33,16,13,4,2,2,3,9,5,0.6931471805599453,1.9459101490553132,0.0,0.6931471805599453,0.0,0.0,2.5649493574615367,3.1354942159291497,3.5263605246161616,2.833213344056216,2.639057329615259,1.6094379124341003,1.0986122886681096,1.0986122886681096,1.3862943611198906,2.302585092994046,1.791759469228055
Cell_0464,15-Year (Juvenile),15,Developing Secondary Xylem (VND6/7+),0.6853822695146858,27,0,5,0,0,2,2,37,18,33,25,6,3,1,1,10,10,9,0.0,1.791759469228055,0.0,0.0,1.0986122886681096,1.0986122886681096,3.6375861597263857,2.9444389791664403,3.5263605246161616,3.258096538021482,1.9459101490553132,1.3862943611198906,0.6931471805599453,0.6931471805599453,2.3978952727983707,2.3978952727983707,2.302585092994046
Cell_0465,15-Year (Juvenile),15,Developing Secondary Xylem (VND6/7+),0.759022039461131,26,0,5,0,0,1,0,24,16,31,7,1,0,0,1,3,12,6,0.0,1.791759469228055,0.0,0.0,0.6931471805599453,0.0,3.2188758248682006,2.833213344056216,3.4657359027997265,2.0794415416798357,0.6931471805599453,0.0,0.0,0.6931471805599453,1.3862943611198906,2.5649493574615367,1.9459101490553132
Cell_0466,15-Year (Juvenile),15,Developing Secondary Xylem (VND6/7+),0.42291844452784244,16,2,8,0,0,2,0,16,11,39,22,2,2,1,1,8,22,2,1.0986122886681096,2.1972245773362196,0.0,0.0,1.0986122886681096,0.0,2.833213344056216,2.4849066497880004,3.6888794541139363,3.1354942159291497,1.0986122886681096,1.0986122886681096,0.6931471805599453,0.6931471805599453,2.1972245773362196,3.1354942159291497,1.0986122886681096
Cell_0467,15-Year (Juvenile),15,Developing Secondary Xylem (VND6/7+),0.7771218058839866,23,0,0,0,0,2,0,25,32,44,14,5,4,1,2,4,6,2,0.0,0.0,0.0,0.0,1.0986122886681096,0.0,3.258096538021482,3.4965075614664802,3.8066624897703196,2.70805020110221,1.791759469228055,1.6094379124341003,0.6931471805599453,1.0986122886681096,1.6094379124341003,1.9459101490553132,1.0986122886681096
Cell_0468,15-Year (Juvenile),15,Developing Secondary Xylem (VND6/7+),0.8281483438095414,18,0,0,0,0,1,0,19,33,25,12,1,2,13,1,3,22,3,0.0,0.0,0.0,0.0,0.6931471805599453,0.0,2.995732273553991,3.5263605246161616,3.258096538021482,2.5649493574615367,0.6931471805599453,1.0986122886681096,2.639057329615259,0.6931471805599453,1.3862943611198906,3.1354942159291497,1.3862943611198906
Cell_0469,15-Year (Juvenile),15,Developing Secondary Xylem (VND6/7+),0.7961295890114166,21,6,0,0,0,1,0,21,18,42,15,3,5,3,1,8,9,6,1.9459101490553132,0.0,0.0,0.0,0.6931471805599453,0.0,3.091042453358316,2.9444389791664403,3.7612001156935624,2.772588722239781,1.3862943611198906,1.791759469228055,1.3862943611198906,0.6931471805599453,2.1972245773362196,2.302585092994046,1.9459101490553132
Cell_0470,15-Year (Juvenile),15,Developing Secondary Xylem (VND6/7+),0.9420895573810731,28,4,2,1,1,0,1,29,39,45,30,6,8,1,2,5,13,2,1.6094379124341003,1.0986122886681096,0.6931471805599453,0.6931471805599453,0.0,0.6931471805599453,3.4011973816621555,3.6888794541139363,3.828641396489095,3.4339872044851463,1.9459101490553132,2.1972245773362196,0.6931471805599453,1.0986122886681096,1.791759469228055,2.639057329615259,1.0986122886681096
Cell_0471,15-Year (Juvenile),15,Developing Secondary Xylem (VND6/7+),0.6710299691114117,24,1,7,0,0,3,3,22,25,43,18,2,2,6,0,5,14,1,0.6931471805599453,2.0794415416798357,0.0,0.0,1.3862943611198906,1.3862943611198906,3.1354942159291497,3.258096538021482,3.784189633918261,2.9444389791664403,1.0986122886681096,1.0986122886681096,1.9459101490553132,0.0,1.791759469228055,2.70805020110221,0.6931471805599453
Cell_0472,15-Year (Juvenile),15,Developing Secondary Xylem (VND6/7+),0.40812332564883885,19,1,3,0,0,0,4,14,10,35,28,3,5,1,3,9,16,1,0.6931471805599453,1.3862943611198906,0.0,0.0,0.0,1.6094379124341003,2.70805020110221,2.3978952727983707,3.58351893845611,3.367295829986474,1.3862943611198906,1.791759469228055,0.6931471805599453,1.3862943611198906,2.302585092994046,2.833213344056216,0.6931471805599453
Cell_0473,15-Year (Juvenile),15,Developing Secondary Xylem (VND6/7+),0.7971435735955337,18,1,1,0,0,0,1,11,29,35,9,0,1,1,4,5,17,11,0.6931471805599453,0.6931471805599453,0.0,0.0,0.0,0.6931471805599453,2.4849066497880004,3.4011973816621555,3.58351893845611,2.302585092994046,0.0,0.6931471805599453,0.6931471805599453,1.6094379124341003,1.791759469228055,2.8903717578961645,2.4849066497880004
Cell_0474,15-Year (Juvenile),15,Developing Secondary Xylem (VND6/7+),0.8170742327134141,16,0,4,0,0,0,0,22,19,30,16,5,4,7,1,5,15,3,0.0,1.6094379124341003,0.0,0.0,0.0,0.0,3.1354942159291497,2.995732273553991,3.4339872044851463,2.833213344056216,1.791759469228055,1.6094379124341003,2.0794415416798357,0.6931471805599453,1.791759469228055,2.772588722239781,1.3862943611198906
Cell_0475,15-Year (Juvenile),15,Developing Secondary Xylem (VND6/7+),0.557031233589481,14,7,2,0,0,1,0,17,18,32,20,9,4,2,1,7,7,10,2.0794415416798357,1.0986122886681096,0.0,0.0,0.6931471805599453,0.0,2.8903717578961645,2.9444389791664403,3.4965075614664802,3.044522437723423,2.302585092994046,1.6094379124341003,1.0986122886681096,0.6931471805599453,2.0794415416798357,2.0794415416798357,2.3978952727983707
Cell_0476,15-Year (Juvenile),15,Developing Secondary Xylem (VND6/7+),0.7746542332097114,26,2,5,0,0,0,0,30,47,36,27,1,4,3,1,7,17,6,1.0986122886681096,1.791759469228055,0.0,0.0,0.0,0.0,3.4339872044851463,3.8712010109078907,3.6109179126442243,3.332204510175204,0.6931471805599453,1.6094379124341003,1.3862943611198906,0.6931471805599453,2.0794415416798357,2.8903717578961645,1.9459101490553132
Cell_0477,15-Year (Juvenile),15,Developing Secondary Xylem (VND6/7+),0.5214935251700447,13,3,2,0,0,0,1,15,15,30,6,4,2,3,3,8,13,7,1.3862943611198906,1.0986122886681096,0.0,0.0,0.0,0.6931471805599453,2.772588722239781,2.772588722239781,3.4339872044851463,1.9459101490553132,1.6094379124341003,1.0986122886681096,1.3862943611198906,1.3862943611198906,2.1972245773362196,2.639057329615259,2.0794415416798357
Cell_0478,15-Year (Juvenile),15,Developing Secondary Xylem (VND6/7+),0.6652720332737361,30,0,5,4,0,1,4,20,23,32,12,0,8,5,4,1,21,6,0.0,1.791759469228055,1.6094379124341003,0.0,0.6931471805599453,1.6094379124341003,3.044522437723423,3.1780538303479458,3.4965075614664802,2.5649493574615367,0.0,2.1972245773362196,1.791759469228055,1.6094379124341003,0.6931471805599453,3.091042453358316,1.9459101490553132
Cell_0479,15-Year (Juvenile),15,Developing Secondary Xylem (VND6/7+),0.6934443258447852,15,2,3,0,0,1,4,28,31,23,23,6,1,5,0,5,10,4,1.0986122886681096,1.3862943611198906,0.0,0.0,0.6931471805599453,1.6094379124341003,3.367295829986474,3.4657359027997265,3.1780538303479458,3.1780538303479458,1.9459101490553132,0.6931471805599453,1.791759469228055,0.0,1.791759469228055,2.3978952727983707,1.6094379124341003
Cell_0480,15-Year (Juvenile),15,Developing Secondary Xylem (VND6/7+),0.40697873018348324,15,1,5,0,0,3,2,34,13,39,24,3,2,7,2,8,16,6,0.6931471805599453,1.791759469228055,0.0,0.0,1.3862943611198906,1.0986122886681096,3.5553480614894135,2.639057329615259,3.6888794541139363,3.2188758248682006,1.3862943611198906,1.0986122886681096,2.0794415416798357,1.0986122886681096,2.1972245773362196,2.833213344056216,1.9459101490553132
Cell_0481,15-Year (Juvenile),15,Developing Secondary Xylem (VND6/7+),0.7276728636274377,22,1,1,0,0,0,0,37,20,46,12,4,5,1,2,4,18,3,0.6931471805599453,0.6931471805599453,0.0,0.0,0.0,0.0,3.6375861597263857,3.044522437723423,3.8501476017100584,2.5649493574615367,1.6094379124341003,1.791759469228055,0.6931471805599453,1.0986122886681096,1.6094379124341003,2.9444389791664403,1.3862943611198906
Cell_0482,15-Year (Juvenile),15,Developing Secondary Xylem (VND6/7+),0.6067917709561954,17,2,2,0,0,6,1,25,5,52,21,3,0,2,1,7,17,8,1.0986122886681096,1.0986122886681096,0.0,0.0,1.9459101490553132,0.6931471805599453,3.258096538021482,1.791759469228055,3.970291913552122,3.091042453358316,1.3862943611198906,0.0,1.0986122886681096,0.6931471805599453,2.0794415416798357,2.8903717578961645,2.1972245773362196
Cell_0483,15-Year (Juvenile),15,Developing Secondary Xylem (VND6/7+),0.3967058278100579,23,2,5,0,0,0,0,19,15,40,8,2,4,0,1,9,17,2,1.0986122886681096,1.791759469228055,0.0,0.0,0.0,0.0,2.995732273553991,2.772588722239781,3.713572066704308,2.1972245773362196,1.0986122886681096,1.6094379124341003,0.0,0.6931471805599453,2.302585092994046,2.8903717578961645,1.0986122886681096
Cell_0484,15-Year (Juvenile),15,Developing Secondary Xylem (VND6/7+),0.5912778819265287,20,2,1,0,2,1,0,27,17,44,10,5,2,2,0,6,14,12,1.0986122886681096,0.6931471805599453,0.0,1.0986122886681096,0.6931471805599453,0.0,3.332204510175204,2.8903717578961645,3.8066624897703196,2.3978952727983707,1.791759469228055,1.0986122886681096,1.0986122886681096,0.0,1.9459101490553132,2.70805020110221,2.5649493574615367
Cell_0485,15-Year (Juvenile),15,Developing Secondary Xylem (VND6/7+),0.9434419712768408,17,0,2,0,0,4,4,33,15,46,18,5,4,3,1,18,4,2,0.0,1.0986122886681096,0.0,0.0,1.6094379124341003,1.6094379124341003,3.5263605246161616,2.772588722239781,3.8501476017100584,2.9444389791664403,1.791759469228055,1.6094379124341003,1.3862943611198906,0.6931471805599453,2.9444389791664403,1.6094379124341003,1.0986122886681096
Cell_0486,15-Year (Juvenile),15,Developing Secondary Xylem (VND6/7+),0.4007077176778043,30,3,7,0,0,0,4,21,13,25,18,3,3,1,1,10,14,3,1.3862943611198906,2.0794415416798357,0.0,0.0,0.0,1.6094379124341003,3.091042453358316,2.639057329615259,3.258096538021482,2.9444389791664403,1.3862943611198906,1.3862943611198906,0.6931471805599453,0.6931471805599453,2.3978952727983707,2.70805020110221,1.3862943611198906
Cell_0487,15-Year (Juvenile),15,Developing Secondary Xylem (VND6/7+),0.9513816681813418,19,1,5,1,0,4,10,19,24,23,21,4,0,4,0,5,8,4,0.6931471805599453,1.791759469228055,0.6931471805599453,0.0,1.6094379124341003,2.3978952727983707,2.995732273553991,3.2188758248682006,3.1780538303479458,3.091042453358316,1.6094379124341003,0.0,1.6094379124341003,0.0,1.791759469228055,2.1972245773362196,1.6094379124341003
Cell_0488,15-Year (Juvenile),15,Developing Secondary Xylem (VND6/7+),0.22180069809051572,21,0,5,0,0,1,0,39,19,42,13,3,3,3,0,5,16,4,0.0,1.791759469228055,0.0,0.0,0.6931471805599453,0.0,3.6888794541139363,2.995732273553991,3.7612001156935624,2.639057329615259,1.3862943611198906,1.3862943611198906,1.3862943611198906,0.0,1.791759469228055,2.833213344056216,1.6094379124341003
Cell_0489,15-Year (Juvenile),15,Developing Secondary Xylem (VND6/7+),0.5325887182761181,19,2,10,0,0,2,1,31,8,55,15,8,1,5,0,10,13,5,1.0986122886681096,2.3978952727983707,0.0,0.0,1.0986122886681096,0.6931471805599453,3.4657359027997265,2.1972245773362196,4.02535169073515,2.772588722239781,2.1972245773362196,0.6931471805599453,1.791759469228055,0.0,2.3978952727983707,2.639057329615259,1.791759469228055
Cell_0490,15-Year (Juvenile),15,Developing Secondary Xylem (VND6/7+),0.6083254964772781,10,1,2,0,0,2,0,14,33,31,16,7,1,3,1,12,10,6,0.6931471805599453,1.0986122886681096,0.0,0.0,1.0986122886681096,0.0,2.70805020110221,3.5263605246161616,3.4657359027997265,2.833213344056216,2.0794415416798357,0.6931471805599453,1.3862943611198906,0.6931471805599453,2.5649493574615367,2.3978952727983707,1.9459101490553132
Cell_0491,15-Year (Juvenile),15,Developing Secondary Xylem (VND6/7+),0.7071808429340027,24,1,1,0,0,4,1,24,41,44,12,4,6,0,9,10,9,4,0.6931471805599453,0.6931471805599453,0.0,0.0,1.6094379124341003,0.6931471805599453,3.2188758248682006,3.7376696182833684,3.8066624897703196,2.5649493574615367,1.6094379124341003,1.9459101490553132,0.0,2.302585092994046,2.3978952727983707,2.302585092994046,1.6094379124341003
Cell_0492,15-Year (Juvenile),15,Developing Secondary Xylem (VND6/7+),0.3321862411380233,14,1,1,0,0,0,0,40,20,44,17,4,0,4,0,10,22,5,0.6931471805599453,0.6931471805599453,0.0,0.0,0.0,0.0,3.713572066704308,3.044522437723423,3.8066624897703196,2.8903717578961645,1.6094379124341003,0.0,1.6094379124341003,0.0,2.3978952727983707,3.1354942159291497,1.791759469228055
Cell_0493,15-Year (Juvenile),15,Developing Secondary Xylem (VND6/7+),0.8812260610132476,17,1,0,0,0,0,3,27,21,42,13,7,7,1,0,8,13,15,0.6931471805599453,0.0,0.0,0.0,0.0,1.3862943611198906,3.332204510175204,3.091042453358316,3.7612001156935624,2.639057329615259,2.0794415416798357,2.0794415416798357,0.6931471805599453,0.0,2.1972245773362196,2.639057329615259,2.772588722239781
Cell_0494,15-Year (Juvenile),15,Developing Secondary Xylem (VND6/7+),0.8474491343268639,21,1,3,0,0,1,0,36,37,26,21,4,5,0,2,13,22,3,0.6931471805599453,1.3862943611198906,0.0,0.0,0.6931471805599453,0.0,3.6109179126442243,3.6375861597263857,3.295836866004329,3.091042453358316,1.6094379124341003,1.791759469228055,0.0,1.0986122886681096,2.639057329615259,3.1354942159291497,1.3862943611198906
Cell_0495,15-Year (Juvenile),15,Developing Secondary Xylem (VND6/7+),0.6625239278231256,15,4,0,2,0,4,1,9,33,39,14,5,5,1,3,12,25,5,1.6094379124341003,0.0,1.0986122886681096,0.0,1.6094379124341003,0.6931471805599453,2.302585092994046,3.5263605246161616,3.6888794541139363,2.70805020110221,1.791759469228055,1.791759469228055,0.6931471805599453,1.3862943611198906,2.5649493574615367,3.258096538021482,1.791759469228055
Cell_0496,15-Year (Juvenile),15,Developing Secondary Xylem (VND6/7+),0.4782024547309614,22,1,4,1,0,1,1,23,16,46,22,5,2,2,1,5,11,3,0.6931471805599453,1.6094379124341003,0.6931471805599453,0.0,0.6931471805599453,0.6931471805599453,3.1780538303479458,2.833213344056216,3.8501476017100584,3.1354942159291497,1.791759469228055,1.0986122886681096,1.0986122886681096,0.6931471805599453,1.791759469228055,2.4849066497880004,1.3862943611198906
Cell_0497,15-Year (Juvenile),15,Developing Secondary Xylem (VND6/7+),0.8308970922452066,11,6,2,0,0,2,3,30,16,55,12,1,2,4,1,12,12,9,1.9459101490553132,1.0986122886681096,0.0,0.0,1.0986122886681096,1.3862943611198906,3.4339872044851463,2.833213344056216,4.02535169073515,2.5649493574615367,0.6931471805599453,1.0986122886681096,1.6094379124341003,0.6931471805599453,2.5649493574615367,2.5649493574615367,2.302585092994046
Cell_0498,15-Year (Juvenile),15,Developing Secondary Xylem (VND6/7+),0.7335811080141041,17,0,2,0,0,4,0,22,25,46,19,5,4,0,0,5,18,8,0.0,1.0986122886681096,0.0,0.0,1.6094379124341003,0.0,3.1354942159291497,3.258096538021482,3.8501476017100584,2.995732273553991,1.791759469228055,1.6094379124341003,0.0,0.0,1.791759469228055,2.9444389791664403,2.1972245773362196
Cell_0499,15-Year (Juvenile),15,Developing Secondary Xylem (VND6/7+),0.7209462144100928,17,2,7,1,2,0,1,33,25,43,16,5,3,3,0,4,22,4,1.0986122886681096,2.0794415416798357,0.6931471805599453,1.0986122886681096,0.0,0.6931471805599453,3.5263605246161616,3.258096538021482,3.784189633918261,2.833213344056216,1.791759469228055,1.3862943611198906,1.3862943611198906,0.0,1.6094379124341003,3.1354942159291497,1.6094379124341003
Cell_0500,15-Year (Juvenile),15,Developing Secondary Xylem (VND6/7+),0.6512118883682017,15,2,3,4,1,3,1,17,27,21,10,2,3,3,1,12,26,3,1.0986122886681096,1.3862943611198906,1.6094379124341003,0.6931471805599453,1.3862943611198906,0.6931471805599453,2.8903717578961645,3.332204510175204,3.091042453358316,2.3978952727983707,1.0986122886681096,1.3862943611198906,1.3862943611198906,0.6931471805599453,2.5649493574615367,3.295836866004329,1.3862943611198906
Cell_0501,15-Year (Juvenile),15,Developing Secondary Xylem (VND6/7+),0.623464755830861,20,3,3,0,2,4,2,35,28,36,14,0,4,0,0,5,25,13,1.3862943611198906,1.3862943611198906,0.0,1.0986122886681096,1.6094379124341003,1.0986122886681096,3.58351893845611,3.367295829986474,3.6109179126442243,2.70805020110221,0.0,1.6094379124341003,0.0,0.0,1.791759469228055,3.258096538021482,2.639057329615259
Cell_0502,15-Year (Juvenile),15,Developing Secondary Xylem (VND6/7+),0.8735801496029498,16,2,2,0,0,1,1,13,18,30,21,2,4,5,1,7,2,2,1.0986122886681096,1.0986122886681096,0.0,0.0,0.6931471805599453,0.6931471805599453,2.639057329615259,2.9444389791664403,3.4339872044851463,3.091042453358316,1.0986122886681096,1.6094379124341003,1.791759469228055,0.6931471805599453,2.0794415416798357,1.0986122886681096,1.0986122886681096
Cell_0503,15-Year (Juvenile),15,Developing Secondary Xylem (VND6/7+),0.9555215421808564,14,2,4,2,0,0,1,23,25,26,12,5,6,8,4,7,22,5,1.0986122886681096,1.6094379124341003,1.0986122886681096,0.0,0.0,0.6931471805599453,3.1780538303479458,3.258096538021482,3.295836866004329,2.5649493574615367,1.791759469228055,1.9459101490553132,2.1972245773362196,1.6094379124341003,2.0794415416798357,3.1354942159291497,1.791759469228055
Cell_0504,15-Year (Juvenile),15,Developing Secondary Xylem (VND6/7+),0.2708253159907602,18,0,2,0,0,2,0,24,12,44,16,3,1,4,1,8,14,5,0.0,1.0986122886681096,0.0,0.0,1.0986122886681096,0.0,3.2188758248682006,2.5649493574615367,3.8066624897703196,2.833213344056216,1.3862943611198906,0.6931471805599453,1.6094379124341003,0.6931471805599453,2.1972245773362196,2.70805020110221,1.791759469228055
Cell_0505,15-Year (Juvenile),15,Developing Secondary Xylem (VND6/7+),0.9062929441613532,18,7,1,1,3,5,5,32,25,53,10,2,2,4,1,15,18,1,2.0794415416798357,0.6931471805599453,0.6931471805599453,1.3862943611198906,1.791759469228055,1.791759469228055,3.4965075614664802,3.258096538021482,3.9889840465642745,2.3978952727983707,1.0986122886681096,1.0986122886681096,1.6094379124341003,0.6931471805599453,2.772588722239781,2.9444389791664403,0.6931471805599453
Cell_0506,15-Year (Juvenile),15,Developing Secondary Xylem (VND6/7+),0.6653239152243136,25,1,1,1,0,0,0,9,21,27,17,3,2,1,0,6,10,2,0.6931471805599453,0.6931471805599453,0.6931471805599453,0.0,0.0,0.0,2.302585092994046,3.091042453358316,3.332204510175204,2.8903717578961645,1.3862943611198906,1.0986122886681096,0.6931471805599453,0.0,1.9459101490553132,2.3978952727983707,1.0986122886681096
Cell_0507,15-Year (Juvenile),15,Developing Secondary Xylem (VND6/7+),0.5125017310941514,16,1,2,0,0,0,6,21,33,33,14,2,3,0,0,4,26,4,0.6931471805599453,1.0986122886681096,0.0,0.0,0.0,1.9459101490553132,3.091042453358316,3.5263605246161616,3.5263605246161616,2.70805020110221,1.0986122886681096,1.3862943611198906,0.0,0.0,1.6094379124341003,3.295836866004329,1.6094379124341003
Cell_0508,15-Year (Juvenile),15,Developing Secondary Xylem (VND6/7+),0.78011205979989,22,1,3,0,0,2,2,18,15,21,7,5,1,6,1,5,24,3,0.6931471805599453,1.3862943611198906,0.0,0.0,1.0986122886681096,1.0986122886681096,2.9444389791664403,2.772588722239781,3.091042453358316,2.0794415416798357,1.791759469228055,0.6931471805599453,1.9459101490553132,0.6931471805599453,1.791759469228055,3.2188758248682006,1.3862943611198906
Cell_0509,15-Year (Juvenile),15,Developing Secondary Xylem (VND6/7+),0.8679630862945896,26,1,3,2,0,0,0,40,24,30,11,2,7,2,2,3,13,3,0.6931471805599453,1.3862943611198906,1.0986122886681096,0.0,0.0,0.0,3.713572066704308,3.2188758248682006,3.4339872044851463,2.4849066497880004,1.0986122886681096,2.0794415416798357,1.0986122886681096,1.0986122886681096,1.3862943611198906,2.639057329615259,1.3862943611198906
Cell_0510,15-Year (Juvenile),15,Developing Secondary Xylem (VND6/7+),0.8557919207771023,21,2,5,1,0,4,2,37,21,28,15,3,7,3,2,3,11,9,1.0986122886681096,1.791759469228055,0.6931471805599453,0.0,1.6094379124341003,1.0986122886681096,3.6375861597263857,3.091042453358316,3.367295829986474,2.772588722239781,1.3862943611198906,2.0794415416798357,1.3862943611198906,1.0986122886681096,1.3862943611198906,2.4849066497880004,2.302585092994046
Cell_0511,15-Year (Juvenile),15,Developing Secondary Xylem (VND6/7+),0.4887062478572643,23,0,3,0,0,0,0,27,32,38,19,7,6,3,3,9,18,7,0.0,1.3862943611198906,0.0,0.0,0.0,0.0,3.332204510175204,3.4965075614664802,3.6635616461296463,2.995732273553991,2.0794415416798357,1.9459101490553132,1.3862943611198906,1.3862943611198906,2.302585092994046,2.9444389791664403,2.0794415416798357
Cell_0512,15-Year (Juvenile),15,Developing Secondary Xylem (VND6/7+),0.710121338082435,25,1,5,0,0,0,3,23,15,33,14,1,3,4,2,12,26,3,0.6931471805599453,1.791759469228055,0.0,0.0,0.0,1.3862943611198906,3.1780538303479458,2.772588722239781,3.5263605246161616,2.70805020110221,0.6931471805599453,1.3862943611198906,1.6094379124341003,1.0986122886681096,2.5649493574615367,3.295836866004329,1.3862943611198906
Cell_0513,15-Year (Juvenile),15,Developing Secondary Xylem (VND6/7+),0.3127114431312814,27,4,1,0,0,3,0,22,24,41,10,4,3,3,4,7,25,3,1.6094379124341003,0.6931471805599453,0.0,0.0,1.3862943611198906,0.0,3.1354942159291497,3.2188758248682006,3.7376696182833684,2.3978952727983707,1.6094379124341003,1.3862943611198906,1.3862943611198906,1.6094379124341003,2.0794415416798357,3.258096538021482,1.3862943611198906
Cell_0514,15-Year (Juvenile),15,Developing Secondary Xylem (VND6/7+),0.9636821488229185,13,0,1,0,0,0,2,28,15,60,7,4,6,1,2,10,11,0,0.0,0.6931471805599453,0.0,0.0,0.0,1.0986122886681096,3.367295829986474,2.772588722239781,4.110873864173311,2.0794415416798357,1.6094379124341003,1.9459101490553132,0.6931471805599453,1.0986122886681096,2.3978952727983707,2.4849066497880004,0.0
Cell_0515,15-Year (Juvenile),15,Developing Secondary Xylem (VND6/7+),0.46743491404485765,25,4,1,0,1,2,0,31,38,37,11,5,1,2,0,2,26,14,1.6094379124341003,0.6931471805599453,0.0,0.6931471805599453,1.0986122886681096,0.0,3.4657359027997265,3.6635616461296463,3.6375861597263857,2.4849066497880004,1.791759469228055,0.6931471805599453,1.0986122886681096,0.0,1.0986122886681096,3.295836866004329,2.70805020110221
Cell_0516,15-Year (Juvenile),15,Developing Secondary Xylem (VND6/7+),0.9312295489228868,18,1,2,2,1,0,0,20,28,61,10,7,4,9,0,16,21,8,0.6931471805599453,1.0986122886681096,1.0986122886681096,0.6931471805599453,0.0,0.0,3.044522437723423,3.367295829986474,4.127134385045092,2.3978952727983707,2.0794415416798357,1.6094379124341003,2.302585092994046,0.0,2.833213344056216,3.091042453358316,2.1972245773362196
Cell_0517,15-Year (Juvenile),15,Developing Secondary Xylem (VND6/7+),0.3263245153678792,8,0,2,0,0,2,3,10,20,28,11,1,3,5,0,10,26,6,0.0,1.0986122886681096,0.0,0.0,1.0986122886681096,1.3862943611198906,2.3978952727983707,3.044522437723423,3.367295829986474,2.4849066497880004,0.6931471805599453,1.3862943611198906,1.791759469228055,0.0,2.3978952727983707,3.295836866004329,1.9459101490553132
Cell_0518,15-Year (Juvenile),15,Developing Secondary Xylem (VND6/7+),0.8402061990231515,22,3,2,0,0,0,1,25,14,37,6,2,2,2,1,9,10,5,1.3862943611198906,1.0986122886681096,0.0,0.0,0.0,0.6931471805599453,3.258096538021482,2.70805020110221,3.6375861597263857,1.9459101490553132,1.0986122886681096,1.0986122886681096,1.0986122886681096,0.6931471805599453,2.302585092994046,2.3978952727983707,1.791759469228055
Cell_0519,15-Year (Juvenile),15,Developing Secondary Xylem (VND6/7+),0.7271507459507036,26,2,0,0,0,4,4,24,20,20,12,6,5,1,0,9,17,7,1.0986122886681096,0.0,0.0,0.0,1.6094379124341003,1.6094379124341003,3.2188758248682006,3.044522437723423,3.044522437723423,2.5649493574615367,1.9459101490553132,1.791759469228055,0.6931471805599453,0.0,2.302585092994046,2.8903717578961645,2.0794415416798357
Cell_0520,15-Year (Juvenile),15,Developing Secondary Xylem (VND6/7+),0.7384013842584553,18,3,2,0,1,0,2,28,40,37,9,4,4,1,1,7,14,3,1.3862943611198906,1.0986122886681096,0.0,0.6931471805599453,0.0,1.0986122886681096,3.367295829986474,3.713572066704308,3.6375861597263857,2.302585092994046,1.6094379124341003,1.6094379124341003,0.6931471805599453,0.6931471805599453,2.0794415416798357,2.70805020110221,1.3862943611198906
Cell_0521,15-Year (Juvenile),15,Developing Secondary Phloem (APL+),0.6332406666436936,15,5,6,0,0,1,1,30,26,26,24,2,6,1,1,3,14,6,1.791759469228055,1.9459101490553132,0.0,0.0,0.6931471805599453,0.6931471805599453,3.4339872044851463,3.295836866004329,3.295836866004329,3.2188758248682006,1.0986122886681096,1.9459101490553132,0.6931471805599453,0.6931471805599453,1.3862943611198906,2.70805020110221,1.9459101490553132
Cell_0522,15-Year (Juvenile),15,Developing Secondary Phloem (APL+),0.6240275685115749,21,1,1,0,0,2,0,45,11,43,11,9,5,0,2,6,8,4,0.6931471805599453,0.6931471805599453,0.0,0.0,1.0986122886681096,0.0,3.828641396489095,2.4849066497880004,3.784189633918261,2.4849066497880004,2.302585092994046,1.791759469228055,0.0,1.0986122886681096,1.9459101490553132,2.1972245773362196,1.6094379124341003
Cell_0523,15-Year (Juvenile),15,Developing Secondary Phloem (APL+),0.43858233363327853,21,0,2,0,0,0,0,23,33,43,29,5,0,3,2,7,14,7,0.0,1.0986122886681096,0.0,0.0,0.0,0.0,3.1780538303479458,3.5263605246161616,3.784189633918261,3.4011973816621555,1.791759469228055,0.0,1.3862943611198906,1.0986122886681096,2.0794415416798357,2.70805020110221,2.0794415416798357
Cell_0524,15-Year (Juvenile),15,Developing Secondary Phloem (APL+),0.7858964333749492,19,0,2,0,0,0,1,31,24,49,17,9,1,4,2,2,18,4,0.0,1.0986122886681096,0.0,0.0,0.0,0.6931471805599453,3.4657359027997265,3.2188758248682006,3.912023005428146,2.8903717578961645,2.302585092994046,0.6931471805599453,1.6094379124341003,1.0986122886681096,1.0986122886681096,2.9444389791664403,1.6094379124341003
Cell_0525,15-Year (Juvenile),15,Developing Secondary Phloem (APL+),0.35721836699973714,17,3,8,4,0,0,3,23,15,34,20,11,2,9,3,10,23,1,1.3862943611198906,2.1972245773362196,1.6094379124341003,0.0,0.0,1.3862943611198906,3.1780538303479458,2.772588722239781,3.5553480614894135,3.044522437723423,2.4849066497880004,1.0986122886681096,2.302585092994046,1.3862943611198906,2.3978952727983707,3.1780538303479458,0.6931471805599453
Cell_0526,15-Year (Juvenile),15,Developing Secondary Phloem (APL+),0.5896008993903274,26,1,3,1,0,5,0,15,13,44,5,0,2,0,2,11,16,10,0.6931471805599453,1.3862943611198906,0.6931471805599453,0.0,1.791759469228055,0.0,2.772588722239781,2.639057329615259,3.8066624897703196,1.791759469228055,0.0,1.0986122886681096,0.0,1.0986122886681096,2.4849066497880004,2.833213344056216,2.3978952727983707
Cell_0527,15-Year (Juvenile),15,Developing Secondary Phloem (APL+),0.751849320990518,12,0,3,0,0,1,0,39,37,51,18,1,2,2,1,3,24,2,0.0,1.3862943611198906,0.0,0.0,0.6931471805599453,0.0,3.6888794541139363,3.6375861597263857,3.9512437185814275,2.9444389791664403,0.6931471805599453,1.0986122886681096,1.0986122886681096,0.6931471805599453,1.3862943611198906,3.2188758248682006,1.0986122886681096
Cell_0528,15-Year (Juvenile),15,Developing Secondary Phloem (APL+),0.284842391340933,18,0,0,0,0,1,1,24,25,25,10,5,4,4,6,12,12,1,0.0,0.0,0.0,0.0,0.6931471805599453,0.6931471805599453,3.2188758248682006,3.258096538021482,3.258096538021482,2.3978952727983707,1.791759469228055,1.6094379124341003,1.6094379124341003,1.9459101490553132,2.5649493574615367,2.5649493574615367,0.6931471805599453
Cell_0529,15-Year (Juvenile),15,Developing Secondary Phloem (APL+),0.6234540478325588,22,3,0,0,0,0,2,40,11,15,17,8,3,0,2,5,17,5,1.3862943611198906,0.0,0.0,0.0,0.0,1.0986122886681096,3.713572066704308,2.4849066497880004,2.772588722239781,2.8903717578961645,2.1972245773362196,1.3862943611198906,0.0,1.0986122886681096,1.791759469228055,2.8903717578961645,1.791759469228055
Cell_0530,15-Year (Juvenile),15,Developing Secondary Phloem (APL+),0.7003844977780492,23,1,3,0,0,1,1,37,6,34,16,2,4,2,1,7,11,8,0.6931471805599453,1.3862943611198906,0.0,0.0,0.6931471805599453,0.6931471805599453,3.6375861597263857,1.9459101490553132,3.5553480614894135,2.833213344056216,1.0986122886681096,1.6094379124341003,1.0986122886681096,0.6931471805599453,2.0794415416798357,2.4849066497880004,2.1972245773362196
Cell_0531,15-Year (Juvenile),15,Developing Secondary Phloem (APL+),0.6611766280376794,16,2,2,1,1,2,0,38,20,42,11,1,6,3,3,9,10,2,1.0986122886681096,1.0986122886681096,0.6931471805599453,0.6931471805599453,1.0986122886681096,0.0,3.6635616461296463,3.044522437723423,3.7612001156935624,2.4849066497880004,0.6931471805599453,1.9459101490553132,1.3862943611198906,1.3862943611198906,2.302585092994046,2.3978952727983707,1.0986122886681096
Cell_0532,15-Year (Juvenile),15,Developing Secondary Phloem (APL+),0.448496861137266,20,8,8,0,0,0,0,17,17,31,24,3,0,0,1,6,28,9,2.1972245773362196,2.1972245773362196,0.0,0.0,0.0,0.0,2.8903717578961645,2.8903717578961645,3.4657359027997265,3.2188758248682006,1.3862943611198906,0.0,0.0,0.6931471805599453,1.9459101490553132,3.367295829986474,2.302585092994046
Cell_0533,15-Year (Juvenile),15,Developing Secondary Phloem (APL+),0.5828387384979878,21,6,3,0,0,0,2,36,32,58,5,2,2,2,0,14,17,0,1.9459101490553132,1.3862943611198906,0.0,0.0,0.0,1.0986122886681096,3.6109179126442243,3.4965075614664802,4.07753744390572,1.791759469228055,1.0986122886681096,1.0986122886681096,1.0986122886681096,0.0,2.70805020110221,2.8903717578961645,0.0
Cell_0534,15-Year (Juvenile),15,Developing Secondary Phloem (APL+),0.3382551062225392,18,3,1,0,1,2,7,19,21,45,10,5,0,0,1,23,13,4,1.3862943611198906,0.6931471805599453,0.0,0.6931471805599453,1.0986122886681096,2.0794415416798357,2.995732273553991,3.091042453358316,3.828641396489095,2.3978952727983707,1.791759469228055,0.0,0.0,0.6931471805599453,3.1780538303479458,2.639057329615259,1.6094379124341003
Cell_0535,15-Year (Juvenile),15,Developing Secondary Phloem (APL+),0.4388325362854794,19,0,2,1,1,5,0,27,31,25,12,2,1,3,0,1,21,8,0.0,1.0986122886681096,0.6931471805599453,0.6931471805599453,1.791759469228055,0.0,3.332204510175204,3.4657359027997265,3.258096538021482,2.5649493574615367,1.0986122886681096,0.6931471805599453,1.3862943611198906,0.0,0.6931471805599453,3.091042453358316,2.1972245773362196
Cell_0536,15-Year (Juvenile),15,Developing Secondary Phloem (APL+),0.6787849286734643,16,2,4,0,0,2,0,20,17,33,15,8,0,14,2,9,7,3,1.0986122886681096,1.6094379124341003,0.0,0.0,1.0986122886681096,0.0,3.044522437723423,2.8903717578961645,3.5263605246161616,2.772588722239781,2.1972245773362196,0.0,2.70805020110221,1.0986122886681096,2.302585092994046,2.0794415416798357,1.3862943611198906
Cell_0537,15-Year (Juvenile),15,Developing Secondary Phloem (APL+),0.4464410185551304,26,1,0,0,2,0,2,28,15,35,13,14,3,0,2,13,13,6,0.6931471805599453,0.0,0.0,1.0986122886681096,0.0,1.0986122886681096,3.367295829986474,2.772588722239781,3.58351893845611,2.639057329615259,2.70805020110221,1.3862943611198906,0.0,1.0986122886681096,2.639057329615259,2.639057329615259,1.9459101490553132
Cell_0538,15-Year (Juvenile),15,Developing Secondary Phloem (APL+),0.507997738671408,19,5,0,0,0,1,1,22,22,27,25,11,6,7,0,7,10,9,1.791759469228055,0.0,0.0,0.0,0.6931471805599453,0.6931471805599453,3.1354942159291497,3.1354942159291497,3.332204510175204,3.258096538021482,2.4849066497880004,1.9459101490553132,2.0794415416798357,0.0,2.0794415416798357,2.3978952727983707,2.302585092994046
Cell_0539,15-Year (Juvenile),15,Developing Secondary Phloem (APL+),0.4027210032439539,20,5,10,1,1,2,1,16,12,26,8,4,4,9,0,6,6,6,1.791759469228055,2.3978952727983707,0.6931471805599453,0.6931471805599453,1.0986122886681096,0.6931471805599453,2.833213344056216,2.5649493574615367,3.295836866004329,2.1972245773362196,1.6094379124341003,1.6094379124341003,2.302585092994046,0.0,1.9459101490553132,1.9459101490553132,1.9459101490553132
Cell_0540,15-Year (Juvenile),15,Developing Secondary Phloem (APL+),0.5523965296687899,20,0,13,0,0,1,1,19,23,41,32,0,7,2,1,5,12,5,0.0,2.639057329615259,0.0,0.0,0.6931471805599453,0.6931471805599453,2.995732273553991,3.1780538303479458,3.7376696182833684,3.4965075614664802,0.0,2.0794415416798357,1.0986122886681096,0.6931471805599453,1.791759469228055,2.5649493574615367,1.791759469228055
Cell_0541,15-Year (Juvenile),15,Developing Secondary Phloem (APL+),0.7881874211968175,21,2,1,1,0,0,0,34,17,22,7,6,5,3,1,3,19,7,1.0986122886681096,0.6931471805599453,0.6931471805599453,0.0,0.0,0.0,3.5553480614894135,2.8903717578961645,3.1354942159291497,2.0794415416798357,1.9459101490553132,1.791759469228055,1.3862943611198906,0.6931471805599453,1.3862943611198906,2.995732273553991,2.0794415416798357
Cell_0542,15-Year (Juvenile),15,Developing Secondary Phloem (APL+),0.6683238482711522,23,0,5,0,0,1,1,41,28,36,11,0,1,3,0,5,12,1,0.0,1.791759469228055,0.0,0.0,0.6931471805599453,0.6931471805599453,3.7376696182833684,3.367295829986474,3.6109179126442243,2.4849066497880004,0.0,0.6931471805599453,1.3862943611198906,0.0,1.791759469228055,2.5649493574615367,0.6931471805599453
Cell_0543,15-Year (Juvenile),15,Developing Secondary Phloem (APL+),0.4914995779068998,22,1,1,0,1,1,2,17,16,25,11,7,7,1,2,6,19,10,0.6931471805599453,0.6931471805599453,0.0,0.6931471805599453,0.6931471805599453,1.0986122886681096,2.8903717578961645,2.833213344056216,3.258096538021482,2.4849066497880004,2.0794415416798357,2.0794415416798357,0.6931471805599453,1.0986122886681096,1.9459101490553132,2.995732273553991,2.3978952727983707
Cell_0544,15-Year (Juvenile),15,Developing Secondary Phloem (APL+),0.8385303480031168,21,1,2,0,1,0,2,25,25,47,13,5,2,2,5,10,25,2,0.6931471805599453,1.0986122886681096,0.0,0.6931471805599453,0.0,1.0986122886681096,3.258096538021482,3.258096538021482,3.8712010109078907,2.639057329615259,1.791759469228055,1.0986122886681096,1.0986122886681096,1.791759469228055,2.3978952727983707,3.258096538021482,1.0986122886681096
Cell_0545,15-Year (Juvenile),15,Developing Secondary Phloem (APL+),0.7575490021221528,15,1,1,1,0,0,3,26,26,28,27,6,1,3,0,12,16,4,0.6931471805599453,0.6931471805599453,0.6931471805599453,0.0,0.0,1.3862943611198906,3.295836866004329,3.295836866004329,3.367295829986474,3.332204510175204,1.9459101490553132,0.6931471805599453,1.3862943611198906,0.0,2.5649493574615367,2.833213344056216,1.6094379124341003
Cell_0546,15-Year (Juvenile),15,Developing Secondary Phloem (APL+),0.5595361391540115,24,0,3,0,2,0,2,30,28,42,7,4,2,1,1,5,38,0,0.0,1.3862943611198906,0.0,1.0986122886681096,0.0,1.0986122886681096,3.4339872044851463,3.367295829986474,3.7612001156935624,2.0794415416798357,1.6094379124341003,1.0986122886681096,0.6931471805599453,0.6931471805599453,1.791759469228055,3.6635616461296463,0.0
Cell_0547,15-Year (Juvenile),15,Developing Secondary Phloem (APL+),0.5547251287599996,21,0,1,0,0,0,1,22,7,27,25,5,3,0,1,9,31,3,0.0,0.6931471805599453,0.0,0.0,0.0,0.6931471805599453,3.1354942159291497,2.0794415416798357,3.332204510175204,3.258096538021482,1.791759469228055,1.3862943611198906,0.0,0.6931471805599453,2.302585092994046,3.4657359027997265,1.3862943611198906
Cell_0548,15-Year (Juvenile),15,Developing Secondary Phloem (APL+),0.5111924535067609,25,0,3,0,1,1,0,11,22,32,9,1,5,1,0,14,11,2,0.0,1.3862943611198906,0.0,0.6931471805599453,0.6931471805599453,0.0,2.4849066497880004,3.1354942159291497,3.4965075614664802,2.302585092994046,0.6931471805599453,1.791759469228055,0.6931471805599453,0.0,2.70805020110221,2.4849066497880004,1.0986122886681096
Cell_0549,15-Year (Juvenile),15,Developing Secondary Phloem (APL+),0.6133473274731471,21,4,3,1,0,1,2,31,18,46,16,9,0,5,2,23,19,2,1.6094379124341003,1.3862943611198906,0.6931471805599453,0.0,0.6931471805599453,1.0986122886681096,3.4657359027997265,2.9444389791664403,3.8501476017100584,2.833213344056216,2.302585092994046,0.0,1.791759469228055,1.0986122886681096,3.1780538303479458,2.995732273553991,1.0986122886681096
Cell_0550,15-Year (Juvenile),15,Developing Secondary Phloem (APL+),0.4378116476709997,23,2,3,1,1,1,0,17,30,36,12,6,2,3,3,5,15,2,1.0986122886681096,1.3862943611198906,0.6931471805599453,0.6931471805599453,0.6931471805599453,0.0,2.8903717578961645,3.4339872044851463,3.6109179126442243,2.5649493574615367,1.9459101490553132,1.0986122886681096,1.3862943611198906,1.3862943611198906,1.791759469228055,2.772588722239781,1.0986122886681096
Cell_0551,15-Year (Juvenile),15,Developing Secondary Phloem (APL+),0.27310157378666994,21,3,1,0,0,3,2,27,12,38,17,2,1,3,0,5,25,4,1.3862943611198906,0.6931471805599453,0.0,0.0,1.3862943611198906,1.0986122886681096,3.332204510175204,2.5649493574615367,3.6635616461296463,2.8903717578961645,1.0986122886681096,0.6931471805599453,1.3862943611198906,0.0,1.791759469228055,3.258096538021482,1.6094379124341003
Cell_0552,15-Year (Juvenile),15,Developing Secondary Phloem (APL+),0.4891661946252958,24,5,3,2,0,1,0,39,14,73,22,4,0,2,1,9,14,5,1.791759469228055,1.3862943611198906,1.0986122886681096,0.0,0.6931471805599453,0.0,3.6888794541139363,2.70805020110221,4.304065093204169,3.1354942159291497,1.6094379124341003,0.0,1.0986122886681096,0.6931471805599453,2.302585092994046,2.70805020110221,1.791759469228055
Cell_0553,15-Year (Juvenile),15,Developing Secondary Phloem (APL+),0.5470751353064259,18,1,8,0,0,1,2,15,25,50,18,4,3,4,1,7,14,4,0.6931471805599453,2.1972245773362196,0.0,0.0,0.6931471805599453,1.0986122886681096,2.772588722239781,3.258096538021482,3.9318256327243257,2.9444389791664403,1.6094379124341003,1.3862943611198906,1.6094379124341003,0.6931471805599453,2.0794415416798357,2.70805020110221,1.6094379124341003
Cell_0554,15-Year (Juvenile),15,Developing Secondary Phloem (APL+),0.35747367270394487,20,0,0,0,0,1,1,10,27,40,16,0,7,4,0,12,15,5,0.0,0.0,0.0,0.0,0.6931471805599453,0.6931471805599453,2.3978952727983707,3.332204510175204,3.713572066704308,2.833213344056216,0.0,2.0794415416798357,1.6094379124341003,0.0,2.5649493574615367,2.772588722239781,1.791759469228055
Cell_0555,15-Year (Juvenile),15,Developing Secondary Phloem (APL+),0.7156467113643447,17,0,6,1,0,0,1,40,14,34,20,4,5,1,0,2,25,4,0.0,1.9459101490553132,0.6931471805599453,0.0,0.0,0.6931471805599453,3.713572066704308,2.70805020110221,3.5553480614894135,3.044522437723423,1.6094379124341003,1.791759469228055,0.6931471805599453,0.0,1.0986122886681096,3.258096538021482,1.6094379124341003
Cell_0556,15-Year (Juvenile),15,Developing Secondary Phloem (APL+),0.30824095332018603,17,4,7,0,0,0,1,28,11,33,18,16,3,4,0,3,26,4,1.6094379124341003,2.0794415416798357,0.0,0.0,0.0,0.6931471805599453,3.367295829986474,2.4849066497880004,3.5263605246161616,2.9444389791664403,2.833213344056216,1.3862943611198906,1.6094379124341003,0.0,1.3862943611198906,3.295836866004329,1.6094379124341003
Cell_0557,15-Year (Juvenile),15,Developing Secondary Phloem (APL+),0.7034088306891968,21,2,0,0,0,0,1,15,22,33,4,1,3,6,1,7,13,2,1.0986122886681096,0.0,0.0,0.0,0.0,0.6931471805599453,2.772588722239781,3.1354942159291497,3.5263605246161616,1.6094379124341003,0.6931471805599453,1.3862943611198906,1.9459101490553132,0.6931471805599453,2.0794415416798357,2.639057329615259,1.0986122886681096
Cell_0558,15-Year (Juvenile),15,Developing Secondary Phloem (APL+),0.44209699586605483,23,3,1,0,3,1,0,24,9,45,28,2,12,1,3,4,12,6,1.3862943611198906,0.6931471805599453,0.0,1.3862943611198906,0.6931471805599453,0.0,3.2188758248682006,2.302585092994046,3.828641396489095,3.367295829986474,1.0986122886681096,2.5649493574615367,0.6931471805599453,1.3862943611198906,1.6094379124341003,2.5649493574615367,1.9459101490553132
Cell_0559,15-Year (Juvenile),15,Developing Secondary Phloem (APL+),0.5668915649926967,26,2,5,0,0,2,0,34,19,30,18,3,4,1,0,12,15,7,1.0986122886681096,1.791759469228055,0.0,0.0,1.0986122886681096,0.0,3.5553480614894135,2.995732273553991,3.4339872044851463,2.9444389791664403,1.3862943611198906,1.6094379124341003,0.6931471805599453,0.0,2.5649493574615367,2.772588722239781,2.0794415416798357
Cell_0560,15-Year (Juvenile),15,Developing Secondary Phloem (APL+),0.8763917863067235,20,0,7,0,1,1,2,21,15,42,14,3,4,3,2,3,20,2,0.0,2.0794415416798357,0.0,0.6931471805599453,0.6931471805599453,1.0986122886681096,3.091042453358316,2.772588722239781,3.7612001156935624,2.70805020110221,1.3862943611198906,1.6094379124341003,1.3862943611198906,1.0986122886681096,1.3862943611198906,3.044522437723423,1.0986122886681096
Cell_0561,15-Year (Juvenile),15,Developing Secondary Phloem (APL+),0.589138537820033,12,1,2,0,0,3,5,32,22,62,28,2,2,6,0,18,20,5,0.6931471805599453,1.0986122886681096,0.0,0.0,1.3862943611198906,1.791759469228055,3.4965075614664802,3.1354942159291497,4.143134726391533,3.367295829986474,1.0986122886681096,1.0986122886681096,1.9459101490553132,0.0,2.9444389791664403,3.044522437723423,1.791759469228055
Cell_0562,15-Year (Juvenile),15,Developing Secondary Phloem (APL+),0.19172769453170935,21,1,7,3,0,0,0,13,17,25,15,4,4,5,0,10,17,10,0.6931471805599453,2.0794415416798357,1.3862943611198906,0.0,0.0,0.0,2.639057329615259,2.8903717578961645,3.258096538021482,2.772588722239781,1.6094379124341003,1.6094379124341003,1.791759469228055,0.0,2.3978952727983707,2.8903717578961645,2.3978952727983707
Cell_0563,15-Year (Juvenile),15,Developing Secondary Phloem (APL+),0.7360270159152754,15,4,6,0,0,0,1,18,18,46,24,3,1,1,0,4,23,6,1.6094379124341003,1.9459101490553132,0.0,0.0,0.0,0.6931471805599453,2.9444389791664403,2.9444389791664403,3.8501476017100584,3.2188758248682006,1.3862943611198906,0.6931471805599453,0.6931471805599453,0.0,1.6094379124341003,3.1780538303479458,1.9459101490553132
Cell_0564,15-Year (Juvenile),15,Developing Secondary Phloem (APL+),0.4833909621398724,19,2,3,0,0,0,0,9,22,28,21,3,2,0,3,5,23,5,1.0986122886681096,1.3862943611198906,0.0,0.0,0.0,0.0,2.302585092994046,3.1354942159291497,3.367295829986474,3.091042453358316,1.3862943611198906,1.0986122886681096,0.0,1.3862943611198906,1.791759469228055,3.1780538303479458,1.791759469228055
Cell_0565,15-Year (Juvenile),15,Developing Secondary Phloem (APL+),0.9116833306692326,23,0,4,1,0,1,5,26,26,25,28,5,0,2,0,11,10,11,0.0,1.6094379124341003,0.6931471805599453,0.0,0.6931471805599453,1.791759469228055,3.295836866004329,3.295836866004329,3.258096538021482,3.367295829986474,1.791759469228055,0.0,1.0986122886681096,0.0,2.4849066497880004,2.3978952727983707,2.4849066497880004
Cell_0566,15-Year (Juvenile),15,Developing Secondary Phloem (APL+),0.41206543150168706,24,2,1,0,0,0,0,9,19,48,9,1,3,3,0,6,9,8,1.0986122886681096,0.6931471805599453,0.0,0.0,0.0,0.0,2.302585092994046,2.995732273553991,3.8918202981106265,2.302585092994046,0.6931471805599453,1.3862943611198906,1.3862943611198906,0.0,1.9459101490553132,2.302585092994046,2.1972245773362196
Cell_0567,15-Year (Juvenile),15,Developing Secondary Phloem (APL+),0.8843187014598611,22,7,1,0,0,1,0,22,36,54,6,4,3,5,4,16,13,9,2.0794415416798357,0.6931471805599453,0.0,0.0,0.6931471805599453,0.0,3.1354942159291497,3.6109179126442243,4.007333185232471,1.9459101490553132,1.6094379124341003,1.3862943611198906,1.791759469228055,1.6094379124341003,2.833213344056216,2.639057329615259,2.302585092994046
Cell_0568,15-Year (Juvenile),15,Developing Secondary Phloem (APL+),0.754568034330357,12,7,1,1,0,0,1,22,31,72,17,4,6,4,0,7,11,5,2.0794415416798357,0.6931471805599453,0.6931471805599453,0.0,0.0,0.6931471805599453,3.1354942159291497,3.4657359027997265,4.290459441148391,2.8903717578961645,1.6094379124341003,1.9459101490553132,1.6094379124341003,0.0,2.0794415416798357,2.4849066497880004,1.791759469228055
Cell_0569,15-Year (Juvenile),15,Developing Secondary Phloem (APL+),0.6796585400670199,18,9,0,0,0,0,2,29,14,31,22,1,4,0,1,3,11,3,2.302585092994046,0.0,0.0,0.0,0.0,1.0986122886681096,3.4011973816621555,2.70805020110221,3.4657359027997265,3.1354942159291497,0.6931471805599453,1.6094379124341003,0.0,0.6931471805599453,1.3862943611198906,2.4849066497880004,1.3862943611198906
Cell_0570,15-Year (Juvenile),15,Developing Secondary Phloem (APL+),0.5891968947612912,21,0,2,0,0,2,0,19,42,41,10,5,0,6,0,2,18,8,0.0,1.0986122886681096,0.0,0.0,1.0986122886681096,0.0,2.995732273553991,3.7612001156935624,3.7376696182833684,2.3978952727983707,1.791759469228055,0.0,1.9459101490553132,0.0,1.0986122886681096,2.9444389791664403,2.1972245773362196
Cell_0571,15-Year (Juvenile),15,Developing Secondary Phloem (APL+),0.4971877979835406,17,4,1,0,1,0,1,23,29,54,15,6,3,1,0,9,13,5,1.6094379124341003,0.6931471805599453,0.0,0.6931471805599453,0.0,0.6931471805599453,3.1780538303479458,3.4011973816621555,4.007333185232471,2.772588722239781,1.9459101490553132,1.3862943611198906,0.6931471805599453,0.0,2.302585092994046,2.639057329615259,1.791759469228055
Cell_0572,15-Year (Juvenile),15,Developing Secondary Phloem (APL+),0.5004100264607203,20,2,5,0,0,0,1,38,31,40,18,10,5,3,0,5,21,7,1.0986122886681096,1.791759469228055,0.0,0.0,0.0,0.6931471805599453,3.6635616461296463,3.4657359027997265,3.713572066704308,2.9444389791664403,2.3978952727983707,1.791759469228055,1.3862943611198906,0.0,1.791759469228055,3.091042453358316,2.0794415416798357
Cell_0573,15-Year (Juvenile),15,Developing Secondary Phloem (APL+),0.5819995618944589,14,3,5,0,0,0,2,24,24,10,26,2,4,0,5,16,4,1,1.3862943611198906,1.791759469228055,0.0,0.0,0.0,1.0986122886681096,3.2188758248682006,3.2188758248682006,2.3978952727983707,3.295836866004329,1.0986122886681096,1.6094379124341003,0.0,1.791759469228055,2.833213344056216,1.6094379124341003,0.6931471805599453
Cell_0574,15-Year (Juvenile),15,Developing Secondary Phloem (APL+),0.7373013454280668,17,1,1,0,0,2,4,24,16,21,22,8,3,1,0,4,5,4,0.6931471805599453,0.6931471805599453,0.0,0.0,1.0986122886681096,1.6094379124341003,3.2188758248682006,2.833213344056216,3.091042453358316,3.1354942159291497,2.1972245773362196,1.3862943611198906,0.6931471805599453,0.0,1.6094379124341003,1.791759469228055,1.6094379124341003
Cell_0575,15-Year (Juvenile),15,Developing Secondary Phloem (APL+),0.42922513764311554,29,4,1,2,0,0,0,40,28,36,10,7,3,5,1,5,14,4,1.6094379124341003,0.6931471805599453,1.0986122886681096,0.0,0.0,0.0,3.713572066704308,3.367295829986474,3.6109179126442243,2.3978952727983707,2.0794415416798357,1.3862943611198906,1.791759469228055,0.6931471805599453,1.791759469228055,2.70805020110221,1.6094379124341003
Cell_0576,15-Year (Juvenile),15,Developing Secondary Phloem (APL+),0.8385826294812673,28,2,9,0,0,0,2,15,18,53,8,5,6,4,0,9,9,1,1.0986122886681096,2.302585092994046,0.0,0.0,0.0,1.0986122886681096,2.772588722239781,2.9444389791664403,3.9889840465642745,2.1972245773362196,1.791759469228055,1.9459101490553132,1.6094379124341003,0.0,2.302585092994046,2.302585092994046,0.6931471805599453
Cell_0577,15-Year (Juvenile),15,Developing Secondary Phloem (APL+),0.3462755967779258,29,9,3,1,0,1,0,25,10,29,26,7,3,4,0,9,26,3,2.302585092994046,1.3862943611198906,0.6931471805599453,0.0,0.6931471805599453,0.0,3.258096538021482,2.3978952727983707,3.4011973816621555,3.295836866004329,2.0794415416798357,1.3862943611198906,1.6094379124341003,0.0,2.302585092994046,3.295836866004329,1.3862943611198906
Cell_0578,15-Year (Juvenile),15,Developing Secondary Phloem (APL+),0.9584312464672761,17,1,1,2,2,1,1,30,17,26,12,1,4,5,1,3,13,10,0.6931471805599453,0.6931471805599453,1.0986122886681096,1.0986122886681096,0.6931471805599453,0.6931471805599453,3.4339872044851463,2.8903717578961645,3.295836866004329,2.5649493574615367,0.6931471805599453,1.6094379124341003,1.791759469228055,0.6931471805599453,1.3862943611198906,2.639057329615259,2.3978952727983707
Cell_0579,15-Year (Juvenile),15,Developing Secondary Phloem (APL+),0.41322201884782345,12,1,0,2,1,2,2,29,20,37,8,1,2,1,0,4,23,4,0.6931471805599453,0.0,1.0986122886681096,0.6931471805599453,1.0986122886681096,1.0986122886681096,3.4011973816621555,3.044522437723423,3.6375861597263857,2.1972245773362196,0.6931471805599453,1.0986122886681096,0.6931471805599453,0.0,1.6094379124341003,3.1780538303479458,1.6094379124341003
Cell_0580,15-Year (Juvenile),15,Developing Secondary Phloem (APL+),0.892961447464759,25,4,2,0,0,1,0,47,14,44,20,7,2,2,0,11,13,10,1.6094379124341003,1.0986122886681096,0.0,0.0,0.6931471805599453,0.0,3.8712010109078907,2.70805020110221,3.8066624897703196,3.044522437723423,2.0794415416798357,1.0986122886681096,1.0986122886681096,0.0,2.4849066497880004,2.639057329615259,2.3978952727983707
Cell_0581,15-Year (Juvenile),15,Developing Secondary Phloem (APL+),0.6166800268234599,19,0,6,1,1,0,0,25,19,44,18,0,3,4,7,5,21,8,0.0,1.9459101490553132,0.6931471805599453,0.6931471805599453,0.0,0.0,3.258096538021482,2.995732273553991,3.8066624897703196,2.9444389791664403,0.0,1.3862943611198906,1.6094379124341003,2.0794415416798357,1.791759469228055,3.091042453358316,2.1972245773362196
Cell_0582,15-Year (Juvenile),15,Developing Secondary Phloem (APL+),0.22411799120582684,26,1,5,0,2,0,0,30,26,49,12,1,1,6,1,10,13,10,0.6931471805599453,1.791759469228055,0.0,1.0986122886681096,0.0,0.0,3.4339872044851463,3.295836866004329,3.912023005428146,2.5649493574615367,0.6931471805599453,0.6931471805599453,1.9459101490553132,0.6931471805599453,2.3978952727983707,2.639057329615259,2.3978952727983707
Cell_0583,15-Year (Juvenile),15,Developing Secondary Phloem (APL+),0.4285772832135188,24,5,1,0,0,0,1,22,9,31,17,3,2,1,3,2,15,11,1.791759469228055,0.6931471805599453,0.0,0.0,0.0,0.6931471805599453,3.1354942159291497,2.302585092994046,3.4657359027997265,2.8903717578961645,1.3862943611198906,1.0986122886681096,0.6931471805599453,1.3862943611198906,1.0986122886681096,2.772588722239781,2.4849066497880004
Cell_0584,15-Year (Juvenile),15,Developing Secondary Phloem (APL+),0.6597739360183107,13,1,7,2,0,0,2,15,23,54,14,1,3,0,0,4,18,3,0.6931471805599453,2.0794415416798357,1.0986122886681096,0.0,0.0,1.0986122886681096,2.772588722239781,3.1780538303479458,4.007333185232471,2.70805020110221,0.6931471805599453,1.3862943611198906,0.0,0.0,1.6094379124341003,2.9444389791664403,1.3862943611198906
Cell_0585,15-Year (Juvenile),15,Developing Secondary Phloem (APL+),0.578801097806676,17,0,1,0,0,3,2,14,17,37,22,1,3,0,2,4,10,3,0.0,0.6931471805599453,0.0,0.0,1.3862943611198906,1.0986122886681096,2.70805020110221,2.8903717578961645,3.6375861597263857,3.1354942159291497,0.6931471805599453,1.3862943611198906,0.0,1.0986122886681096,1.6094379124341003,2.3978952727983707,1.3862943611198906
Cell_0586,15-Year (Juvenile),15,Developing Secondary Phloem (APL+),0.4691293650613311,20,0,2,0,1,0,1,32,15,36,18,5,0,2,0,9,10,13,0.0,1.0986122886681096,0.0,0.6931471805599453,0.0,0.6931471805599453,3.4965075614664802,2.772588722239781,3.6109179126442243,2.9444389791664403,1.791759469228055,0.0,1.0986122886681096,0.0,2.302585092994046,2.3978952727983707,2.639057329615259
Cell_0587,15-Year (Juvenile),15,Developing Secondary Phloem (APL+),0.8633538497121372,24,9,0,0,1,1,1,36,14,60,14,0,2,3,0,5,19,9,2.302585092994046,0.0,0.0,0.6931471805599453,0.6931471805599453,0.6931471805599453,3.6109179126442243,2.70805020110221,4.110873864173311,2.70805020110221,0.0,1.0986122886681096,1.3862943611198906,0.0,1.791759469228055,2.995732273553991,2.302585092994046
Cell_0588,15-Year (Juvenile),15,Developing Secondary Phloem (APL+),0.785049919692849,22,0,0,0,0,0,0,27,28,35,10,3,7,1,1,3,24,5,0.0,0.0,0.0,0.0,0.0,0.0,3.332204510175204,3.367295829986474,3.58351893845611,2.3978952727983707,1.3862943611198906,2.0794415416798357,0.6931471805599453,0.6931471805599453,1.3862943611198906,3.2188758248682006,1.791759469228055
Cell_0589,15-Year (Juvenile),15,Developing Secondary Phloem (APL+),0.5574554695333519,24,3,3,1,0,0,5,23,26,52,10,4,3,3,1,8,8,14,1.3862943611198906,1.3862943611198906,0.6931471805599453,0.0,0.0,1.791759469228055,3.1780538303479458,3.295836866004329,3.970291913552122,2.3978952727983707,1.6094379124341003,1.3862943611198906,1.3862943611198906,0.6931471805599453,2.1972245773362196,2.1972245773362196,2.70805020110221
Cell_0590,15-Year (Juvenile),15,Developing Secondary Phloem (APL+),0.41306904271133016,16,1,2,0,0,0,0,34,19,25,21,6,3,2,1,10,11,14,0.6931471805599453,1.0986122886681096,0.0,0.0,0.0,0.0,3.5553480614894135,2.995732273553991,3.258096538021482,3.091042453358316,1.9459101490553132,1.3862943611198906,1.0986122886681096,0.6931471805599453,2.3978952727983707,2.4849066497880004,2.70805020110221
Cell_0591,15-Year (Juvenile),15,Developing Secondary Phloem (APL+),0.5911487587539828,18,2,3,0,0,0,2,15,16,44,7,3,5,4,0,3,19,8,1.0986122886681096,1.3862943611198906,0.0,0.0,0.0,1.0986122886681096,2.772588722239781,2.833213344056216,3.8066624897703196,2.0794415416798357,1.3862943611198906,1.791759469228055,1.6094379124341003,0.0,1.3862943611198906,2.995732273553991,2.1972245773362196
Cell_0592,15-Year (Juvenile),15,Developing Secondary Phloem (APL+),0.386530278973764,17,1,1,0,0,0,2,20,18,66,23,4,1,1,2,11,23,11,0.6931471805599453,0.6931471805599453,0.0,0.0,0.0,1.0986122886681096,3.044522437723423,2.9444389791664403,4.204692619390966,3.1780538303479458,1.6094379124341003,0.6931471805599453,0.6931471805599453,1.0986122886681096,2.4849066497880004,3.1780538303479458,2.4849066497880004
Cell_0593,15-Year (Juvenile),15,Developing Secondary Phloem (APL+),0.7009280184939695,18,2,3,0,1,2,0,19,21,55,13,0,0,0,1,10,9,3,1.0986122886681096,1.3862943611198906,0.0,0.6931471805599453,1.0986122886681096,0.0,2.995732273553991,3.091042453358316,4.02535169073515,2.639057329615259,0.0,0.0,0.0,0.6931471805599453,2.3978952727983707,2.302585092994046,1.3862943611198906
Cell_0594,15-Year (Juvenile),15,Developing Secondary Phloem (APL+),0.6000422434944707,21,2,3,0,1,1,2,24,12,50,11,2,5,5,1,6,10,9,1.0986122886681096,1.3862943611198906,0.0,0.6931471805599453,0.6931471805599453,1.0986122886681096,3.2188758248682006,2.5649493574615367,3.9318256327243257,2.4849066497880004,1.0986122886681096,1.791759469228055,1.791759469228055,0.6931471805599453,1.9459101490553132,2.3978952727983707,2.302585092994046
Cell_0595,15-Year (Juvenile),15,Developing Secondary Phloem (APL+),0.5853033070627582,16,0,1,0,1,1,1,22,29,24,13,0,1,2,0,5,14,7,0.0,0.6931471805599453,0.0,0.6931471805599453,0.6931471805599453,0.6931471805599453,3.1354942159291497,3.4011973816621555,3.2188758248682006,2.639057329615259,0.0,0.6931471805599453,1.0986122886681096,0.0,1.791759469228055,2.70805020110221,2.0794415416798357
Cell_0596,15-Year (Juvenile),15,Developing Secondary Phloem (APL+),0.7423311024483282,27,0,1,3,0,2,2,30,26,37,20,3,3,4,1,9,10,10,0.0,0.6931471805599453,1.3862943611198906,0.0,1.0986122886681096,1.0986122886681096,3.4339872044851463,3.295836866004329,3.6375861597263857,3.044522437723423,1.3862943611198906,1.3862943611198906,1.6094379124341003,0.6931471805599453,2.302585092994046,2.3978952727983707,2.3978952727983707
Cell_0597,15-Year (Juvenile),15,Developing Secondary Phloem (APL+),0.5806185328277454,23,1,4,0,0,1,2,26,26,37,15,2,7,3,0,3,13,2,0.6931471805599453,1.6094379124341003,0.0,0.0,0.6931471805599453,1.0986122886681096,3.295836866004329,3.295836866004329,3.6375861597263857,2.772588722239781,1.0986122886681096,2.0794415416798357,1.3862943611198906,0.0,1.3862943611198906,2.639057329615259,1.0986122886681096
Cell_0598,15-Year (Juvenile),15,Developing Secondary Phloem (APL+),0.20360478648488137,22,0,4,4,0,4,8,31,20,40,17,5,2,0,1,6,9,1,0.0,1.6094379124341003,1.6094379124341003,0.0,1.6094379124341003,2.1972245773362196,3.4657359027997265,3.044522437723423,3.713572066704308,2.8903717578961645,1.791759469228055,1.0986122886681096,0.0,0.6931471805599453,1.9459101490553132,2.302585092994046,0.6931471805599453
Cell_0599,15-Year (Juvenile),15,Developing Secondary Phloem (APL+),0.25517042013499175,15,6,2,0,2,0,1,20,21,47,11,1,0,2,0,4,12,14,1.9459101490553132,1.0986122886681096,0.0,1.0986122886681096,0.0,0.6931471805599453,3.044522437723423,3.091042453358316,3.8712010109078907,2.4849066497880004,0.6931471805599453,0.0,1.0986122886681096,0.0,1.6094379124341003,2.5649493574615367,2.70805020110221
Cell_0600,15-Year (Juvenile),15,Developing Secondary Phloem (APL+),0.36452579658063977,23,3,2,0,0,0,1,15,22,26,9,7,1,2,0,3,21,5,1.3862943611198906,1.0986122886681096,0.0,0.0,0.0,0.6931471805599453,2.772588722239781,3.1354942159291497,3.295836866004329,2.302585092994046,2.0794415416798357,0.6931471805599453,1.0986122886681096,0.0,1.3862943611198906,3.091042453358316,1.791759469228055
Cell_0601,15-Year (Juvenile),15,Developing Secondary Phloem (APL+),0.47100199611715066,16,1,6,0,0,1,0,41,22,46,20,8,6,1,2,2,20,7,0.6931471805599453,1.9459101490553132,0.0,0.0,0.6931471805599453,0.0,3.7376696182833684,3.1354942159291497,3.8501476017100584,3.044522437723423,2.1972245773362196,1.9459101490553132,0.6931471805599453,1.0986122886681096,1.0986122886681096,3.044522437723423,2.0794415416798357
Cell_0602,15-Year (Juvenile),15,Developing Secondary Phloem (APL+),0.7442002661393912,18,2,2,0,0,1,1,18,9,39,9,2,1,5,2,7,11,1,1.0986122886681096,1.0986122886681096,0.0,0.0,0.6931471805599453,0.6931471805599453,2.9444389791664403,2.302585092994046,3.6888794541139363,2.302585092994046,1.0986122886681096,0.6931471805599453,1.791759469228055,1.0986122886681096,2.0794415416798357,2.4849066497880004,0.6931471805599453
Cell_0603,15-Year (Juvenile),15,Developing Secondary Phloem (APL+),0.5070603954880082,24,7,2,0,0,2,4,39,29,33,10,3,3,8,0,5,17,4,2.0794415416798357,1.0986122886681096,0.0,0.0,1.0986122886681096,1.6094379124341003,3.6888794541139363,3.4011973816621555,3.5263605246161616,2.3978952727983707,1.3862943611198906,1.3862943611198906,2.1972245773362196,0.0,1.791759469228055,2.8903717578961645,1.6094379124341003
Cell_0604,15-Year (Juvenile),15,Developing Secondary Phloem (APL+),0.5249185375414235,14,1,6,0,0,4,2,16,25,33,11,4,2,9,4,3,14,12,0.6931471805599453,1.9459101490553132,0.0,0.0,1.6094379124341003,1.0986122886681096,2.833213344056216,3.258096538021482,3.5263605246161616,2.4849066497880004,1.6094379124341003,1.0986122886681096,2.302585092994046,1.6094379124341003,1.3862943611198906,2.70805020110221,2.5649493574615367
Cell_0605,15-Year (Juvenile),15,Developing Secondary Phloem (APL+),0.6609782155325123,29,3,1,1,0,2,1,25,29,41,32,3,3,1,0,9,14,1,1.3862943611198906,0.6931471805599453,0.6931471805599453,0.0,1.0986122886681096,0.6931471805599453,3.258096538021482,3.4011973816621555,3.7376696182833684,3.4965075614664802,1.3862943611198906,1.3862943611198906,0.6931471805599453,0.0,2.302585092994046,2.70805020110221,0.6931471805599453
Cell_0606,15-Year (Juvenile),15,Developing Secondary Phloem (APL+),0.8933802366366828,18,4,1,0,0,1,2,30,20,34,26,8,0,4,0,7,15,5,1.6094379124341003,0.6931471805599453,0.0,0.0,0.6931471805599453,1.0986122886681096,3.4339872044851463,3.044522437723423,3.5553480614894135,3.295836866004329,2.1972245773362196,0.0,1.6094379124341003,0.0,2.0794415416798357,2.772588722239781,1.791759469228055
Cell_0607,15-Year (Juvenile),15,Developing Secondary Phloem (APL+),0.5005491783732493,21,3,2,3,0,0,1,27,17,57,22,3,4,3,0,8,9,3,1.3862943611198906,1.0986122886681096,1.3862943611198906,0.0,0.0,0.6931471805599453,3.332204510175204,2.8903717578961645,4.060443010546419,3.1354942159291497,1.3862943611198906,1.6094379124341003,1.3862943611198906,0.0,2.1972245773362196,2.302585092994046,1.3862943611198906
Cell_0608,15-Year (Juvenile),15,Developing Secondary Phloem (APL+),0.6196365525747832,20,1,2,1,1,0,0,37,19,42,16,6,1,4,1,1,13,14,0.6931471805599453,1.0986122886681096,0.6931471805599453,0.6931471805599453,0.0,0.0,3.6375861597263857,2.995732273553991,3.7612001156935624,2.833213344056216,1.9459101490553132,0.6931471805599453,1.6094379124341003,0.6931471805599453,0.6931471805599453,2.639057329615259,2.70805020110221
Cell_0609,15-Year (Juvenile),15,Developing Secondary Phloem (APL+),0.48018451517211014,21,4,1,1,0,1,1,34,41,35,15,4,3,3,2,8,19,0,1.6094379124341003,0.6931471805599453,0.6931471805599453,0.0,0.6931471805599453,0.6931471805599453,3.5553480614894135,3.7376696182833684,3.58351893845611,2.772588722239781,1.6094379124341003,1.3862943611198906,1.3862943611198906,1.0986122886681096,2.1972245773362196,2.995732273553991,0.0
Cell_0610,15-Year (Juvenile),15,Developing Secondary Phloem (APL+),0.9356246969148321,20,0,2,1,0,8,2,19,51,17,6,3,3,3,2,3,22,12,0.0,1.0986122886681096,0.6931471805599453,0.0,2.1972245773362196,1.0986122886681096,2.995732273553991,3.9512437185814275,2.8903717578961645,1.9459101490553132,1.3862943611198906,1.3862943611198906,1.3862943611198906,1.0986122886681096,1.3862943611198906,3.1354942159291497,2.5649493574615367
Cell_0611,15-Year (Juvenile),15,Developing Secondary Phloem (APL+),0.6825838539089203,17,0,2,0,0,3,3,16,35,32,24,5,1,2,4,8,14,1,0.0,1.0986122886681096,0.0,0.0,1.3862943611198906,1.3862943611198906,2.833213344056216,3.58351893845611,3.4965075614664802,3.2188758248682006,1.791759469228055,0.6931471805599453,1.0986122886681096,1.6094379124341003,2.1972245773362196,2.70805020110221,0.6931471805599453
Cell_0612,15-Year (Juvenile),15,Developing Secondary Phloem (APL+),0.8208922990977471,23,3,7,2,0,1,1,16,21,35,8,4,3,6,0,10,21,0,1.3862943611198906,2.0794415416798357,1.0986122886681096,0.0,0.6931471805599453,0.6931471805599453,2.833213344056216,3.091042453358316,3.58351893845611,2.1972245773362196,1.6094379124341003,1.3862943611198906,1.9459101490553132,0.0,2.3978952727983707,3.091042453358316,0.0
Cell_0613,15-Year (Juvenile),15,Developing Secondary Phloem (APL+),0.5505191432542644,27,1,4,0,0,1,0,25,32,52,9,5,2,0,3,17,14,6,0.6931471805599453,1.6094379124341003,0.0,0.0,0.6931471805599453,0.0,3.258096538021482,3.4965075614664802,3.970291913552122,2.302585092994046,1.791759469228055,1.0986122886681096,0.0,1.3862943611198906,2.8903717578961645,2.70805020110221,1.9459101490553132
Cell_0614,15-Year (Juvenile),15,Developing Secondary Phloem (APL+),0.6453950521829598,20,5,0,2,0,0,2,11,23,34,18,4,5,3,1,5,5,5,1.791759469228055,0.0,1.0986122886681096,0.0,0.0,1.0986122886681096,2.4849066497880004,3.1780538303479458,3.5553480614894135,2.9444389791664403,1.6094379124341003,1.791759469228055,1.3862943611198906,0.6931471805599453,1.791759469228055,1.791759469228055,1.791759469228055
Cell_0615,15-Year (Juvenile),15,Developing Secondary Phloem (APL+),0.6871847048211901,21,1,1,0,0,2,2,25,18,31,16,2,3,3,2,16,15,5,0.6931471805599453,0.6931471805599453,0.0,0.0,1.0986122886681096,1.0986122886681096,3.258096538021482,2.9444389791664403,3.4657359027997265,2.833213344056216,1.0986122886681096,1.3862943611198906,1.3862943611198906,1.0986122886681096,2.833213344056216,2.772588722239781,1.791759469228055
Cell_0616,15-Year (Juvenile),15,Developing Secondary Phloem (APL+),0.8329931600855908,18,6,3,0,0,0,3,29,24,59,18,5,2,4,1,8,23,8,1.9459101490553132,1.3862943611198906,0.0,0.0,0.0,1.3862943611198906,3.4011973816621555,3.2188758248682006,4.0943445622221,2.9444389791664403,1.791759469228055,1.0986122886681096,1.6094379124341003,0.6931471805599453,2.1972245773362196,3.1780538303479458,2.1972245773362196
Cell_0617,15-Year (Juvenile),15,Developing Secondary Phloem (APL+),0.7522901876491398,18,2,5,1,0,1,5,14,10,47,22,4,3,1,0,10,19,2,1.0986122886681096,1.791759469228055,0.6931471805599453,0.0,0.6931471805599453,1.791759469228055,2.70805020110221,2.3978952727983707,3.8712010109078907,3.1354942159291497,1.6094379124341003,1.3862943611198906,0.6931471805599453,0.0,2.3978952727983707,2.995732273553991,1.0986122886681096
Cell_0618,15-Year (Juvenile),15,Developing Secondary Phloem (APL+),0.7045715311920114,18,1,5,0,0,3,2,19,36,40,7,5,2,1,1,11,11,3,0.6931471805599453,1.791759469228055,0.0,0.0,1.3862943611198906,1.0986122886681096,2.995732273553991,3.6109179126442243,3.713572066704308,2.0794415416798357,1.791759469228055,1.0986122886681096,0.6931471805599453,0.6931471805599453,2.4849066497880004,2.4849066497880004,1.3862943611198906
Cell_0619,15-Year (Juvenile),15,Developing Secondary Phloem (APL+),0.881589034963236,19,4,4,1,0,1,2,17,26,38,21,3,5,1,0,12,18,5,1.6094379124341003,1.6094379124341003,0.6931471805599453,0.0,0.6931471805599453,1.0986122886681096,2.8903717578961645,3.295836866004329,3.6635616461296463,3.091042453358316,1.3862943611198906,1.791759469228055,0.6931471805599453,0.0,2.5649493574615367,2.9444389791664403,1.791759469228055
Cell_0620,15-Year (Juvenile),15,Developing Secondary Phloem (APL+),0.5046187453439674,16,3,3,0,0,0,2,10,29,29,11,5,3,4,2,15,20,5,1.3862943611198906,1.3862943611198906,0.0,0.0,0.0,1.0986122886681096,2.3978952727983707,3.4011973816621555,3.4011973816621555,2.4849066497880004,1.791759469228055,1.3862943611198906,1.6094379124341003,1.0986122886681096,2.772588722239781,3.044522437723423,1.791759469228055
Cell_0621,15-Year (Juvenile),15,Developing Secondary Phloem (APL+),0.5921345590072131,21,2,1,1,0,0,0,16,23,41,7,11,5,1,0,2,15,4,1.0986122886681096,0.6931471805599453,0.6931471805599453,0.0,0.0,0.0,2.833213344056216,3.1780538303479458,3.7376696182833684,2.0794415416798357,2.4849066497880004,1.791759469228055,0.6931471805599453,0.0,1.0986122886681096,2.772588722239781,1.6094379124341003
Cell_0622,15-Year (Juvenile),15,Developing Secondary Phloem (APL+),0.5573978188531116,15,1,1,0,0,0,0,21,21,23,19,0,0,3,0,9,9,4,0.6931471805599453,0.6931471805599453,0.0,0.0,0.0,0.0,3.091042453358316,3.091042453358316,3.1780538303479458,2.995732273553991,0.0,0.0,1.3862943611198906,0.0,2.302585092994046,2.302585092994046,1.6094379124341003
Cell_0623,15-Year (Juvenile),15,Developing Secondary Phloem (APL+),0.17752264236725523,20,10,5,0,0,1,2,56,27,27,12,4,8,2,2,14,15,9,2.3978952727983707,1.791759469228055,0.0,0.0,0.6931471805599453,1.0986122886681096,4.04305126783455,3.332204510175204,3.332204510175204,2.5649493574615367,1.6094379124341003,2.1972245773362196,1.0986122886681096,1.0986122886681096,2.70805020110221,2.772588722239781,2.302585092994046
Cell_0624,15-Year (Juvenile),15,Developing Secondary Phloem (APL+),0.7977735517059591,19,0,5,1,0,1,2,15,31,55,7,1,3,4,2,11,18,4,0.0,1.791759469228055,0.6931471805599453,0.0,0.6931471805599453,1.0986122886681096,2.772588722239781,3.4657359027997265,4.02535169073515,2.0794415416798357,0.6931471805599453,1.3862943611198906,1.6094379124341003,1.0986122886681096,2.4849066497880004,2.9444389791664403,1.6094379124341003
Cell_0625,15-Year (Juvenile),15,Developing Secondary Phloem (APL+),0.7655713640455227,18,1,4,0,0,0,2,19,19,34,15,4,3,5,0,3,17,2,0.6931471805599453,1.6094379124341003,0.0,0.0,0.0,1.0986122886681096,2.995732273553991,2.995732273553991,3.5553480614894135,2.772588722239781,1.6094379124341003,1.3862943611198906,1.791759469228055,0.0,1.3862943611198906,2.8903717578961645,1.0986122886681096
Cell_0626,15-Year (Juvenile),15,Developing Secondary Phloem (APL+),0.36144882991800714,18,4,5,0,0,0,1,20,35,23,23,3,1,1,1,5,29,0,1.6094379124341003,1.791759469228055,0.0,0.0,0.0,0.6931471805599453,3.044522437723423,3.58351893845611,3.1780538303479458,3.1780538303479458,1.3862943611198906,0.6931471805599453,0.6931471805599453,0.6931471805599453,1.791759469228055,3.4011973816621555,0.0
Cell_0627,15-Year (Juvenile),15,Developing Secondary Phloem (APL+),0.6921641346733212,17,2,1,0,0,1,1,19,26,50,7,1,0,7,1,6,15,12,1.0986122886681096,0.6931471805599453,0.0,0.0,0.6931471805599453,0.6931471805599453,2.995732273553991,3.295836866004329,3.9318256327243257,2.0794415416798357,0.6931471805599453,0.0,2.0794415416798357,0.6931471805599453,1.9459101490553132,2.772588722239781,2.5649493574615367
Cell_0628,15-Year (Juvenile),15,Developing Secondary Phloem (APL+),0.7809275729151983,28,0,0,0,0,2,1,32,42,35,22,0,2,9,0,6,24,4,0.0,0.0,0.0,0.0,1.0986122886681096,0.6931471805599453,3.4965075614664802,3.7612001156935624,3.58351893845611,3.1354942159291497,0.0,1.0986122886681096,2.302585092994046,0.0,1.9459101490553132,3.2188758248682006,1.6094379124341003
Cell_0629,15-Year (Juvenile),15,Developing Secondary Phloem (APL+),0.7446356197435461,25,0,2,0,0,1,0,22,27,46,10,3,3,1,0,2,14,10,0.0,1.0986122886681096,0.0,0.0,0.6931471805599453,0.0,3.1354942159291497,3.332204510175204,3.8501476017100584,2.3978952727983707,1.3862943611198906,1.3862943611198906,0.6931471805599453,0.0,1.0986122886681096,2.70805020110221,2.3978952727983707
Cell_0630,15-Year (Juvenile),15,Developing Secondary Phloem (APL+),0.5646980416303979,20,0,1,0,0,0,0,16,14,51,11,6,1,1,0,1,16,7,0.0,0.6931471805599453,0.0,0.0,0.0,0.0,2.833213344056216,2.70805020110221,3.9512437185814275,2.4849066497880004,1.9459101490553132,0.6931471805599453,0.6931471805599453,0.0,0.6931471805599453,2.833213344056216,2.0794415416798357
Cell_0631,15-Year (Juvenile),15,Developing Secondary Phloem (APL+),0.6196228572328113,18,0,4,4,0,0,1,48,32,28,19,2,3,2,4,11,15,2,0.0,1.6094379124341003,1.6094379124341003,0.0,0.0,0.6931471805599453,3.8918202981106265,3.4965075614664802,3.367295829986474,2.995732273553991,1.0986122886681096,1.3862943611198906,1.0986122886681096,1.6094379124341003,2.4849066497880004,2.772588722239781,1.0986122886681096
Cell_0632,15-Year (Juvenile),15,Developing Secondary Phloem (APL+),0.8205605652931328,23,0,4,0,0,3,0,39,23,42,18,3,4,4,2,6,7,3,0.0,1.6094379124341003,0.0,0.0,1.3862943611198906,0.0,3.6888794541139363,3.1780538303479458,3.7612001156935624,2.9444389791664403,1.3862943611198906,1.6094379124341003,1.6094379124341003,1.0986122886681096,1.9459101490553132,2.0794415416798357,1.3862943611198906
Cell_0633,15-Year (Juvenile),15,Developing Secondary Phloem (APL+),0.39429171861365137,17,0,8,0,2,1,1,39,30,21,30,1,3,3,1,11,17,5,0.0,2.1972245773362196,0.0,1.0986122886681096,0.6931471805599453,0.6931471805599453,3.6888794541139363,3.4339872044851463,3.091042453358316,3.4339872044851463,0.6931471805599453,1.3862943611198906,1.3862943611198906,0.6931471805599453,2.4849066497880004,2.8903717578961645,1.791759469228055
Cell_0634,15-Year (Juvenile),15,Developing Secondary Phloem (APL+),0.4945944420751247,19,2,4,0,0,1,0,17,31,28,6,5,7,2,2,4,18,6,1.0986122886681096,1.6094379124341003,0.0,0.0,0.6931471805599453,0.0,2.8903717578961645,3.4657359027997265,3.367295829986474,1.9459101490553132,1.791759469228055,2.0794415416798357,1.0986122886681096,1.0986122886681096,1.6094379124341003,2.9444389791664403,1.9459101490553132
Cell_0635,15-Year (Juvenile),15,Developing Secondary Phloem (APL+),0.4164869638770655,18,3,3,0,0,2,0,25,11,54,18,3,5,3,1,6,8,4,1.3862943611198906,1.3862943611198906,0.0,0.0,1.0986122886681096,0.0,3.258096538021482,2.4849066497880004,4.007333185232471,2.9444389791664403,1.3862943611198906,1.791759469228055,1.3862943611198906,0.6931471805599453,1.9459101490553132,2.1972245773362196,1.6094379124341003
Cell_0636,15-Year (Juvenile),15,Developing Secondary Phloem (APL+),0.806157311146813,13,1,3,0,0,3,2,11,22,23,18,8,0,7,0,8,24,9,0.6931471805599453,1.3862943611198906,0.0,0.0,1.3862943611198906,1.0986122886681096,2.4849066497880004,3.1354942159291497,3.1780538303479458,2.9444389791664403,2.1972245773362196,0.0,2.0794415416798357,0.0,2.1972245773362196,3.2188758248682006,2.302585092994046
Cell_0637,15-Year (Juvenile),15,Developing Secondary Phloem (APL+),0.8579657275560856,20,1,3,1,0,0,0,30,25,34,18,2,3,4,3,4,10,2,0.6931471805599453,1.3862943611198906,0.6931471805599453,0.0,0.0,0.0,3.4339872044851463,3.258096538021482,3.5553480614894135,2.9444389791664403,1.0986122886681096,1.3862943611198906,1.6094379124341003,1.3862943611198906,1.6094379124341003,2.3978952727983707,1.0986122886681096
Cell_0638,15-Year (Juvenile),15,Developing Secondary Phloem (APL+),0.6607476855145935,14,2,2,0,0,1,6,19,27,36,18,3,3,1,1,5,5,0,1.0986122886681096,1.0986122886681096,0.0,0.0,0.6931471805599453,1.9459101490553132,2.995732273553991,3.332204510175204,3.6109179126442243,2.9444389791664403,1.3862943611198906,1.3862943611198906,0.6931471805599453,0.6931471805599453,1.791759469228055,1.791759469228055,0.0
Cell_0639,15-Year (Juvenile),15,Developing Secondary Phloem (APL+),0.5600921091259073,16,1,1,0,1,0,0,23,21,25,9,2,1,1,2,5,14,11,0.6931471805599453,0.6931471805599453,0.0,0.6931471805599453,0.0,0.0,3.1780538303479458,3.091042453358316,3.258096538021482,2.302585092994046,1.0986122886681096,0.6931471805599453,0.6931471805599453,1.0986122886681096,1.791759469228055,2.70805020110221,2.4849066497880004
Cell_0640,15-Year (Juvenile),15,Developing Secondary Phloem (APL+),0.706649133921199,17,1,3,0,0,1,1,18,15,49,16,0,1,1,0,11,25,6,0.6931471805599453,1.3862943611198906,0.0,0.0,0.6931471805599453,0.6931471805599453,2.9444389791664403,2.772588722239781,3.912023005428146,2.833213344056216,0.0,0.6931471805599453,0.6931471805599453,0.0,2.4849066497880004,3.258096538021482,1.9459101490553132
Cell_0641,15-Year (Juvenile),15,Developing Secondary Phloem (APL+),0.6093842488643776,16,2,0,0,0,6,1,29,27,19,24,5,2,2,1,12,19,9,1.0986122886681096,0.0,0.0,0.0,1.9459101490553132,0.6931471805599453,3.4011973816621555,3.332204510175204,2.995732273553991,3.2188758248682006,1.791759469228055,1.0986122886681096,1.0986122886681096,0.6931471805599453,2.5649493574615367,2.995732273553991,2.302585092994046
Cell_0642,15-Year (Juvenile),15,Developing Secondary Phloem (APL+),0.7306519684464916,21,2,2,1,0,1,0,23,39,27,18,3,4,1,7,11,13,2,1.0986122886681096,1.0986122886681096,0.6931471805599453,0.0,0.6931471805599453,0.0,3.1780538303479458,3.6888794541139363,3.332204510175204,2.9444389791664403,1.3862943611198906,1.6094379124341003,0.6931471805599453,2.0794415416798357,2.4849066497880004,2.639057329615259,1.0986122886681096
Cell_0643,15-Year (Juvenile),15,Developing Secondary Phloem (APL+),0.4477089274931178,17,1,0,0,0,0,1,30,16,38,12,4,3,3,1,8,16,8,0.6931471805599453,0.0,0.0,0.0,0.0,0.6931471805599453,3.4339872044851463,2.833213344056216,3.6635616461296463,2.5649493574615367,1.6094379124341003,1.3862943611198906,1.3862943611198906,0.6931471805599453,2.1972245773362196,2.833213344056216,2.1972245773362196
Cell_0644,15-Year (Juvenile),15,Developing Secondary Phloem (APL+),0.1274967790981771,23,4,0,0,0,1,0,36,34,36,17,2,5,14,0,7,12,7,1.6094379124341003,0.0,0.0,0.0,0.6931471805599453,0.0,3.6109179126442243,3.5553480614894135,3.6109179126442243,2.8903717578961645,1.0986122886681096,1.791759469228055,2.70805020110221,0.0,2.0794415416798357,2.5649493574615367,2.0794415416798357
Cell_0645,15-Year (Juvenile),15,Developing Secondary Phloem (APL+),0.8338311484498571,21,4,4,0,0,1,0,27,18,43,16,3,9,2,0,9,13,5,1.6094379124341003,1.6094379124341003,0.0,0.0,0.6931471805599453,0.0,3.332204510175204,2.9444389791664403,3.784189633918261,2.833213344056216,1.3862943611198906,2.302585092994046,1.0986122886681096,0.0,2.302585092994046,2.639057329615259,1.791759469228055
Cell_0646,15-Year (Juvenile),15,Developing Secondary Phloem (APL+),0.7657454908320195,18,5,2,0,0,1,0,28,28,49,15,2,6,1,0,11,10,10,1.791759469228055,1.0986122886681096,0.0,0.0,0.6931471805599453,0.0,3.367295829986474,3.367295829986474,3.912023005428146,2.772588722239781,1.0986122886681096,1.9459101490553132,0.6931471805599453,0.0,2.4849066497880004,2.3978952727983707,2.3978952727983707
Cell_0647,15-Year (Juvenile),15,Developing Secondary Phloem (APL+),0.9149734642773549,25,1,1,1,0,3,0,20,15,40,12,2,0,1,1,8,18,7,0.6931471805599453,0.6931471805599453,0.6931471805599453,0.0,1.3862943611198906,0.0,3.044522437723423,2.772588722239781,3.713572066704308,2.5649493574615367,1.0986122886681096,0.0,0.6931471805599453,0.6931471805599453,2.1972245773362196,2.9444389791664403,2.0794415416798357
Cell_0648,15-Year (Juvenile),15,Developing Secondary Phloem (APL+),0.4784659538000608,15,0,2,0,0,1,0,19,16,45,22,4,4,3,2,7,9,2,0.0,1.0986122886681096,0.0,0.0,0.6931471805599453,0.0,2.995732273553991,2.833213344056216,3.828641396489095,3.1354942159291497,1.6094379124341003,1.6094379124341003,1.3862943611198906,1.0986122886681096,2.0794415416798357,2.302585092994046,1.0986122886681096
Cell_0649,15-Year (Juvenile),15,Developing Secondary Phloem (APL+),0.20464489639093197,18,0,5,0,1,2,0,31,18,41,15,5,4,3,1,4,23,3,0.0,1.791759469228055,0.0,0.6931471805599453,1.0986122886681096,0.0,3.4657359027997265,2.9444389791664403,3.7376696182833684,2.772588722239781,1.791759469228055,1.6094379124341003,1.3862943611198906,0.6931471805599453,1.6094379124341003,3.1780538303479458,1.3862943611198906
Cell_0650,15-Year (Juvenile),15,Developing Secondary Phloem (APL+),0.4212227671168329,23,1,1,0,0,0,4,28,33,47,23,5,7,1,0,10,7,20,0.6931471805599453,0.6931471805599453,0.0,0.0,0.0,1.6094379124341003,3.367295829986474,3.5263605246161616,3.8712010109078907,3.1780538303479458,1.791759469228055,2.0794415416798357,0.6931471805599453,0.0,2.3978952727983707,2.0794415416798357,3.044522437723423
Cell_0651,15-Year (Juvenile),15,Developing Secondary Phloem (APL+),0.7118030572675936,17,2,7,0,0,0,1,35,35,36,12,3,5,3,0,4,11,6,1.0986122886681096,2.0794415416798357,0.0,0.0,0.0,0.6931471805599453,3.58351893845611,3.58351893845611,3.6109179126442243,2.5649493574615367,1.3862943611198906,1.791759469228055,1.3862943611198906,0.0,1.6094379124341003,2.4849066497880004,1.9459101490553132
Cell_0652,15-Year (Juvenile),15,Developing Secondary Phloem (APL+),0.7352925631432673,20,1,2,1,1,0,1,19,27,54,11,1,0,6,4,6,5,4,0.6931471805599453,1.0986122886681096,0.6931471805599453,0.6931471805599453,0.0,0.6931471805599453,2.995732273553991,3.332204510175204,4.007333185232471,2.4849066497880004,0.6931471805599453,0.0,1.9459101490553132,1.6094379124341003,1.9459101490553132,1.791759469228055,1.6094379124341003
Cell_0653,15-Year (Juvenile),15,Developing Secondary Phloem (APL+),0.5359787823254172,20,5,5,0,0,1,2,35,20,47,10,0,2,2,0,6,14,1,1.791759469228055,1.791759469228055,0.0,0.0,0.6931471805599453,1.0986122886681096,3.58351893845611,3.044522437723423,3.8712010109078907,2.3978952727983707,0.0,1.0986122886681096,1.0986122886681096,0.0,1.9459101490553132,2.70805020110221,0.6931471805599453
Cell_0654,15-Year (Juvenile),15,Developing Secondary Phloem (APL+),0.7075642654406692,18,1,2,0,0,1,0,35,37,44,10,2,5,1,0,5,7,4,0.6931471805599453,1.0986122886681096,0.0,0.0,0.6931471805599453,0.0,3.58351893845611,3.6375861597263857,3.8066624897703196,2.3978952727983707,1.0986122886681096,1.791759469228055,0.6931471805599453,0.0,1.791759469228055,2.0794415416798357,1.6094379124341003
Cell_0655,15-Year (Juvenile),15,Developing Secondary Phloem (APL+),0.4182442397815806,16,3,6,0,1,0,3,20,34,60,23,4,0,5,1,3,12,5,1.3862943611198906,1.9459101490553132,0.0,0.6931471805599453,0.0,1.3862943611198906,3.044522437723423,3.5553480614894135,4.110873864173311,3.1780538303479458,1.6094379124341003,0.0,1.791759469228055,0.6931471805599453,1.3862943611198906,2.5649493574615367,1.791759469228055
Cell_0656,15-Year (Juvenile),15,Developing Secondary Phloem (APL+),0.7109144978725469,18,4,2,0,1,2,0,21,19,50,20,3,3,7,6,14,14,4,1.6094379124341003,1.0986122886681096,0.0,0.6931471805599453,1.0986122886681096,0.0,3.091042453358316,2.995732273553991,3.9318256327243257,3.044522437723423,1.3862943611198906,1.3862943611198906,2.0794415416798357,1.9459101490553132,2.70805020110221,2.70805020110221,1.6094379124341003
Cell_0657,15-Year (Juvenile),15,Developing Secondary Phloem (APL+),0.40232941072138756,22,1,7,0,0,0,1,15,24,35,5,6,3,4,0,5,21,5,0.6931471805599453,2.0794415416798357,0.0,0.0,0.0,0.6931471805599453,2.772588722239781,3.2188758248682006,3.58351893845611,1.791759469228055,1.9459101490553132,1.3862943611198906,1.6094379124341003,0.0,1.791759469228055,3.091042453358316,1.791759469228055
Cell_0658,15-Year (Juvenile),15,Developing Secondary Phloem (APL+),0.6845635788946397,16,2,5,0,0,2,1,33,34,62,18,6,1,2,1,9,7,5,1.0986122886681096,1.791759469228055,0.0,0.0,1.0986122886681096,0.6931471805599453,3.5263605246161616,3.5553480614894135,4.143134726391533,2.9444389791664403,1.9459101490553132,0.6931471805599453,1.0986122886681096,0.6931471805599453,2.302585092994046,2.0794415416798357,1.791759469228055
Cell_0659,15-Year (Juvenile),15,Developing Secondary Phloem (APL+),0.7557438323539322,14,0,3,0,0,1,2,9,21,38,12,7,0,1,1,4,22,2,0.0,1.3862943611198906,0.0,0.0,0.6931471805599453,1.0986122886681096,2.302585092994046,3.091042453358316,3.6635616461296463,2.5649493574615367,2.0794415416798357,0.0,0.6931471805599453,0.6931471805599453,1.6094379124341003,3.1354942159291497,1.0986122886681096
Cell_0660,15-Year (Juvenile),15,Developing Secondary Phloem (APL+),0.6616022956501636,21,6,5,0,0,1,1,20,26,34,23,2,2,0,3,9,11,2,1.9459101490553132,1.791759469228055,0.0,0.0,0.6931471805599453,0.6931471805599453,3.044522437723423,3.295836866004329,3.5553480614894135,3.1780538303479458,1.0986122886681096,1.0986122886681096,0.0,1.3862943611198906,2.302585092994046,2.4849066497880004,1.0986122886681096
Cell_0661,15-Year (Juvenile),15,Developing Secondary Phloem (APL+),0.5055977104282737,22,2,1,1,0,1,0,20,14,42,10,1,4,0,2,13,10,6,1.0986122886681096,0.6931471805599453,0.6931471805599453,0.0,0.6931471805599453,0.0,3.044522437723423,2.70805020110221,3.7612001156935624,2.3978952727983707,0.6931471805599453,1.6094379124341003,0.0,1.0986122886681096,2.639057329615259,2.3978952727983707,1.9459101490553132
Cell_0662,15-Year (Juvenile),15,Developing Secondary Phloem (APL+),0.5593045298526048,12,5,1,0,0,4,2,25,32,30,21,2,0,1,1,7,11,9,1.791759469228055,0.6931471805599453,0.0,0.0,1.6094379124341003,1.0986122886681096,3.258096538021482,3.4965075614664802,3.4339872044851463,3.091042453358316,1.0986122886681096,0.0,0.6931471805599453,0.6931471805599453,2.0794415416798357,2.4849066497880004,2.302585092994046
Cell_0663,15-Year (Juvenile),15,Developing Secondary Phloem (APL+),0.2305693669696843,23,0,4,0,0,3,0,34,16,44,11,4,0,1,0,11,10,11,0.0,1.6094379124341003,0.0,0.0,1.3862943611198906,0.0,3.5553480614894135,2.833213344056216,3.8066624897703196,2.4849066497880004,1.6094379124341003,0.0,0.6931471805599453,0.0,2.4849066497880004,2.3978952727983707,2.4849066497880004
Cell_0664,15-Year (Juvenile),15,Developing Secondary Phloem (APL+),0.8224047994135085,23,1,9,0,0,1,0,36,23,47,20,4,5,4,1,9,13,10,0.6931471805599453,2.302585092994046,0.0,0.0,0.6931471805599453,0.0,3.6109179126442243,3.1780538303479458,3.8712010109078907,3.044522437723423,1.6094379124341003,1.791759469228055,1.6094379124341003,0.6931471805599453,2.302585092994046,2.639057329615259,2.3978952727983707
Cell_0665,15-Year (Juvenile),15,Developing Secondary Phloem (APL+),0.7971329541730445,25,0,3,0,0,2,0,30,18,31,6,4,1,0,1,16,14,2,0.0,1.3862943611198906,0.0,0.0,1.0986122886681096,0.0,3.4339872044851463,2.9444389791664403,3.4657359027997265,1.9459101490553132,1.6094379124341003,0.6931471805599453,0.0,0.6931471805599453,2.833213344056216,2.70805020110221,1.0986122886681096
Cell_0666,15-Year (Juvenile),15,Developing Secondary Phloem (APL+),0.48711364522915657,18,4,4,0,0,2,0,17,30,39,8,3,4,0,1,9,25,3,1.6094379124341003,1.6094379124341003,0.0,0.0,1.0986122886681096,0.0,2.8903717578961645,3.4339872044851463,3.6888794541139363,2.1972245773362196,1.3862943611198906,1.6094379124341003,0.0,0.6931471805599453,2.302585092994046,3.258096538021482,1.3862943611198906
Cell_0667,15-Year (Juvenile),15,Developing Secondary Phloem (APL+),0.6042446014454357,8,4,3,0,0,0,1,31,31,27,15,9,3,6,0,13,11,10,1.6094379124341003,1.3862943611198906,0.0,0.0,0.0,0.6931471805599453,3.4657359027997265,3.4657359027997265,3.332204510175204,2.772588722239781,2.302585092994046,1.3862943611198906,1.9459101490553132,0.0,2.639057329615259,2.4849066497880004,2.3978952727983707
Cell_0668,15-Year (Juvenile),15,Developing Secondary Phloem (APL+),0.804062221072285,14,1,0,1,0,1,0,28,16,42,20,2,0,1,1,5,22,5,0.6931471805599453,0.0,0.6931471805599453,0.0,0.6931471805599453,0.0,3.367295829986474,2.833213344056216,3.7612001156935624,3.044522437723423,1.0986122886681096,0.0,0.6931471805599453,0.6931471805599453,1.791759469228055,3.1354942159291497,1.791759469228055
Cell_0669,15-Year (Juvenile),15,Developing Secondary Phloem (APL+),0.31456317598638256,17,1,2,0,0,2,0,12,35,34,11,4,7,8,0,9,19,7,0.6931471805599453,1.0986122886681096,0.0,0.0,1.0986122886681096,0.0,2.5649493574615367,3.58351893845611,3.5553480614894135,2.4849066497880004,1.6094379124341003,2.0794415416798357,2.1972245773362196,0.0,2.302585092994046,2.995732273553991,2.0794415416798357
Cell_0670,15-Year (Juvenile),15,Developing Secondary Phloem (APL+),0.2994945365819165,19,1,2,0,1,3,1,34,18,42,8,4,2,3,0,9,9,3,0.6931471805599453,1.0986122886681096,0.0,0.6931471805599453,1.3862943611198906,0.6931471805599453,3.5553480614894135,2.9444389791664403,3.7612001156935624,2.1972245773362196,1.6094379124341003,1.0986122886681096,1.3862943611198906,0.0,2.302585092994046,2.302585092994046,1.3862943611198906
Cell_0671,15-Year (Juvenile),15,Developing Secondary Phloem (APL+),0.5792004713432707,15,6,6,1,0,0,0,33,30,48,11,9,5,2,1,1,14,8,1.9459101490553132,1.9459101490553132,0.6931471805599453,0.0,0.0,0.0,3.5263605246161616,3.4339872044851463,3.8918202981106265,2.4849066497880004,2.302585092994046,1.791759469228055,1.0986122886681096,0.6931471805599453,0.6931471805599453,2.70805020110221,2.1972245773362196
Cell_0672,15-Year (Juvenile),15,Developing Secondary Phloem (APL+),0.25987804821504024,23,3,2,0,0,2,3,31,23,55,12,5,1,2,1,3,20,6,1.3862943611198906,1.0986122886681096,0.0,0.0,1.0986122886681096,1.3862943611198906,3.4657359027997265,3.1780538303479458,4.02535169073515,2.5649493574615367,1.791759469228055,0.6931471805599453,1.0986122886681096,0.6931471805599453,1.3862943611198906,3.044522437723423,1.9459101490553132
Cell_0673,15-Year (Juvenile),15,Developing Secondary Phloem (APL+),0.9283293921948443,22,0,3,0,0,0,1,9,20,24,21,6,4,2,1,5,18,4,0.0,1.3862943611198906,0.0,0.0,0.0,0.6931471805599453,2.302585092994046,3.044522437723423,3.2188758248682006,3.091042453358316,1.9459101490553132,1.6094379124341003,1.0986122886681096,0.6931471805599453,1.791759469228055,2.9444389791664403,1.6094379124341003
Cell_0674,15-Year (Juvenile),15,Developing Secondary Phloem (APL+),0.3857176072117092,16,2,6,3,0,0,0,31,11,26,12,7,5,5,0,20,15,7,1.0986122886681096,1.9459101490553132,1.3862943611198906,0.0,0.0,0.0,3.4657359027997265,2.4849066497880004,3.295836866004329,2.5649493574615367,2.0794415416798357,1.791759469228055,1.791759469228055,0.0,3.044522437723423,2.772588722239781,2.0794415416798357
Cell_0675,15-Year (Juvenile),15,Developing Secondary Phloem (APL+),0.7845584570452774,28,2,0,0,2,1,2,37,21,40,14,4,5,2,0,8,16,5,1.0986122886681096,0.0,0.0,1.0986122886681096,0.6931471805599453,1.0986122886681096,3.6375861597263857,3.091042453358316,3.713572066704308,2.70805020110221,1.6094379124341003,1.791759469228055,1.0986122886681096,0.0,2.1972245773362196,2.833213344056216,1.791759469228055
Cell_0676,15-Year (Juvenile),15,Developing Secondary Phloem (APL+),0.588780286178429,13,2,1,0,0,0,6,28,23,49,23,3,5,2,1,3,11,4,1.0986122886681096,0.6931471805599453,0.0,0.0,0.0,1.9459101490553132,3.367295829986474,3.1780538303479458,3.912023005428146,3.1780538303479458,1.3862943611198906,1.791759469228055,1.0986122886681096,0.6931471805599453,1.3862943611198906,2.4849066497880004,1.6094379124341003
Cell_0677,15-Year (Juvenile),15,Developing Secondary Phloem (APL+),0.6479750286254866,25,1,3,0,0,1,0,30,26,32,10,0,4,8,0,5,9,8,0.6931471805599453,1.3862943611198906,0.0,0.0,0.6931471805599453,0.0,3.4339872044851463,3.295836866004329,3.4965075614664802,2.3978952727983707,0.0,1.6094379124341003,2.1972245773362196,0.0,1.791759469228055,2.302585092994046,2.1972245773362196
Cell_0678,15-Year (Juvenile),15,Developing Secondary Phloem (APL+),0.7118616489187787,20,1,2,3,0,4,3,22,19,25,19,3,4,3,0,13,11,3,0.6931471805599453,1.0986122886681096,1.3862943611198906,0.0,1.6094379124341003,1.3862943611198906,3.1354942159291497,2.995732273553991,3.258096538021482,2.995732273553991,1.3862943611198906,1.6094379124341003,1.3862943611198906,0.0,2.639057329615259,2.4849066497880004,1.3862943611198906
Cell_0679,15-Year (Juvenile),15,Developing Secondary Phloem (APL+),0.6196312211902517,22,0,6,1,0,3,2,28,32,64,7,0,3,4,2,5,22,5,0.0,1.9459101490553132,0.6931471805599453,0.0,1.3862943611198906,1.0986122886681096,3.367295829986474,3.4965075614664802,4.174387269895637,2.0794415416798357,0.0,1.3862943611198906,1.6094379124341003,1.0986122886681096,1.791759469228055,3.1354942159291497,1.791759469228055
Cell_0680,15-Year (Juvenile),15,Developing Secondary Phloem (APL+),0.8172252326024511,17,1,1,0,1,1,3,25,18,50,5,7,1,1,3,14,17,17,0.6931471805599453,0.6931471805599453,0.0,0.6931471805599453,0.6931471805599453,1.3862943611198906,3.258096538021482,2.9444389791664403,3.9318256327243257,1.791759469228055,2.0794415416798357,0.6931471805599453,0.6931471805599453,1.3862943611198906,2.70805020110221,2.8903717578961645,2.8903717578961645
Cell_0681,15-Year (Juvenile),15,Developing Secondary Phloem (APL+),0.3370343167093771,23,2,2,1,1,1,0,20,18,32,21,5,5,0,3,5,21,10,1.0986122886681096,1.0986122886681096,0.6931471805599453,0.6931471805599453,0.6931471805599453,0.0,3.044522437723423,2.9444389791664403,3.4965075614664802,3.091042453358316,1.791759469228055,1.791759469228055,0.0,1.3862943611198906,1.791759469228055,3.091042453358316,2.3978952727983707
Cell_0682,15-Year (Juvenile),15,Developing Secondary Phloem (APL+),0.7920410075343858,18,17,1,0,2,0,1,36,24,27,13,8,0,2,0,8,22,3,2.8903717578961645,0.6931471805599453,0.0,1.0986122886681096,0.0,0.6931471805599453,3.6109179126442243,3.2188758248682006,3.332204510175204,2.639057329615259,2.1972245773362196,0.0,1.0986122886681096,0.0,2.1972245773362196,3.1354942159291497,1.3862943611198906
Cell_0683,15-Year (Juvenile),15,Developing Secondary Phloem (APL+),0.29462589150554724,18,4,2,0,1,1,0,62,14,31,17,4,3,1,0,9,15,3,1.6094379124341003,1.0986122886681096,0.0,0.6931471805599453,0.6931471805599453,0.0,4.143134726391533,2.70805020110221,3.4657359027997265,2.8903717578961645,1.6094379124341003,1.3862943611198906,0.6931471805599453,0.0,2.302585092994046,2.772588722239781,1.3862943611198906
Cell_0684,15-Year (Juvenile),15,Developing Secondary Phloem (APL+),0.7903482780733985,24,2,3,0,0,3,2,35,22,31,23,1,4,6,3,10,21,4,1.0986122886681096,1.3862943611198906,0.0,0.0,1.3862943611198906,1.0986122886681096,3.58351893845611,3.1354942159291497,3.4657359027997265,3.1780538303479458,0.6931471805599453,1.6094379124341003,1.9459101490553132,1.3862943611198906,2.3978952727983707,3.091042453358316,1.6094379124341003
Cell_0685,15-Year (Juvenile),15,Developing Secondary Phloem (APL+),0.8947610821358376,31,1,0,0,0,0,3,45,29,45,11,2,4,2,2,9,14,5,0.6931471805599453,0.0,0.0,0.0,0.0,1.3862943611198906,3.828641396489095,3.4011973816621555,3.828641396489095,2.4849066497880004,1.0986122886681096,1.6094379124341003,1.0986122886681096,1.0986122886681096,2.302585092994046,2.70805020110221,1.791759469228055
Cell_0686,15-Year (Juvenile),15,Developing Secondary Phloem (APL+),0.6180405735834988,10,1,2,0,0,0,0,19,28,61,17,3,0,2,0,8,20,5,0.6931471805599453,1.0986122886681096,0.0,0.0,0.0,0.0,2.995732273553991,3.367295829986474,4.127134385045092,2.8903717578961645,1.3862943611198906,0.0,1.0986122886681096,0.0,2.1972245773362196,3.044522437723423,1.791759469228055
Cell_0687,15-Year (Juvenile),15,Developing Secondary Phloem (APL+),0.3887749271454005,15,1,2,0,0,2,1,14,18,34,15,1,3,2,2,5,12,5,0.6931471805599453,1.0986122886681096,0.0,0.0,1.0986122886681096,0.6931471805599453,2.70805020110221,2.9444389791664403,3.5553480614894135,2.772588722239781,0.6931471805599453,1.3862943611198906,1.0986122886681096,1.0986122886681096,1.791759469228055,2.5649493574615367,1.791759469228055
Cell_0688,15-Year (Juvenile),15,Developing Secondary Phloem (APL+),0.3269534225541593,14,0,1,0,1,1,2,20,10,42,20,1,4,4,0,2,23,8,0.0,0.6931471805599453,0.0,0.6931471805599453,0.6931471805599453,1.0986122886681096,3.044522437723423,2.3978952727983707,3.7612001156935624,3.044522437723423,0.6931471805599453,1.6094379124341003,1.6094379124341003,0.0,1.0986122886681096,3.1780538303479458,2.1972245773362196
Cell_0689,15-Year (Juvenile),15,Developing Secondary Phloem (APL+),0.5380277972172353,23,1,2,0,0,1,2,14,30,43,22,3,1,2,2,3,16,9,0.6931471805599453,1.0986122886681096,0.0,0.0,0.6931471805599453,1.0986122886681096,2.70805020110221,3.4339872044851463,3.784189633918261,3.1354942159291497,1.3862943611198906,0.6931471805599453,1.0986122886681096,1.0986122886681096,1.3862943611198906,2.833213344056216,2.302585092994046
Cell_0690,15-Year (Juvenile),15,Developing Secondary Phloem (APL+),0.5345321961893832,27,3,1,0,0,0,1,28,12,27,9,3,4,2,1,11,16,4,1.3862943611198906,0.6931471805599453,0.0,0.0,0.0,0.6931471805599453,3.367295829986474,2.5649493574615367,3.332204510175204,2.302585092994046,1.3862943611198906,1.6094379124341003,1.0986122886681096,0.6931471805599453,2.4849066497880004,2.833213344056216,1.6094379124341003
Cell_0691,15-Year (Juvenile),15,Developing Secondary Phloem (APL+),0.41246372094312417,21,1,2,0,0,0,3,16,26,30,14,3,1,1,0,7,15,6,0.6931471805599453,1.0986122886681096,0.0,0.0,0.0,1.3862943611198906,2.833213344056216,3.295836866004329,3.4339872044851463,2.70805020110221,1.3862943611198906,0.6931471805599453,0.6931471805599453,0.0,2.0794415416798357,2.772588722239781,1.9459101490553132
Cell_0692,15-Year (Juvenile),15,Developing Secondary Phloem (APL+),0.677024620418179,23,0,0,0,0,0,3,37,15,52,8,2,1,0,4,3,11,4,0.0,0.0,0.0,0.0,0.0,1.3862943611198906,3.6375861597263857,2.772588722239781,3.970291913552122,2.1972245773362196,1.0986122886681096,0.6931471805599453,0.0,1.6094379124341003,1.3862943611198906,2.4849066497880004,1.6094379124341003
Cell_0693,15-Year (Juvenile),15,Developing Secondary Phloem (APL+),0.6474747467920257,16,4,5,2,1,6,5,19,14,42,11,1,5,5,5,7,14,13,1.6094379124341003,1.791759469228055,1.0986122886681096,0.6931471805599453,1.9459101490553132,1.791759469228055,2.995732273553991,2.70805020110221,3.7612001156935624,2.4849066497880004,0.6931471805599453,1.791759469228055,1.791759469228055,1.791759469228055,2.0794415416798357,2.70805020110221,2.639057329615259
Cell_0694,15-Year (Juvenile),15,Developing Secondary Phloem (APL+),0.44598882332913814,21,3,3,0,0,3,1,25,32,38,14,1,1,2,0,18,18,1,1.3862943611198906,1.3862943611198906,0.0,0.0,1.3862943611198906,0.6931471805599453,3.258096538021482,3.4965075614664802,3.6635616461296463,2.70805020110221,0.6931471805599453,0.6931471805599453,1.0986122886681096,0.0,2.9444389791664403,2.9444389791664403,0.6931471805599453
Cell_0695,15-Year (Juvenile),15,Developing Secondary Phloem (APL+),0.38307267774733955,26,4,1,1,0,0,0,44,17,50,7,4,7,2,0,9,12,3,1.6094379124341003,0.6931471805599453,0.6931471805599453,0.0,0.0,0.0,3.8066624897703196,2.8903717578961645,3.9318256327243257,2.0794415416798357,1.6094379124341003,2.0794415416798357,1.0986122886681096,0.0,2.302585092994046,2.5649493574615367,1.3862943611198906
Cell_0696,15-Year (Juvenile),15,Developing Secondary Phloem (APL+),0.4773647787479729,19,1,4,1,0,3,1,32,28,42,16,7,3,2,2,7,10,5,0.6931471805599453,1.6094379124341003,0.6931471805599453,0.0,1.3862943611198906,0.6931471805599453,3.4965075614664802,3.367295829986474,3.7612001156935624,2.833213344056216,2.0794415416798357,1.3862943611198906,1.0986122886681096,1.0986122886681096,2.0794415416798357,2.3978952727983707,1.791759469228055
Cell_0697,15-Year (Juvenile),15,Developing Secondary Phloem (APL+),0.6431985114389878,19,1,4,2,1,0,0,28,10,40,2,5,11,4,0,7,13,12,0.6931471805599453,1.6094379124341003,1.0986122886681096,0.6931471805599453,0.0,0.0,3.367295829986474,2.3978952727983707,3.713572066704308,1.0986122886681096,1.791759469228055,2.4849066497880004,1.6094379124341003,0.0,2.0794415416798357,2.639057329615259,2.5649493574615367
Cell_0698,15-Year (Juvenile),15,Developing Secondary Phloem (APL+),0.578912963659737,28,5,2,3,0,4,1,13,12,68,10,3,6,2,2,4,11,3,1.791759469228055,1.0986122886681096,1.3862943611198906,0.0,1.6094379124341003,0.6931471805599453,2.639057329615259,2.5649493574615367,4.23410650459726,2.3978952727983707,1.3862943611198906,1.9459101490553132,1.0986122886681096,1.0986122886681096,1.6094379124341003,2.4849066497880004,1.3862943611198906
Cell_0699,15-Year (Juvenile),15,Developing Secondary Phloem (APL+),0.43173134466243757,25,0,7,0,0,1,1,43,31,40,10,6,1,5,3,7,25,2,0.0,2.0794415416798357,0.0,0.0,0.6931471805599453,0.6931471805599453,3.784189633918261,3.4657359027997265,3.713572066704308,2.3978952727983707,1.9459101490553132,0.6931471805599453,1.791759469228055,1.3862943611198906,2.0794415416798357,3.258096538021482,1.0986122886681096
Cell_0700,15-Year (Juvenile),15,Developing Secondary Phloem (APL+),0.7292367207768559,25,0,2,0,0,0,0,12,42,61,13,4,4,5,0,3,14,1,0.0,1.0986122886681096,0.0,0.0,0.0,0.0,2.5649493574615367,3.7612001156935624,4.127134385045092,2.639057329615259,1.6094379124341003,1.6094379124341003,1.791759469228055,0.0,1.3862943611198906,2.70805020110221,0.6931471805599453
Cell_0701,15-Year (Juvenile),15,Developing Secondary Phloem (APL+),0.8749592520455598,17,4,3,0,0,0,0,27,28,43,27,8,1,4,1,6,20,12,1.6094379124341003,1.3862943611198906,0.0,0.0,0.0,0.0,3.332204510175204,3.367295829986474,3.784189633918261,3.332204510175204,2.1972245773362196,0.6931471805599453,1.6094379124341003,0.6931471805599453,1.9459101490553132,3.044522437723423,2.5649493574615367
Cell_0702,15-Year (Juvenile),15,Developing Secondary Phloem (APL+),0.6019089077062731,22,6,1,1,0,1,1,39,17,40,9,4,1,1,0,9,15,3,1.9459101490553132,0.6931471805599453,0.6931471805599453,0.0,0.6931471805599453,0.6931471805599453,3.6888794541139363,2.8903717578961645,3.713572066704308,2.302585092994046,1.6094379124341003,0.6931471805599453,0.6931471805599453,0.0,2.302585092994046,2.772588722239781,1.3862943611198906
Cell_0703,15-Year (Juvenile),15,Developing Secondary Phloem (APL+),0.5444410669170059,17,2,1,1,0,0,0,22,22,46,10,0,1,5,1,12,6,2,1.0986122886681096,0.6931471805599453,0.6931471805599453,0.0,0.0,0.0,3.1354942159291497,3.1354942159291497,3.8501476017100584,2.3978952727983707,0.0,0.6931471805599453,1.791759469228055,0.6931471805599453,2.5649493574615367,1.9459101490553132,1.0986122886681096
Cell_0704,15-Year (Juvenile),15,Developing Secondary Phloem (APL+),0.7669298309770676,18,4,4,0,0,7,0,24,16,30,11,3,4,1,4,5,17,3,1.6094379124341003,1.6094379124341003,0.0,0.0,2.0794415416798357,0.0,3.2188758248682006,2.833213344056216,3.4339872044851463,2.4849066497880004,1.3862943611198906,1.6094379124341003,0.6931471805599453,1.6094379124341003,1.791759469228055,2.8903717578961645,1.3862943611198906
Cell_0705,15-Year (Juvenile),15,Developing Secondary Phloem (APL+),0.07296016592982381,18,3,0,1,1,1,0,18,35,42,16,1,1,4,0,2,13,3,1.3862943611198906,0.0,0.6931471805599453,0.6931471805599453,0.6931471805599453,0.0,2.9444389791664403,3.58351893845611,3.7612001156935624,2.833213344056216,0.6931471805599453,0.6931471805599453,1.6094379124341003,0.0,1.0986122886681096,2.639057329615259,1.3862943611198906
Cell_0706,15-Year (Juvenile),15,Developing Secondary Phloem (APL+),0.8193580877264647,21,0,3,0,0,1,2,25,35,49,12,5,1,7,0,5,6,8,0.0,1.3862943611198906,0.0,0.0,0.6931471805599453,1.0986122886681096,3.258096538021482,3.58351893845611,3.912023005428146,2.5649493574615367,1.791759469228055,0.6931471805599453,2.0794415416798357,0.0,1.791759469228055,1.9459101490553132,2.1972245773362196
Cell_0707,15-Year (Juvenile),15,Developing Secondary Phloem (APL+),0.8203323975922318,26,2,6,0,0,0,0,32,19,51,17,8,3,1,0,2,16,7,1.0986122886681096,1.9459101490553132,0.0,0.0,0.0,0.0,3.4965075614664802,2.995732273553991,3.9512437185814275,2.8903717578961645,2.1972245773362196,1.3862943611198906,0.6931471805599453,0.0,1.0986122886681096,2.833213344056216,2.0794415416798357
Cell_0708,15-Year (Juvenile),15,Developing Secondary Phloem (APL+),0.48475873615481446,18,3,2,0,0,0,1,29,17,54,17,2,5,1,0,2,19,13,1.3862943611198906,1.0986122886681096,0.0,0.0,0.0,0.6931471805599453,3.4011973816621555,2.8903717578961645,4.007333185232471,2.8903717578961645,1.0986122886681096,1.791759469228055,0.6931471805599453,0.0,1.0986122886681096,2.995732273553991,2.639057329615259
Cell_0709,15-Year (Juvenile),15,Developing Secondary Phloem (APL+),0.583707127574906,23,0,1,0,1,1,0,23,17,25,24,3,2,0,0,16,14,4,0.0,0.6931471805599453,0.0,0.6931471805599453,0.6931471805599453,0.0,3.1780538303479458,2.8903717578961645,3.258096538021482,3.2188758248682006,1.3862943611198906,1.0986122886681096,0.0,0.0,2.833213344056216,2.70805020110221,1.6094379124341003
Cell_0710,15-Year (Juvenile),15,Developing Secondary Phloem (APL+),0.4354667451245123,11,1,2,1,0,2,0,20,37,37,13,4,3,2,0,2,19,0,0.6931471805599453,1.0986122886681096,0.6931471805599453,0.0,1.0986122886681096,0.0,3.044522437723423,3.6375861597263857,3.6375861597263857,2.639057329615259,1.6094379124341003,1.3862943611198906,1.0986122886681096,0.0,1.0986122886681096,2.995732273553991,0.0
Cell_0711,15-Year (Juvenile),15,Developing Secondary Phloem (APL+),0.7939276488088978,20,1,2,0,0,3,1,21,19,55,23,7,2,0,0,8,18,1,0.6931471805599453,1.0986122886681096,0.0,0.0,1.3862943611198906,0.6931471805599453,3.091042453358316,2.995732273553991,4.02535169073515,3.1780538303479458,2.0794415416798357,1.0986122886681096,0.0,0.0,2.1972245773362196,2.9444389791664403,0.6931471805599453
Cell_0712,15-Year (Juvenile),15,Developing Secondary Phloem (APL+),0.3017431114744308,22,3,5,0,0,0,2,39,38,34,26,5,2,11,3,3,14,2,1.3862943611198906,1.791759469228055,0.0,0.0,0.0,1.0986122886681096,3.6888794541139363,3.6635616461296463,3.5553480614894135,3.295836866004329,1.791759469228055,1.0986122886681096,2.4849066497880004,1.3862943611198906,1.3862943611198906,2.70805020110221,1.0986122886681096
Cell_0713,15-Year (Juvenile),15,Developing Secondary Phloem (APL+),0.49010772799595254,19,1,2,0,0,1,3,20,14,57,22,2,1,6,0,19,10,5,0.6931471805599453,1.0986122886681096,0.0,0.0,0.6931471805599453,1.3862943611198906,3.044522437723423,2.70805020110221,4.060443010546419,3.1354942159291497,1.0986122886681096,0.6931471805599453,1.9459101490553132,0.0,2.995732273553991,2.3978952727983707,1.791759469228055
Cell_0714,15-Year (Juvenile),15,Developing Secondary Phloem (APL+),0.3332442539193646,14,5,1,0,0,0,3,26,17,12,9,4,2,3,0,13,19,5,1.791759469228055,0.6931471805599453,0.0,0.0,0.0,1.3862943611198906,3.295836866004329,2.8903717578961645,2.5649493574615367,2.302585092994046,1.6094379124341003,1.0986122886681096,1.3862943611198906,0.0,2.639057329615259,2.995732273553991,1.791759469228055
Cell_0715,15-Year (Juvenile),15,Developing Secondary Phloem (APL+),0.2904358223820997,21,5,3,0,0,2,0,20,21,10,10,5,1,3,1,4,12,6,1.791759469228055,1.3862943611198906,0.0,0.0,1.0986122886681096,0.0,3.044522437723423,3.091042453358316,2.3978952727983707,2.3978952727983707,1.791759469228055,0.6931471805599453,1.3862943611198906,0.6931471805599453,1.6094379124341003,2.5649493574615367,1.9459101490553132
Cell_0716,15-Year (Juvenile),15,Developing Secondary Phloem (APL+),0.4623172315509488,20,0,2,0,1,1,3,31,24,34,12,6,1,3,1,2,11,9,0.0,1.0986122886681096,0.0,0.6931471805599453,0.6931471805599453,1.3862943611198906,3.4657359027997265,3.2188758248682006,3.5553480614894135,2.5649493574615367,1.9459101490553132,0.6931471805599453,1.3862943611198906,0.6931471805599453,1.0986122886681096,2.4849066497880004,2.302585092994046
Cell_0717,15-Year (Juvenile),15,Developing Secondary Phloem (APL+),0.46569187062711503,20,1,6,0,0,0,1,36,29,48,10,6,1,1,1,8,7,3,0.6931471805599453,1.9459101490553132,0.0,0.0,0.0,0.6931471805599453,3.6109179126442243,3.4011973816621555,3.8918202981106265,2.3978952727983707,1.9459101490553132,0.6931471805599453,0.6931471805599453,0.6931471805599453,2.1972245773362196,2.0794415416798357,1.3862943611198906
Cell_0718,15-Year (Juvenile),15,Developing Secondary Phloem (APL+),0.7464585506572388,14,3,7,0,1,0,4,32,21,26,12,9,1,5,1,13,24,5,1.3862943611198906,2.0794415416798357,0.0,0.6931471805599453,0.0,1.6094379124341003,3.4965075614664802,3.091042453358316,3.295836866004329,2.5649493574615367,2.302585092994046,0.6931471805599453,1.791759469228055,0.6931471805599453,2.639057329615259,3.2188758248682006,1.791759469228055
Cell_0719,15-Year (Juvenile),15,Developing Secondary Phloem (APL+),0.5706294418043983,17,5,3,0,0,1,0,30,21,37,18,1,7,3,1,3,18,7,1.791759469228055,1.3862943611198906,0.0,0.0,0.6931471805599453,0.0,3.4339872044851463,3.091042453358316,3.6375861597263857,2.9444389791664403,0.6931471805599453,2.0794415416798357,1.3862943611198906,0.6931471805599453,1.3862943611198906,2.9444389791664403,2.0794415416798357
Cell_0720,15-Year (Juvenile),15,Developing Secondary Phloem (APL+),0.5596358091111944,20,2,2,0,0,6,0,21,24,44,31,2,10,3,3,5,13,4,1.0986122886681096,1.0986122886681096,0.0,0.0,1.9459101490553132,0.0,3.091042453358316,3.2188758248682006,3.8066624897703196,3.4657359027997265,1.0986122886681096,2.3978952727983707,1.3862943611198906,1.3862943611198906,1.791759469228055,2.639057329615259,1.6094379124341003
Cell_0721,15-Year (Juvenile),15,Mitotic Checkpoint Primed Cells (TPX2+/CDC20.1+),0.17582387339085823,23,7,1,1,1,29,2,30,9,49,10,62,47,21,29,12,11,5,2.0794415416798357,0.6931471805599453,0.6931471805599453,0.6931471805599453,3.4011973816621555,1.0986122886681096,3.4339872044851463,2.302585092994046,3.912023005428146,2.3978952727983707,4.143134726391533,3.8712010109078907,3.091042453358316,3.4011973816621555,2.5649493574615367,2.4849066497880004,1.791759469228055
Cell_0722,15-Year (Juvenile),15,Mitotic Checkpoint Primed Cells (TPX2+/CDC20.1+),0.48430145560274707,21,6,11,0,0,4,0,25,25,29,11,51,33,48,18,8,13,5,1.9459101490553132,2.4849066497880004,0.0,0.0,1.6094379124341003,0.0,3.258096538021482,3.258096538021482,3.4011973816621555,2.4849066497880004,3.9512437185814275,3.5263605246161616,3.8918202981106265,2.9444389791664403,2.1972245773362196,2.639057329615259,1.791759469228055
Cell_0723,15-Year (Juvenile),15,Mitotic Checkpoint Primed Cells (TPX2+/CDC20.1+),0.2774938540582944,22,4,1,1,0,12,1,16,13,26,18,85,38,32,20,2,16,5,1.6094379124341003,0.6931471805599453,0.6931471805599453,0.0,2.5649493574615367,0.6931471805599453,2.833213344056216,2.639057329615259,3.295836866004329,2.9444389791664403,4.454347296253507,3.6635616461296463,3.4965075614664802,3.044522437723423,1.0986122886681096,2.833213344056216,1.791759469228055
Cell_0724,15-Year (Juvenile),15,Mitotic Checkpoint Primed Cells (TPX2+/CDC20.1+),0.7978185426713451,16,2,2,0,0,19,0,24,30,29,12,49,32,41,27,5,5,3,1.0986122886681096,1.0986122886681096,0.0,0.0,2.995732273553991,0.0,3.2188758248682006,3.4339872044851463,3.4011973816621555,2.5649493574615367,3.912023005428146,3.4965075614664802,3.7376696182833684,3.332204510175204,1.791759469228055,1.791759469228055,1.3862943611198906
Cell_0725,15-Year (Juvenile),15,Mitotic Checkpoint Primed Cells (TPX2+/CDC20.1+),0.7052025619573963,25,0,3,0,1,15,0,17,43,48,22,76,21,45,28,10,9,6,0.0,1.3862943611198906,0.0,0.6931471805599453,2.772588722239781,0.0,2.8903717578961645,3.784189633918261,3.8918202981106265,3.1354942159291497,4.343805421853684,3.091042453358316,3.828641396489095,3.367295829986474,2.3978952727983707,2.302585092994046,1.9459101490553132
Cell_0726,15-Year (Juvenile),15,Mitotic Checkpoint Primed Cells (TPX2+/CDC20.1+),0.1488029240194393,25,0,2,0,0,23,3,26,25,26,18,66,27,31,24,7,14,8,0.0,1.0986122886681096,0.0,0.0,3.1780538303479458,1.3862943611198906,3.295836866004329,3.258096538021482,3.295836866004329,2.9444389791664403,4.204692619390966,3.332204510175204,3.4657359027997265,3.2188758248682006,2.0794415416798357,2.70805020110221,2.1972245773362196
Cell_0727,15-Year (Juvenile),15,Mitotic Checkpoint Primed Cells (TPX2+/CDC20.1+),0.3689522621117647,19,0,10,0,1,16,1,43,16,51,16,57,52,28,27,4,20,5,0.0,2.3978952727983707,0.0,0.6931471805599453,2.833213344056216,0.6931471805599453,3.784189633918261,2.833213344056216,3.9512437185814275,2.833213344056216,4.060443010546419,3.970291913552122,3.367295829986474,3.332204510175204,1.6094379124341003,3.044522437723423,1.791759469228055
Cell_0728,15-Year (Juvenile),15,Mitotic Checkpoint Primed Cells (TPX2+/CDC20.1+),0.15101205617096838,22,2,1,0,0,26,0,26,23,27,8,64,44,27,25,8,19,7,1.0986122886681096,0.6931471805599453,0.0,0.0,3.295836866004329,0.0,3.295836866004329,3.1780538303479458,3.332204510175204,2.1972245773362196,4.174387269895637,3.8066624897703196,3.332204510175204,3.258096538021482,2.1972245773362196,2.995732273553991,2.0794415416798357
Cell_0729,15-Year (Juvenile),15,Mitotic Checkpoint Primed Cells (TPX2+/CDC20.1+),0.4783386747291196,23,2,6,0,0,14,2,37,18,38,13,62,28,35,25,2,18,11,1.0986122886681096,1.9459101490553132,0.0,0.0,2.70805020110221,1.0986122886681096,3.6375861597263857,2.9444389791664403,3.6635616461296463,2.639057329615259,4.143134726391533,3.367295829986474,3.58351893845611,3.258096538021482,1.0986122886681096,2.9444389791664403,2.4849066497880004
Cell_0730,15-Year (Juvenile),15,Mitotic Checkpoint Primed Cells (TPX2+/CDC20.1+),0.35790621623022134,21,3,0,0,0,10,1,15,15,48,7,39,24,33,15,11,19,7,1.3862943611198906,0.0,0.0,0.0,2.3978952727983707,0.6931471805599453,2.772588722239781,2.772588722239781,3.8918202981106265,2.0794415416798357,3.6888794541139363,3.2188758248682006,3.5263605246161616,2.772588722239781,2.4849066497880004,2.995732273553991,2.0794415416798357
Cell_0731,15-Year (Juvenile),15,Mitotic Checkpoint Primed Cells (TPX2+/CDC20.1+),0.27270932122335584,14,0,2,0,0,13,1,14,31,53,10,85,47,36,18,10,13,2,0.0,1.0986122886681096,0.0,0.0,2.639057329615259,0.6931471805599453,2.70805020110221,3.4657359027997265,3.9889840465642745,2.3978952727983707,4.454347296253507,3.8712010109078907,3.6109179126442243,2.9444389791664403,2.3978952727983707,2.639057329615259,1.0986122886681096
Cell_0732,15-Year (Juvenile),15,Mitotic Checkpoint Primed Cells (TPX2+/CDC20.1+),0.04683748594914225,13,0,5,0,0,14,0,45,25,27,13,62,48,29,22,14,13,4,0.0,1.791759469228055,0.0,0.0,2.70805020110221,0.0,3.828641396489095,3.258096538021482,3.332204510175204,2.639057329615259,4.143134726391533,3.8918202981106265,3.4011973816621555,3.1354942159291497,2.70805020110221,2.639057329615259,1.6094379124341003
Cell_0733,15-Year (Juvenile),15,Mitotic Checkpoint Primed Cells (TPX2+/CDC20.1+),0.6569425250481941,24,1,1,0,0,25,4,21,36,49,13,43,31,26,25,3,15,2,0.6931471805599453,0.6931471805599453,0.0,0.0,3.258096538021482,1.6094379124341003,3.091042453358316,3.6109179126442243,3.912023005428146,2.639057329615259,3.784189633918261,3.4657359027997265,3.295836866004329,3.258096538021482,1.3862943611198906,2.772588722239781,1.0986122886681096
Cell_0734,15-Year (Juvenile),15,Mitotic Checkpoint Primed Cells (TPX2+/CDC20.1+),0.06677593008544754,27,1,1,0,0,15,1,19,14,55,13,85,58,37,18,8,17,6,0.6931471805599453,0.6931471805599453,0.0,0.0,2.772588722239781,0.6931471805599453,2.995732273553991,2.70805020110221,4.02535169073515,2.639057329615259,4.454347296253507,4.07753744390572,3.6375861597263857,2.9444389791664403,2.1972245773362196,2.8903717578961645,1.9459101490553132
Cell_0735,15-Year (Juvenile),15,Mitotic Checkpoint Primed Cells (TPX2+/CDC20.1+),0.07907056271902096,16,4,0,1,0,29,0,38,23,40,29,93,30,51,21,7,10,2,1.6094379124341003,0.0,0.6931471805599453,0.0,3.4011973816621555,0.0,3.6635616461296463,3.1780538303479458,3.713572066704308,3.4011973816621555,4.543294782270004,3.4339872044851463,3.9512437185814275,3.091042453358316,2.0794415416798357,2.3978952727983707,1.0986122886681096
Cell_0736,15-Year (Juvenile),15,Mitotic Checkpoint Primed Cells (TPX2+/CDC20.1+),0.5801057618744551,17,0,4,3,0,13,1,17,17,29,11,56,36,49,20,6,14,4,0.0,1.6094379124341003,1.3862943611198906,0.0,2.639057329615259,0.6931471805599453,2.8903717578961645,2.8903717578961645,3.4011973816621555,2.4849066497880004,4.04305126783455,3.6109179126442243,3.912023005428146,3.044522437723423,1.9459101490553132,2.70805020110221,1.6094379124341003
Cell_0737,15-Year (Juvenile),15,Mitotic Checkpoint Primed Cells (TPX2+/CDC20.1+),0.4366254227354799,27,1,1,0,0,11,0,7,22,49,15,68,69,31,14,2,30,4,0.6931471805599453,0.6931471805599453,0.0,0.0,2.4849066497880004,0.0,2.0794415416798357,3.1354942159291497,3.912023005428146,2.772588722239781,4.23410650459726,4.248495242049359,3.4657359027997265,2.70805020110221,1.0986122886681096,3.4339872044851463,1.6094379124341003
Cell_0738,15-Year (Juvenile),15,Mitotic Checkpoint Primed Cells (TPX2+/CDC20.1+),0.5121215594267953,23,1,6,0,0,14,1,34,12,48,10,56,28,29,34,9,6,5,0.6931471805599453,1.9459101490553132,0.0,0.0,2.70805020110221,0.6931471805599453,3.5553480614894135,2.5649493574615367,3.8918202981106265,2.3978952727983707,4.04305126783455,3.367295829986474,3.4011973816621555,3.5553480614894135,2.302585092994046,1.9459101490553132,1.791759469228055
Cell_0739,15-Year (Juvenile),15,Mitotic Checkpoint Primed Cells (TPX2+/CDC20.1+),0.5077010414122125,18,3,1,0,0,6,0,27,25,38,16,54,44,33,23,4,9,3,1.3862943611198906,0.6931471805599453,0.0,0.0,1.9459101490553132,0.0,3.332204510175204,3.258096538021482,3.6635616461296463,2.833213344056216,4.007333185232471,3.8066624897703196,3.5263605246161616,3.1780538303479458,1.6094379124341003,2.302585092994046,1.3862943611198906
Cell_0740,15-Year (Juvenile),15,Mitotic Checkpoint Primed Cells (TPX2+/CDC20.1+),0.6278009914782172,20,0,1,2,0,18,1,47,20,38,21,41,48,39,18,10,12,6,0.0,0.6931471805599453,1.0986122886681096,0.0,2.9444389791664403,0.6931471805599453,3.8712010109078907,3.044522437723423,3.6635616461296463,3.091042453358316,3.7376696182833684,3.8918202981106265,3.6888794541139363,2.9444389791664403,2.3978952727983707,2.5649493574615367,1.9459101490553132
Cell_0741,15-Year (Juvenile),15,Mitotic Checkpoint Primed Cells (TPX2+/CDC20.1+),0.428112023817354,20,0,6,0,0,17,2,30,29,28,7,47,18,23,31,8,20,8,0.0,1.9459101490553132,0.0,0.0,2.8903717578961645,1.0986122886681096,3.4339872044851463,3.4011973816621555,3.367295829986474,2.0794415416798357,3.8712010109078907,2.9444389791664403,3.1780538303479458,3.4657359027997265,2.1972245773362196,3.044522437723423,2.1972245773362196
Cell_0742,15-Year (Juvenile),15,Mitotic Checkpoint Primed Cells (TPX2+/CDC20.1+),0.4346008066576028,26,0,3,0,0,9,1,29,10,25,6,61,39,17,26,14,13,3,0.0,1.3862943611198906,0.0,0.0,2.302585092994046,0.6931471805599453,3.4011973816621555,2.3978952727983707,3.258096538021482,1.9459101490553132,4.127134385045092,3.6888794541139363,2.8903717578961645,3.295836866004329,2.70805020110221,2.639057329615259,1.3862943611198906
Cell_0743,15-Year (Juvenile),15,Mitotic Checkpoint Primed Cells (TPX2+/CDC20.1+),0.09612883961139441,14,2,2,0,0,11,0,28,31,29,17,47,31,41,13,2,20,4,1.0986122886681096,1.0986122886681096,0.0,0.0,2.4849066497880004,0.0,3.367295829986474,3.4657359027997265,3.4011973816621555,2.8903717578961645,3.8712010109078907,3.4657359027997265,3.7376696182833684,2.639057329615259,1.0986122886681096,3.044522437723423,1.6094379124341003
Cell_0744,15-Year (Juvenile),15,Mitotic Checkpoint Primed Cells (TPX2+/CDC20.1+),0.4759520041965769,22,7,5,0,1,23,1,22,27,29,7,54,39,23,16,9,18,3,2.0794415416798357,1.791759469228055,0.0,0.6931471805599453,3.1780538303479458,0.6931471805599453,3.1354942159291497,3.332204510175204,3.4011973816621555,2.0794415416798357,4.007333185232471,3.6888794541139363,3.1780538303479458,2.833213344056216,2.302585092994046,2.9444389791664403,1.3862943611198906
Cell_0745,15-Year (Juvenile),15,Mitotic Checkpoint Primed Cells (TPX2+/CDC20.1+),0.3125882580631156,17,1,10,1,0,4,4,23,13,29,15,57,43,31,25,4,9,5,0.6931471805599453,2.3978952727983707,0.6931471805599453,0.0,1.6094379124341003,1.6094379124341003,3.1780538303479458,2.639057329615259,3.4011973816621555,2.772588722239781,4.060443010546419,3.784189633918261,3.4657359027997265,3.258096538021482,1.6094379124341003,2.302585092994046,1.791759469228055
Cell_0746,15-Year (Juvenile),15,Mitotic Checkpoint Primed Cells (TPX2+/CDC20.1+),0.5143079992760589,27,0,0,0,0,16,1,27,8,40,20,35,49,36,10,2,17,4,0.0,0.0,0.0,0.0,2.833213344056216,0.6931471805599453,3.332204510175204,2.1972245773362196,3.713572066704308,3.044522437723423,3.58351893845611,3.912023005428146,3.6109179126442243,2.3978952727983707,1.0986122886681096,2.8903717578961645,1.6094379124341003
Cell_0747,15-Year (Juvenile),15,Mitotic Checkpoint Primed Cells (TPX2+/CDC20.1+),0.7151854953691416,19,1,10,2,0,24,0,15,19,48,14,28,31,38,13,3,22,9,0.6931471805599453,2.3978952727983707,1.0986122886681096,0.0,3.2188758248682006,0.0,2.772588722239781,2.995732273553991,3.8918202981106265,2.70805020110221,3.367295829986474,3.4657359027997265,3.6635616461296463,2.639057329615259,1.3862943611198906,3.1354942159291497,2.302585092994046
Cell_0748,15-Year (Juvenile),15,Mitotic Checkpoint Primed Cells (TPX2+/CDC20.1+),0.5839064894238924,14,1,8,0,0,12,2,18,25,40,14,49,48,33,17,32,15,7,0.6931471805599453,2.1972245773362196,0.0,0.0,2.5649493574615367,1.0986122886681096,2.9444389791664403,3.258096538021482,3.713572066704308,2.70805020110221,3.912023005428146,3.8918202981106265,3.5263605246161616,2.8903717578961645,3.4965075614664802,2.772588722239781,2.0794415416798357
Cell_0749,15-Year (Juvenile),15,Mitotic Checkpoint Primed Cells (TPX2+/CDC20.1+),0.5456238711709758,23,6,7,1,0,24,1,31,26,38,17,46,18,39,21,8,23,7,1.9459101490553132,2.0794415416798357,0.6931471805599453,0.0,3.2188758248682006,0.6931471805599453,3.4657359027997265,3.295836866004329,3.6635616461296463,2.8903717578961645,3.8501476017100584,2.9444389791664403,3.6888794541139363,3.091042453358316,2.1972245773362196,3.1780538303479458,2.0794415416798357
Cell_0750,15-Year (Juvenile),15,Mitotic Checkpoint Primed Cells (TPX2+/CDC20.1+),0.15018840281943202,21,4,0,0,0,12,0,26,40,36,9,82,25,26,23,3,20,4,1.6094379124341003,0.0,0.0,0.0,2.5649493574615367,0.0,3.295836866004329,3.713572066704308,3.6109179126442243,2.302585092994046,4.418840607796598,3.258096538021482,3.295836866004329,3.1780538303479458,1.3862943611198906,3.044522437723423,1.6094379124341003
Cell_0751,15-Year (Juvenile),15,Mitotic Checkpoint Primed Cells (TPX2+/CDC20.1+),0.7206726773818294,23,2,5,0,0,20,3,48,9,35,12,46,24,19,20,9,13,4,1.0986122886681096,1.791759469228055,0.0,0.0,3.044522437723423,1.3862943611198906,3.8918202981106265,2.302585092994046,3.58351893845611,2.5649493574615367,3.8501476017100584,3.2188758248682006,2.995732273553991,3.044522437723423,2.302585092994046,2.639057329615259,1.6094379124341003
Cell_0752,15-Year (Juvenile),15,Mitotic Checkpoint Primed Cells (TPX2+/CDC20.1+),0.28427946401297505,16,0,4,0,0,27,0,31,15,30,11,48,40,59,14,2,28,2,0.0,1.6094379124341003,0.0,0.0,3.332204510175204,0.0,3.4657359027997265,2.772588722239781,3.4339872044851463,2.4849066497880004,3.8918202981106265,3.713572066704308,4.0943445622221,2.70805020110221,1.0986122886681096,3.367295829986474,1.0986122886681096
Cell_0753,15-Year (Juvenile),15,Mitotic Checkpoint Primed Cells (TPX2+/CDC20.1+),0.3252133048748187,17,1,6,2,0,8,4,32,17,36,6,61,30,26,11,4,33,4,0.6931471805599453,1.9459101490553132,1.0986122886681096,0.0,2.1972245773362196,1.6094379124341003,3.4965075614664802,2.8903717578961645,3.6109179126442243,1.9459101490553132,4.127134385045092,3.4339872044851463,3.295836866004329,2.4849066497880004,1.6094379124341003,3.5263605246161616,1.6094379124341003
Cell_0754,15-Year (Juvenile),15,Mitotic Checkpoint Primed Cells (TPX2+/CDC20.1+),0.6869552744382504,13,3,0,0,0,26,1,38,25,40,11,84,41,26,17,9,7,6,1.3862943611198906,0.0,0.0,0.0,3.295836866004329,0.6931471805599453,3.6635616461296463,3.258096538021482,3.713572066704308,2.4849066497880004,4.442651256490317,3.7376696182833684,3.295836866004329,2.8903717578961645,2.302585092994046,2.0794415416798357,1.9459101490553132
Cell_0755,15-Year (Juvenile),15,Mitotic Checkpoint Primed Cells (TPX2+/CDC20.1+),0.5118820071484708,22,0,2,0,1,29,1,18,22,35,13,30,35,33,23,11,28,5,0.0,1.0986122886681096,0.0,0.6931471805599453,3.4011973816621555,0.6931471805599453,2.9444389791664403,3.1354942159291497,3.58351893845611,2.639057329615259,3.4339872044851463,3.58351893845611,3.5263605246161616,3.1780538303479458,2.4849066497880004,3.367295829986474,1.791759469228055
Cell_0756,15-Year (Juvenile),15,Mitotic Checkpoint Primed Cells (TPX2+/CDC20.1+),0.4063278224357202,16,1,8,0,0,18,0,13,12,35,5,82,26,28,24,13,10,2,0.6931471805599453,2.1972245773362196,0.0,0.0,2.9444389791664403,0.0,2.639057329615259,2.5649493574615367,3.58351893845611,1.791759469228055,4.418840607796598,3.295836866004329,3.367295829986474,3.2188758248682006,2.639057329615259,2.3978952727983707,1.0986122886681096
Cell_0757,15-Year (Juvenile),15,Mitotic Checkpoint Primed Cells (TPX2+/CDC20.1+),0.6312592340763883,23,0,4,0,0,8,2,19,26,38,23,84,26,20,17,10,9,9,0.0,1.6094379124341003,0.0,0.0,2.1972245773362196,1.0986122886681096,2.995732273553991,3.295836866004329,3.6635616461296463,3.1780538303479458,4.442651256490317,3.295836866004329,3.044522437723423,2.8903717578961645,2.3978952727983707,2.302585092994046,2.302585092994046
Cell_0758,15-Year (Juvenile),15,Mitotic Checkpoint Primed Cells (TPX2+/CDC20.1+),0.6454934929415528,25,0,1,3,1,16,1,23,19,47,17,60,23,42,15,0,10,0,0.0,0.6931471805599453,1.3862943611198906,0.6931471805599453,2.833213344056216,0.6931471805599453,3.1780538303479458,2.995732273553991,3.8712010109078907,2.8903717578961645,4.110873864173311,3.1780538303479458,3.7612001156935624,2.772588722239781,0.0,2.3978952727983707,0.0
Cell_0759,15-Year (Juvenile),15,Mitotic Checkpoint Primed Cells (TPX2+/CDC20.1+),0.21228563372527884,20,0,2,0,0,19,0,21,25,35,10,27,50,13,30,5,24,3,0.0,1.0986122886681096,0.0,0.0,2.995732273553991,0.0,3.091042453358316,3.258096538021482,3.58351893845611,2.3978952727983707,3.332204510175204,3.9318256327243257,2.639057329615259,3.4339872044851463,1.791759469228055,3.2188758248682006,1.3862943611198906
Cell_0760,15-Year (Juvenile),15,Mitotic Checkpoint Primed Cells (TPX2+/CDC20.1+),0.4416710897131723,26,1,2,0,1,27,2,35,18,27,12,33,25,21,24,1,7,8,0.6931471805599453,1.0986122886681096,0.0,0.6931471805599453,3.332204510175204,1.0986122886681096,3.58351893845611,2.9444389791664403,3.332204510175204,2.5649493574615367,3.5263605246161616,3.258096538021482,3.091042453358316,3.2188758248682006,0.6931471805599453,2.0794415416798357,2.1972245773362196
Cell_0761,15-Year (Juvenile),15,Mitotic Checkpoint Primed Cells (TPX2+/CDC20.1+),0.6438911472171123,21,1,4,0,1,7,1,49,13,30,22,85,17,41,34,7,7,4,0.6931471805599453,1.6094379124341003,0.0,0.6931471805599453,2.0794415416798357,0.6931471805599453,3.912023005428146,2.639057329615259,3.4339872044851463,3.1354942159291497,4.454347296253507,2.8903717578961645,3.7376696182833684,3.5553480614894135,2.0794415416798357,2.0794415416798357,1.6094379124341003
Cell_0762,15-Year (Juvenile),15,Mitotic Checkpoint Primed Cells (TPX2+/CDC20.1+),0.5378864236520892,17,3,4,0,0,22,1,22,34,60,25,48,18,30,27,13,14,3,1.3862943611198906,1.6094379124341003,0.0,0.0,3.1354942159291497,0.6931471805599453,3.1354942159291497,3.5553480614894135,4.110873864173311,3.258096538021482,3.8918202981106265,2.9444389791664403,3.4339872044851463,3.332204510175204,2.639057329615259,2.70805020110221,1.3862943611198906
Cell_0763,15-Year (Juvenile),15,Mitotic Checkpoint Primed Cells (TPX2+/CDC20.1+),0.4659470305750995,21,2,0,2,0,23,2,16,27,29,14,49,39,44,17,5,12,5,1.0986122886681096,0.0,1.0986122886681096,0.0,3.1780538303479458,1.0986122886681096,2.833213344056216,3.332204510175204,3.4011973816621555,2.70805020110221,3.912023005428146,3.6888794541139363,3.8066624897703196,2.8903717578961645,1.791759469228055,2.5649493574615367,1.791759469228055
Cell_0764,15-Year (Juvenile),15,Mitotic Checkpoint Primed Cells (TPX2+/CDC20.1+),0.7732856387256541,21,2,4,2,0,23,0,28,14,21,15,34,48,41,11,10,12,4,1.0986122886681096,1.6094379124341003,1.0986122886681096,0.0,3.1780538303479458,0.0,3.367295829986474,2.70805020110221,3.091042453358316,2.772588722239781,3.5553480614894135,3.8918202981106265,3.7376696182833684,2.4849066497880004,2.3978952727983707,2.5649493574615367,1.6094379124341003
Cell_0765,15-Year (Juvenile),15,Mitotic Checkpoint Primed Cells (TPX2+/CDC20.1+),0.12350316534278069,19,1,3,0,0,13,1,24,23,62,15,57,45,28,27,4,9,2,0.6931471805599453,1.3862943611198906,0.0,0.0,2.639057329615259,0.6931471805599453,3.2188758248682006,3.1780538303479458,4.143134726391533,2.772588722239781,4.060443010546419,3.828641396489095,3.367295829986474,3.332204510175204,1.6094379124341003,2.302585092994046,1.0986122886681096
Cell_0766,15-Year (Juvenile),15,Mitotic Checkpoint Primed Cells (TPX2+/CDC20.1+),0.07456712911242955,14,1,5,0,0,18,2,30,22,43,26,50,39,18,39,17,9,8,0.6931471805599453,1.791759469228055,0.0,0.0,2.9444389791664403,1.0986122886681096,3.4339872044851463,3.1354942159291497,3.784189633918261,3.295836866004329,3.9318256327243257,3.6888794541139363,2.9444389791664403,3.6888794541139363,2.8903717578961645,2.302585092994046,2.1972245773362196
Cell_0767,15-Year (Juvenile),15,Mitotic Checkpoint Primed Cells (TPX2+/CDC20.1+),0.12067520843407417,22,2,0,0,0,14,0,32,14,28,13,58,19,26,26,9,29,2,1.0986122886681096,0.0,0.0,0.0,2.70805020110221,0.0,3.4965075614664802,2.70805020110221,3.367295829986474,2.639057329615259,4.07753744390572,2.995732273553991,3.295836866004329,3.295836866004329,2.302585092994046,3.4011973816621555,1.0986122886681096
Cell_0768,15-Year (Juvenile),15,Mitotic Checkpoint Primed Cells (TPX2+/CDC20.1+),0.4172289329118993,17,0,2,0,0,20,0,19,18,56,26,71,41,41,10,6,7,1,0.0,1.0986122886681096,0.0,0.0,3.044522437723423,0.0,2.995732273553991,2.9444389791664403,4.04305126783455,3.295836866004329,4.276666119016055,3.7376696182833684,3.7376696182833684,2.3978952727983707,1.9459101490553132,2.0794415416798357,0.6931471805599453
Cell_0769,15-Year (Juvenile),15,Mitotic Checkpoint Primed Cells (TPX2+/CDC20.1+),0.021173993668893294,12,2,2,0,0,18,1,34,20,33,18,58,20,24,23,7,9,4,1.0986122886681096,1.0986122886681096,0.0,0.0,2.9444389791664403,0.6931471805599453,3.5553480614894135,3.044522437723423,3.5263605246161616,2.9444389791664403,4.07753744390572,3.044522437723423,3.2188758248682006,3.1780538303479458,2.0794415416798357,2.302585092994046,1.6094379124341003
Cell_0770,15-Year (Juvenile),15,Mitotic Checkpoint Primed Cells (TPX2+/CDC20.1+),0.28611471078716594,25,2,3,0,4,19,0,16,38,24,13,75,28,53,15,13,6,6,1.0986122886681096,1.3862943611198906,0.0,1.6094379124341003,2.995732273553991,0.0,2.833213344056216,3.6635616461296463,3.2188758248682006,2.639057329615259,4.330733340286331,3.367295829986474,3.9889840465642745,2.772588722239781,2.639057329615259,1.9459101490553132,1.9459101490553132
Cell_0771,15-Year (Juvenile),15,Mitotic Checkpoint Primed Cells (TPX2+/CDC20.1+),0.36230824479501605,24,0,1,0,0,23,0,39,32,39,18,54,47,31,18,6,23,6,0.0,0.6931471805599453,0.0,0.0,3.1780538303479458,0.0,3.6888794541139363,3.4965075614664802,3.6888794541139363,2.9444389791664403,4.007333185232471,3.8712010109078907,3.4657359027997265,2.9444389791664403,1.9459101490553132,3.1780538303479458,1.9459101490553132
Cell_0772,15-Year (Juvenile),15,Mitotic Checkpoint Primed Cells (TPX2+/CDC20.1+),0.6118317491974298,26,0,1,0,0,21,1,30,29,34,14,33,43,24,20,7,9,2,0.0,0.6931471805599453,0.0,0.0,3.091042453358316,0.6931471805599453,3.4339872044851463,3.4011973816621555,3.5553480614894135,2.70805020110221,3.5263605246161616,3.784189633918261,3.2188758248682006,3.044522437723423,2.0794415416798357,2.302585092994046,1.0986122886681096
Cell_0773,15-Year (Juvenile),15,Mitotic Checkpoint Primed Cells (TPX2+/CDC20.1+),0.4736139868480821,19,4,8,2,0,13,0,35,29,29,21,39,28,41,41,8,17,3,1.6094379124341003,2.1972245773362196,1.0986122886681096,0.0,2.639057329615259,0.0,3.58351893845611,3.4011973816621555,3.4011973816621555,3.091042453358316,3.6888794541139363,3.367295829986474,3.7376696182833684,3.7376696182833684,2.1972245773362196,2.8903717578961645,1.3862943611198906
Cell_0774,15-Year (Juvenile),15,Mitotic Checkpoint Primed Cells (TPX2+/CDC20.1+),0.27586767133313794,18,1,1,0,0,22,0,39,30,41,10,65,25,27,12,14,12,4,0.6931471805599453,0.6931471805599453,0.0,0.0,3.1354942159291497,0.0,3.6888794541139363,3.4339872044851463,3.7376696182833684,2.3978952727983707,4.189654742026425,3.258096538021482,3.332204510175204,2.5649493574615367,2.70805020110221,2.5649493574615367,1.6094379124341003
Cell_0775,15-Year (Juvenile),15,Mitotic Checkpoint Primed Cells (TPX2+/CDC20.1+),0.4817596943841585,13,0,5,1,0,34,0,33,25,37,16,44,30,31,25,5,9,8,0.0,1.791759469228055,0.6931471805599453,0.0,3.5553480614894135,0.0,3.5263605246161616,3.258096538021482,3.6375861597263857,2.833213344056216,3.8066624897703196,3.4339872044851463,3.4657359027997265,3.258096538021482,1.791759469228055,2.302585092994046,2.1972245773362196
Cell_0776,15-Year (Juvenile),15,Mitotic Checkpoint Primed Cells (TPX2+/CDC20.1+),0.24841626278356632,19,1,2,0,0,10,0,12,27,28,29,46,31,24,21,7,14,6,0.6931471805599453,1.0986122886681096,0.0,0.0,2.3978952727983707,0.0,2.5649493574615367,3.332204510175204,3.367295829986474,3.4011973816621555,3.8501476017100584,3.4657359027997265,3.2188758248682006,3.091042453358316,2.0794415416798357,2.70805020110221,1.9459101490553132
Cell_0777,15-Year (Juvenile),15,Mitotic Checkpoint Primed Cells (TPX2+/CDC20.1+),0.7257472245187013,21,1,2,0,1,14,2,28,22,28,9,72,41,30,24,5,6,1,0.6931471805599453,1.0986122886681096,0.0,0.6931471805599453,2.70805020110221,1.0986122886681096,3.367295829986474,3.1354942159291497,3.367295829986474,2.302585092994046,4.290459441148391,3.7376696182833684,3.4339872044851463,3.2188758248682006,1.791759469228055,1.9459101490553132,0.6931471805599453
Cell_0778,15-Year (Juvenile),15,Mitotic Checkpoint Primed Cells (TPX2+/CDC20.1+),0.45566602908820825,17,0,4,0,0,12,3,22,18,47,14,49,34,32,24,6,19,7,0.0,1.6094379124341003,0.0,0.0,2.5649493574615367,1.3862943611198906,3.1354942159291497,2.9444389791664403,3.8712010109078907,2.70805020110221,3.912023005428146,3.5553480614894135,3.4965075614664802,3.2188758248682006,1.9459101490553132,2.995732273553991,2.0794415416798357
Cell_0779,15-Year (Juvenile),15,Mitotic Checkpoint Primed Cells (TPX2+/CDC20.1+),0.15176443983351653,16,1,2,3,1,15,1,26,20,31,13,58,57,27,13,18,18,4,0.6931471805599453,1.0986122886681096,1.3862943611198906,0.6931471805599453,2.772588722239781,0.6931471805599453,3.295836866004329,3.044522437723423,3.4657359027997265,2.639057329615259,4.07753744390572,4.060443010546419,3.332204510175204,2.639057329615259,2.9444389791664403,2.9444389791664403,1.6094379124341003
Cell_0780,15-Year (Juvenile),15,Mitotic Checkpoint Primed Cells (TPX2+/CDC20.1+),0.40885778451856986,27,2,4,0,0,14,1,17,24,28,14,36,36,40,38,8,16,6,1.0986122886681096,1.6094379124341003,0.0,0.0,2.70805020110221,0.6931471805599453,2.8903717578961645,3.2188758248682006,3.367295829986474,2.70805020110221,3.6109179126442243,3.6109179126442243,3.713572066704308,3.6635616461296463,2.1972245773362196,2.833213344056216,1.9459101490553132
Cell_0781,15-Year (Juvenile),15,Mitotic Checkpoint Primed Cells (TPX2+/CDC20.1+),0.6584623631897141,15,4,1,1,0,18,6,25,21,47,20,48,34,21,15,13,18,9,1.6094379124341003,0.6931471805599453,0.6931471805599453,0.0,2.9444389791664403,1.9459101490553132,3.258096538021482,3.091042453358316,3.8712010109078907,3.044522437723423,3.8918202981106265,3.5553480614894135,3.091042453358316,2.772588722239781,2.639057329615259,2.9444389791664403,2.302585092994046
Cell_0782,15-Year (Juvenile),15,Mitotic Checkpoint Primed Cells (TPX2+/CDC20.1+),0.5329362905587434,14,1,0,0,0,16,4,26,29,45,19,41,32,38,26,3,26,8,0.6931471805599453,0.0,0.0,0.0,2.833213344056216,1.6094379124341003,3.295836866004329,3.4011973816621555,3.828641396489095,2.995732273553991,3.7376696182833684,3.4965075614664802,3.6635616461296463,3.295836866004329,1.3862943611198906,3.295836866004329,2.1972245773362196
Cell_0783,15-Year (Juvenile),15,Mitotic Checkpoint Primed Cells (TPX2+/CDC20.1+),0.07479482626713094,21,0,0,0,0,18,6,41,14,50,19,55,24,22,7,1,12,5,0.0,0.0,0.0,0.0,2.9444389791664403,1.9459101490553132,3.7376696182833684,2.70805020110221,3.9318256327243257,2.995732273553991,4.02535169073515,3.2188758248682006,3.1354942159291497,2.0794415416798357,0.6931471805599453,2.5649493574615367,1.791759469228055
Cell_0784,15-Year (Juvenile),15,Mitotic Checkpoint Primed Cells (TPX2+/CDC20.1+),0.3510758104044676,18,0,3,0,0,23,0,24,14,26,12,54,29,47,22,9,12,4,0.0,1.3862943611198906,0.0,0.0,3.1780538303479458,0.0,3.2188758248682006,2.70805020110221,3.295836866004329,2.5649493574615367,4.007333185232471,3.4011973816621555,3.8712010109078907,3.1354942159291497,2.302585092994046,2.5649493574615367,1.6094379124341003
Cell_0785,15-Year (Juvenile),15,Mitotic Checkpoint Primed Cells (TPX2+/CDC20.1+),0.46866328094840715,24,4,1,1,0,20,1,20,20,38,14,42,17,35,23,10,16,5,1.6094379124341003,0.6931471805599453,0.6931471805599453,0.0,3.044522437723423,0.6931471805599453,3.044522437723423,3.044522437723423,3.6635616461296463,2.70805020110221,3.7612001156935624,2.8903717578961645,3.58351893845611,3.1780538303479458,2.3978952727983707,2.833213344056216,1.791759469228055
Cell_0786,15-Year (Juvenile),15,Mitotic Checkpoint Primed Cells (TPX2+/CDC20.1+),0.3001460530480174,16,1,2,0,0,9,0,17,7,40,14,66,40,35,19,7,10,5,0.6931471805599453,1.0986122886681096,0.0,0.0,2.302585092994046,0.0,2.8903717578961645,2.0794415416798357,3.713572066704308,2.70805020110221,4.204692619390966,3.713572066704308,3.58351893845611,2.995732273553991,2.0794415416798357,2.3978952727983707,1.791759469228055
Cell_0787,15-Year (Juvenile),15,Mitotic Checkpoint Primed Cells (TPX2+/CDC20.1+),0.2993928126182886,29,2,2,1,0,11,0,28,32,26,15,32,37,32,11,5,17,3,1.0986122886681096,1.0986122886681096,0.6931471805599453,0.0,2.4849066497880004,0.0,3.367295829986474,3.4965075614664802,3.295836866004329,2.772588722239781,3.4965075614664802,3.6375861597263857,3.4965075614664802,2.4849066497880004,1.791759469228055,2.8903717578961645,1.3862943611198906
Cell_0788,15-Year (Juvenile),15,Mitotic Checkpoint Primed Cells (TPX2+/CDC20.1+),0.812755592973808,23,3,6,0,0,14,2,18,30,32,16,48,37,42,23,5,14,6,1.3862943611198906,1.9459101490553132,0.0,0.0,2.70805020110221,1.0986122886681096,2.9444389791664403,3.4339872044851463,3.4965075614664802,2.833213344056216,3.8918202981106265,3.6375861597263857,3.7612001156935624,3.1780538303479458,1.791759469228055,2.70805020110221,1.9459101490553132
Cell_0789,15-Year (Juvenile),15,Mitotic Checkpoint Primed Cells (TPX2+/CDC20.1+),0.46603506403026435,16,0,0,0,0,15,3,20,15,34,22,75,43,41,28,8,8,11,0.0,0.0,0.0,0.0,2.772588722239781,1.3862943611198906,3.044522437723423,2.772588722239781,3.5553480614894135,3.1354942159291497,4.330733340286331,3.784189633918261,3.7376696182833684,3.367295829986474,2.1972245773362196,2.1972245773362196,2.4849066497880004
Cell_0790,15-Year (Juvenile),15,Mitotic Checkpoint Primed Cells (TPX2+/CDC20.1+),0.25247083070287957,16,0,3,2,0,21,1,23,22,44,6,47,28,33,25,22,15,4,0.0,1.3862943611198906,1.0986122886681096,0.0,3.091042453358316,0.6931471805599453,3.1780538303479458,3.1354942159291497,3.8066624897703196,1.9459101490553132,3.8712010109078907,3.367295829986474,3.5263605246161616,3.258096538021482,3.1354942159291497,2.772588722239781,1.6094379124341003
Cell_0791,15-Year (Juvenile),15,Mitotic Checkpoint Primed Cells (TPX2+/CDC20.1+),0.838040012763776,19,0,3,1,1,21,1,21,26,47,11,49,28,15,25,1,25,6,0.0,1.3862943611198906,0.6931471805599453,0.6931471805599453,3.091042453358316,0.6931471805599453,3.091042453358316,3.295836866004329,3.8712010109078907,2.4849066497880004,3.912023005428146,3.367295829986474,2.772588722239781,3.258096538021482,0.6931471805599453,3.258096538021482,1.9459101490553132
Cell_0792,15-Year (Juvenile),15,Mitotic Checkpoint Primed Cells (TPX2+/CDC20.1+),0.4223310473907008,25,4,3,1,0,16,2,37,24,27,6,43,19,31,32,6,27,8,1.6094379124341003,1.3862943611198906,0.6931471805599453,0.0,2.833213344056216,1.0986122886681096,3.6375861597263857,3.2188758248682006,3.332204510175204,1.9459101490553132,3.784189633918261,2.995732273553991,3.4657359027997265,3.4965075614664802,1.9459101490553132,3.332204510175204,2.1972245773362196
Cell_0793,15-Year (Juvenile),15,Mitotic Checkpoint Primed Cells (TPX2+/CDC20.1+),0.3353886114927222,15,2,3,2,0,27,6,29,19,51,29,56,29,41,13,7,14,1,1.0986122886681096,1.3862943611198906,1.0986122886681096,0.0,3.332204510175204,1.9459101490553132,3.4011973816621555,2.995732273553991,3.9512437185814275,3.4011973816621555,4.04305126783455,3.4011973816621555,3.7376696182833684,2.639057329615259,2.0794415416798357,2.70805020110221,0.6931471805599453
Cell_0794,15-Year (Juvenile),15,Mitotic Checkpoint Primed Cells (TPX2+/CDC20.1+),0.06312631103291468,18,3,2,1,2,16,0,32,10,32,26,47,33,26,15,5,26,2,1.3862943611198906,1.0986122886681096,0.6931471805599453,1.0986122886681096,2.833213344056216,0.0,3.4965075614664802,2.3978952727983707,3.4965075614664802,3.295836866004329,3.8712010109078907,3.5263605246161616,3.295836866004329,2.772588722239781,1.791759469228055,3.295836866004329,1.0986122886681096
Cell_0795,15-Year (Juvenile),15,Mitotic Checkpoint Primed Cells (TPX2+/CDC20.1+),0.5195405732127235,25,2,2,0,0,8,2,32,17,19,15,62,28,24,18,8,10,5,1.0986122886681096,1.0986122886681096,0.0,0.0,2.1972245773362196,1.0986122886681096,3.4965075614664802,2.8903717578961645,2.995732273553991,2.772588722239781,4.143134726391533,3.367295829986474,3.2188758248682006,2.9444389791664403,2.1972245773362196,2.3978952727983707,1.791759469228055
Cell_0796,15-Year (Juvenile),15,Mitotic Checkpoint Primed Cells (TPX2+/CDC20.1+),0.2754146022909395,23,1,1,0,0,11,2,23,28,43,24,51,36,30,17,3,23,3,0.6931471805599453,0.6931471805599453,0.0,0.0,2.4849066497880004,1.0986122886681096,3.1780538303479458,3.367295829986474,3.784189633918261,3.2188758248682006,3.9512437185814275,3.6109179126442243,3.4339872044851463,2.8903717578961645,1.3862943611198906,3.1780538303479458,1.3862943611198906
Cell_0797,15-Year (Juvenile),15,Mitotic Checkpoint Primed Cells (TPX2+/CDC20.1+),0.34856353740301893,14,1,3,0,1,12,1,30,17,27,13,54,20,21,21,2,32,6,0.6931471805599453,1.3862943611198906,0.0,0.6931471805599453,2.5649493574615367,0.6931471805599453,3.4339872044851463,2.8903717578961645,3.332204510175204,2.639057329615259,4.007333185232471,3.044522437723423,3.091042453358316,3.091042453358316,1.0986122886681096,3.4965075614664802,1.9459101490553132
Cell_0798,15-Year (Juvenile),15,Mitotic Checkpoint Primed Cells (TPX2+/CDC20.1+),0.40236517651517706,15,1,6,0,0,30,2,31,26,45,30,58,41,33,15,15,20,4,0.6931471805599453,1.9459101490553132,0.0,0.0,3.4339872044851463,1.0986122886681096,3.4657359027997265,3.295836866004329,3.828641396489095,3.4339872044851463,4.07753744390572,3.7376696182833684,3.5263605246161616,2.772588722239781,2.772588722239781,3.044522437723423,1.6094379124341003
Cell_0799,15-Year (Juvenile),15,Mitotic Checkpoint Primed Cells (TPX2+/CDC20.1+),0.35841350289305235,21,0,3,0,2,13,0,28,20,46,3,40,52,24,24,2,22,4,0.0,1.3862943611198906,0.0,1.0986122886681096,2.639057329615259,0.0,3.367295829986474,3.044522437723423,3.8501476017100584,1.3862943611198906,3.713572066704308,3.970291913552122,3.2188758248682006,3.2188758248682006,1.0986122886681096,3.1354942159291497,1.6094379124341003
Cell_0800,15-Year (Juvenile),15,Mitotic Checkpoint Primed Cells (TPX2+/CDC20.1+),0.41740664722933574,14,0,3,0,0,17,0,16,32,23,12,65,20,30,24,16,16,7,0.0,1.3862943611198906,0.0,0.0,2.8903717578961645,0.0,2.833213344056216,3.4965075614664802,3.1780538303479458,2.5649493574615367,4.189654742026425,3.044522437723423,3.4339872044851463,3.2188758248682006,2.833213344056216,2.833213344056216,2.0794415416798357
Cell_0801,200-Year (Mature),200,Central Cambial Stem Cells (WOX4+),0.16209322622893577,4,49,46,19,1,8,8,36,25,44,15,1,6,1,15,15,9,10,3.912023005428146,3.8501476017100584,2.995732273553991,0.6931471805599453,2.1972245773362196,2.1972245773362196,3.6109179126442243,3.258096538021482,3.8066624897703196,2.772588722239781,0.6931471805599453,1.9459101490553132,0.6931471805599453,2.772588722239781,2.772588722239781,2.302585092994046,2.3978952727983707
Cell_0802,200-Year (Mature),200,Central Cambial Stem Cells (WOX4+),0.17342303916644106,2,41,32,23,11,10,7,26,22,52,20,3,3,2,25,21,21,4,3.7376696182833684,3.4965075614664802,3.1780538303479458,2.4849066497880004,2.3978952727983707,2.0794415416798357,3.295836866004329,3.1354942159291497,3.970291913552122,3.044522437723423,1.3862943611198906,1.3862943611198906,1.0986122886681096,3.258096538021482,3.091042453358316,3.091042453358316,1.6094379124341003
Cell_0803,200-Year (Mature),200,Central Cambial Stem Cells (WOX4+),0.15808077156782446,5,26,25,19,7,16,11,30,24,37,10,3,3,5,29,25,10,9,3.295836866004329,3.258096538021482,2.995732273553991,2.0794415416798357,2.833213344056216,2.4849066497880004,3.4339872044851463,3.2188758248682006,3.6375861597263857,2.3978952727983707,1.3862943611198906,1.3862943611198906,1.791759469228055,3.4011973816621555,3.258096538021482,2.3978952727983707,2.302585092994046
Cell_0804,200-Year (Mature),200,Central Cambial Stem Cells (WOX4+),0.4738552687146633,6,44,26,6,6,15,10,22,16,51,17,2,6,2,12,17,24,7,3.8066624897703196,3.295836866004329,1.9459101490553132,1.9459101490553132,2.772588722239781,2.3978952727983707,3.1354942159291497,2.833213344056216,3.9512437185814275,2.8903717578961645,1.0986122886681096,1.9459101490553132,1.0986122886681096,2.5649493574615367,2.8903717578961645,3.2188758248682006,2.0794415416798357
Cell_0805,200-Year (Mature),200,Central Cambial Stem Cells (WOX4+),0.010035501834568548,3,34,24,13,6,18,6,29,7,59,22,8,2,2,17,13,14,0,3.5553480614894135,3.2188758248682006,2.639057329615259,1.9459101490553132,2.9444389791664403,1.9459101490553132,3.4011973816621555,2.0794415416798357,4.0943445622221,3.1354942159291497,2.1972245773362196,1.0986122886681096,1.0986122886681096,2.8903717578961645,2.639057329615259,2.70805020110221,0.0
Cell_0806,200-Year (Mature),200,Central Cambial Stem Cells (WOX4+),0.2632789497360734,3,31,24,14,6,17,9,27,19,40,20,1,3,13,36,27,9,8,3.4657359027997265,3.2188758248682006,2.70805020110221,1.9459101490553132,2.8903717578961645,2.302585092994046,3.332204510175204,2.995732273553991,3.713572066704308,3.044522437723423,0.6931471805599453,1.3862943611198906,2.639057329615259,3.6109179126442243,3.332204510175204,2.302585092994046,2.1972245773362196
Cell_0807,200-Year (Mature),200,Central Cambial Stem Cells (WOX4+),0.07494005741490688,6,38,7,16,9,19,8,25,29,26,22,10,3,1,17,24,17,6,3.6635616461296463,2.0794415416798357,2.833213344056216,2.302585092994046,2.995732273553991,2.1972245773362196,3.258096538021482,3.4011973816621555,3.295836866004329,3.1354942159291497,2.3978952727983707,1.3862943611198906,0.6931471805599453,2.8903717578961645,3.2188758248682006,2.8903717578961645,1.9459101490553132
Cell_0808,200-Year (Mature),200,Central Cambial Stem Cells (WOX4+),0.1025028779190871,4,34,17,11,7,18,17,27,40,58,29,12,0,0,18,14,15,4,3.5553480614894135,2.8903717578961645,2.4849066497880004,2.0794415416798357,2.9444389791664403,2.8903717578961645,3.332204510175204,3.713572066704308,4.07753744390572,3.4011973816621555,2.5649493574615367,0.0,0.0,2.9444389791664403,2.70805020110221,2.772588722239781,1.6094379124341003
Cell_0809,200-Year (Mature),200,Central Cambial Stem Cells (WOX4+),0.33230872018842394,2,29,26,27,3,15,5,18,22,38,12,10,2,1,10,32,16,8,3.4011973816621555,3.295836866004329,3.332204510175204,1.3862943611198906,2.772588722239781,1.791759469228055,2.9444389791664403,3.1354942159291497,3.6635616461296463,2.5649493574615367,2.3978952727983707,1.0986122886681096,0.6931471805599453,2.3978952727983707,3.4965075614664802,2.833213344056216,2.1972245773362196
Cell_0810,200-Year (Mature),200,Central Cambial Stem Cells (WOX4+),0.20617482598145218,2,37,68,6,3,14,5,17,34,40,18,2,1,0,20,40,12,0,3.6375861597263857,4.23410650459726,1.9459101490553132,1.3862943611198906,2.70805020110221,1.791759469228055,2.8903717578961645,3.5553480614894135,3.713572066704308,2.9444389791664403,1.0986122886681096,0.6931471805599453,0.0,3.044522437723423,3.713572066704308,2.5649493574615367,0.0
Cell_0811,200-Year (Mature),200,Central Cambial Stem Cells (WOX4+),0.13368528010680905,2,16,20,16,8,13,6,53,9,35,29,1,4,1,35,10,10,2,2.833213344056216,3.044522437723423,2.833213344056216,2.1972245773362196,2.639057329615259,1.9459101490553132,3.9889840465642745,2.302585092994046,3.58351893845611,3.4011973816621555,0.6931471805599453,1.6094379124341003,0.6931471805599453,3.58351893845611,2.3978952727983707,2.3978952727983707,1.0986122886681096
Cell_0812,200-Year (Mature),200,Central Cambial Stem Cells (WOX4+),0.11539444593931655,4,38,31,11,10,11,9,36,30,34,17,4,6,8,19,26,7,7,3.6635616461296463,3.4657359027997265,2.4849066497880004,2.3978952727983707,2.4849066497880004,2.302585092994046,3.6109179126442243,3.4339872044851463,3.5553480614894135,2.8903717578961645,1.6094379124341003,1.9459101490553132,2.1972245773362196,2.995732273553991,3.295836866004329,2.0794415416798357,2.0794415416798357
Cell_0813,200-Year (Mature),200,Central Cambial Stem Cells (WOX4+),0.033929491283365566,2,49,34,10,3,12,17,19,23,43,25,4,2,2,22,37,8,6,3.912023005428146,3.5553480614894135,2.3978952727983707,1.3862943611198906,2.5649493574615367,2.8903717578961645,2.995732273553991,3.1780538303479458,3.784189633918261,3.258096538021482,1.6094379124341003,1.0986122886681096,1.0986122886681096,3.1354942159291497,3.6375861597263857,2.1972245773362196,1.9459101490553132
Cell_0814,200-Year (Mature),200,Central Cambial Stem Cells (WOX4+),0.008380609139150813,4,39,31,19,4,23,20,18,15,40,21,7,2,2,23,20,10,8,3.6888794541139363,3.4657359027997265,2.995732273553991,1.6094379124341003,3.1780538303479458,3.044522437723423,2.9444389791664403,2.772588722239781,3.713572066704308,3.091042453358316,2.0794415416798357,1.0986122886681096,1.0986122886681096,3.1780538303479458,3.044522437723423,2.3978952727983707,2.1972245773362196
Cell_0815,200-Year (Mature),200,Central Cambial Stem Cells (WOX4+),0.36518419319111417,6,46,48,10,6,13,16,20,12,57,22,5,3,2,30,22,12,4,3.8501476017100584,3.8918202981106265,2.3978952727983707,1.9459101490553132,2.639057329615259,2.833213344056216,3.044522437723423,2.5649493574615367,4.060443010546419,3.1354942159291497,1.791759469228055,1.3862943611198906,1.0986122886681096,3.4339872044851463,3.1354942159291497,2.5649493574615367,1.6094379124341003
Cell_0816,200-Year (Mature),200,Central Cambial Stem Cells (WOX4+),0.37478288481080513,3,39,48,6,8,14,8,41,20,18,22,1,4,1,19,14,11,4,3.6888794541139363,3.8918202981106265,1.9459101490553132,2.1972245773362196,2.70805020110221,2.1972245773362196,3.7376696182833684,3.044522437723423,2.9444389791664403,3.1354942159291497,0.6931471805599453,1.6094379124341003,0.6931471805599453,2.995732273553991,2.70805020110221,2.4849066497880004,1.6094379124341003
Cell_0817,200-Year (Mature),200,Central Cambial Stem Cells (WOX4+),0.049741879695681106,1,31,13,11,3,14,15,23,17,30,10,0,4,8,20,15,9,7,3.4657359027997265,2.639057329615259,2.4849066497880004,1.3862943611198906,2.70805020110221,2.772588722239781,3.1780538303479458,2.8903717578961645,3.4339872044851463,2.3978952727983707,0.0,1.6094379124341003,2.1972245773362196,3.044522437723423,2.772588722239781,2.302585092994046,2.0794415416798357
Cell_0818,200-Year (Mature),200,Central Cambial Stem Cells (WOX4+),0.19464192792348067,2,27,13,21,4,6,5,36,29,15,19,2,9,2,15,34,18,7,3.332204510175204,2.639057329615259,3.091042453358316,1.6094379124341003,1.9459101490553132,1.791759469228055,3.6109179126442243,3.4011973816621555,2.772588722239781,2.995732273553991,1.0986122886681096,2.302585092994046,1.0986122886681096,2.772588722239781,3.5553480614894135,2.9444389791664403,2.0794415416798357
Cell_0819,200-Year (Mature),200,Central Cambial Stem Cells (WOX4+),0.2169699411431681,1,27,9,6,3,16,13,32,21,36,12,2,4,4,9,38,14,3,3.332204510175204,2.302585092994046,1.9459101490553132,1.3862943611198906,2.833213344056216,2.639057329615259,3.4965075614664802,3.091042453358316,3.6109179126442243,2.5649493574615367,1.0986122886681096,1.6094379124341003,1.6094379124341003,2.302585092994046,3.6635616461296463,2.70805020110221,1.3862943611198906
Cell_0820,200-Year (Mature),200,Central Cambial Stem Cells (WOX4+),0.4846174361060746,2,24,37,12,8,18,8,28,26,37,10,3,5,4,13,21,6,7,3.2188758248682006,3.6375861597263857,2.5649493574615367,2.1972245773362196,2.9444389791664403,2.1972245773362196,3.367295829986474,3.295836866004329,3.6375861597263857,2.3978952727983707,1.3862943611198906,1.791759469228055,1.6094379124341003,2.639057329615259,3.091042453358316,1.9459101490553132,2.0794415416798357
Cell_0821,200-Year (Mature),200,Central Cambial Stem Cells (WOX4+),0.46026074159610847,3,39,50,8,4,12,19,35,14,40,17,5,3,5,34,20,13,4,3.6888794541139363,3.9318256327243257,2.1972245773362196,1.6094379124341003,2.5649493574615367,2.995732273553991,3.58351893845611,2.70805020110221,3.713572066704308,2.8903717578961645,1.791759469228055,1.3862943611198906,1.791759469228055,3.5553480614894135,3.044522437723423,2.639057329615259,1.6094379124341003
Cell_0822,200-Year (Mature),200,Central Cambial Stem Cells (WOX4+),0.1685755560735427,2,39,22,11,3,25,10,21,17,50,4,5,1,2,20,36,12,6,3.6888794541139363,3.1354942159291497,2.4849066497880004,1.3862943611198906,3.258096538021482,2.3978952727983707,3.091042453358316,2.8903717578961645,3.9318256327243257,1.6094379124341003,1.791759469228055,0.6931471805599453,1.0986122886681096,3.044522437723423,3.6109179126442243,2.5649493574615367,1.9459101490553132
Cell_0823,200-Year (Mature),200,Central Cambial Stem Cells (WOX4+),0.36385152740998816,0,38,28,20,4,7,4,16,40,47,18,3,4,2,29,21,19,6,3.6635616461296463,3.367295829986474,3.044522437723423,1.6094379124341003,2.0794415416798357,1.6094379124341003,2.833213344056216,3.713572066704308,3.8712010109078907,2.9444389791664403,1.3862943611198906,1.6094379124341003,1.0986122886681096,3.4011973816621555,3.091042453358316,2.995732273553991,1.9459101490553132
Cell_0824,200-Year (Mature),200,Central Cambial Stem Cells (WOX4+),0.15929473687213408,6,34,36,26,4,17,18,33,26,61,13,5,0,1,24,8,19,11,3.5553480614894135,3.6109179126442243,3.295836866004329,1.6094379124341003,2.8903717578961645,2.9444389791664403,3.5263605246161616,3.295836866004329,4.127134385045092,2.639057329615259,1.791759469228055,0.0,0.6931471805599453,3.2188758248682006,2.1972245773362196,2.995732273553991,2.4849066497880004
Cell_0825,200-Year (Mature),200,Central Cambial Stem Cells (WOX4+),0.49810727467338334,1,38,18,10,4,18,6,25,23,56,37,3,12,0,21,25,21,7,3.6635616461296463,2.9444389791664403,2.3978952727983707,1.6094379124341003,2.9444389791664403,1.9459101490553132,3.258096538021482,3.1780538303479458,4.04305126783455,3.6375861597263857,1.3862943611198906,2.5649493574615367,0.0,3.091042453358316,3.258096538021482,3.091042453358316,2.0794415416798357
Cell_0826,200-Year (Mature),200,Central Cambial Stem Cells (WOX4+),0.19017162514413166,2,52,17,13,4,23,13,26,27,41,21,9,7,3,30,38,5,6,3.970291913552122,2.8903717578961645,2.639057329615259,1.6094379124341003,3.1780538303479458,2.639057329615259,3.295836866004329,3.332204510175204,3.7376696182833684,3.091042453358316,2.302585092994046,2.0794415416798357,1.3862943611198906,3.4339872044851463,3.6635616461296463,1.791759469228055,1.9459101490553132
Cell_0827,200-Year (Mature),200,Central Cambial Stem Cells (WOX4+),0.2113005100030768,3,44,42,15,10,22,10,34,30,20,13,4,3,3,34,30,22,4,3.8066624897703196,3.7612001156935624,2.772588722239781,2.3978952727983707,3.1354942159291497,2.3978952727983707,3.5553480614894135,3.4339872044851463,3.044522437723423,2.639057329615259,1.6094379124341003,1.3862943611198906,1.3862943611198906,3.5553480614894135,3.4339872044851463,3.1354942159291497,1.6094379124341003
Cell_0828,200-Year (Mature),200,Central Cambial Stem Cells (WOX4+),0.42191384961323936,1,15,30,16,7,14,15,18,24,35,18,1,6,3,16,14,12,1,2.772588722239781,3.4339872044851463,2.833213344056216,2.0794415416798357,2.70805020110221,2.772588722239781,2.9444389791664403,3.2188758248682006,3.58351893845611,2.9444389791664403,0.6931471805599453,1.9459101490553132,1.3862943611198906,2.833213344056216,2.70805020110221,2.5649493574615367,0.6931471805599453
Cell_0829,200-Year (Mature),200,Central Cambial Stem Cells (WOX4+),0.33486921139602527,2,23,28,18,7,16,9,29,20,26,11,2,1,6,18,15,17,12,3.1780538303479458,3.367295829986474,2.9444389791664403,2.0794415416798357,2.833213344056216,2.302585092994046,3.4011973816621555,3.044522437723423,3.295836866004329,2.4849066497880004,1.0986122886681096,0.6931471805599453,1.9459101490553132,2.9444389791664403,2.772588722239781,2.8903717578961645,2.5649493574615367
Cell_0830,200-Year (Mature),200,Central Cambial Stem Cells (WOX4+),0.379507122225874,1,32,23,12,11,16,6,13,16,53,9,6,1,15,24,15,13,8,3.4965075614664802,3.1780538303479458,2.5649493574615367,2.4849066497880004,2.833213344056216,1.9459101490553132,2.639057329615259,2.833213344056216,3.9889840465642745,2.302585092994046,1.9459101490553132,0.6931471805599453,2.772588722239781,3.2188758248682006,2.772588722239781,2.639057329615259,2.1972245773362196
Cell_0831,200-Year (Mature),200,Central Cambial Stem Cells (WOX4+),0.06995741417671165,3,36,28,18,4,11,10,19,8,31,16,6,5,5,25,17,26,6,3.6109179126442243,3.367295829986474,2.9444389791664403,1.6094379124341003,2.4849066497880004,2.3978952727983707,2.995732273553991,2.1972245773362196,3.4657359027997265,2.833213344056216,1.9459101490553132,1.791759469228055,1.791759469228055,3.258096538021482,2.8903717578961645,3.295836866004329,1.9459101490553132
Cell_0832,200-Year (Mature),200,Central Cambial Stem Cells (WOX4+),0.49699793165583034,0,39,8,17,4,18,8,11,12,40,10,5,6,4,31,17,16,0,3.6888794541139363,2.1972245773362196,2.8903717578961645,1.6094379124341003,2.9444389791664403,2.1972245773362196,2.4849066497880004,2.5649493574615367,3.713572066704308,2.3978952727983707,1.791759469228055,1.9459101490553132,1.6094379124341003,3.4657359027997265,2.8903717578961645,2.833213344056216,0.0
Cell_0833,200-Year (Mature),200,Central Cambial Stem Cells (WOX4+),0.15368806914563582,5,42,23,6,7,9,5,23,16,42,16,6,2,6,26,37,10,6,3.7612001156935624,3.1780538303479458,1.9459101490553132,2.0794415416798357,2.302585092994046,1.791759469228055,3.1780538303479458,2.833213344056216,3.7612001156935624,2.833213344056216,1.9459101490553132,1.0986122886681096,1.9459101490553132,3.295836866004329,3.6375861597263857,2.3978952727983707,1.9459101490553132
Cell_0834,200-Year (Mature),200,Central Cambial Stem Cells (WOX4+),0.131169542803022,3,39,27,17,7,5,4,13,13,42,13,1,5,5,39,32,16,4,3.6888794541139363,3.332204510175204,2.8903717578961645,2.0794415416798357,1.791759469228055,1.6094379124341003,2.639057329615259,2.639057329615259,3.7612001156935624,2.639057329615259,0.6931471805599453,1.791759469228055,1.791759469228055,3.6888794541139363,3.4965075614664802,2.833213344056216,1.6094379124341003
Cell_0835,200-Year (Mature),200,Central Cambial Stem Cells (WOX4+),0.3013598070920474,4,60,37,15,11,10,7,16,37,42,14,8,7,8,18,27,11,9,4.110873864173311,3.6375861597263857,2.772588722239781,2.4849066497880004,2.3978952727983707,2.0794415416798357,2.833213344056216,3.6375861597263857,3.7612001156935624,2.70805020110221,2.1972245773362196,2.0794415416798357,2.1972245773362196,2.9444389791664403,3.332204510175204,2.4849066497880004,2.302585092994046
Cell_0836,200-Year (Mature),200,Central Cambial Stem Cells (WOX4+),0.057957071035635174,2,34,15,7,4,21,6,33,17,31,12,1,2,2,27,25,17,4,3.5553480614894135,2.772588722239781,2.0794415416798357,1.6094379124341003,3.091042453358316,1.9459101490553132,3.5263605246161616,2.8903717578961645,3.4657359027997265,2.5649493574615367,0.6931471805599453,1.0986122886681096,1.0986122886681096,3.332204510175204,3.258096538021482,2.8903717578961645,1.6094379124341003
Cell_0837,200-Year (Mature),200,Central Cambial Stem Cells (WOX4+),0.11420109735939112,7,24,20,12,4,16,8,26,34,28,20,8,12,4,31,20,13,12,3.2188758248682006,3.044522437723423,2.5649493574615367,1.6094379124341003,2.833213344056216,2.1972245773362196,3.295836866004329,3.5553480614894135,3.367295829986474,3.044522437723423,2.1972245773362196,2.5649493574615367,1.6094379124341003,3.4657359027997265,3.044522437723423,2.639057329615259,2.5649493574615367
Cell_0838,200-Year (Mature),200,Central Cambial Stem Cells (WOX4+),0.36735230566380644,3,39,32,7,7,12,8,45,19,33,19,2,1,2,45,15,17,5,3.6888794541139363,3.4965075614664802,2.0794415416798357,2.0794415416798357,2.5649493574615367,2.1972245773362196,3.828641396489095,2.995732273553991,3.5263605246161616,2.995732273553991,1.0986122886681096,0.6931471805599453,1.0986122886681096,3.828641396489095,2.772588722239781,2.8903717578961645,1.791759469228055
Cell_0839,200-Year (Mature),200,Central Cambial Stem Cells (WOX4+),0.1855487511309101,2,21,30,13,7,13,19,39,23,34,7,5,0,3,38,14,19,9,3.091042453358316,3.4339872044851463,2.639057329615259,2.0794415416798357,2.639057329615259,2.995732273553991,3.6888794541139363,3.1780538303479458,3.5553480614894135,2.0794415416798357,1.791759469228055,0.0,1.3862943611198906,3.6635616461296463,2.70805020110221,2.995732273553991,2.302585092994046
Cell_0840,200-Year (Mature),200,Central Cambial Stem Cells (WOX4+),0.09404454694428006,1,52,34,12,3,11,5,25,20,41,24,1,3,4,42,13,6,0,3.970291913552122,3.5553480614894135,2.5649493574615367,1.3862943611198906,2.4849066497880004,1.791759469228055,3.258096538021482,3.044522437723423,3.7376696182833684,3.2188758248682006,0.6931471805599453,1.3862943611198906,1.6094379124341003,3.7612001156935624,2.639057329615259,1.9459101490553132,0.0
Cell_0841,200-Year (Mature),200,Central Cambial Stem Cells (WOX4+),0.3667538420730575,5,28,29,7,9,21,17,25,20,42,24,2,1,10,17,29,13,10,3.367295829986474,3.4011973816621555,2.0794415416798357,2.302585092994046,3.091042453358316,2.8903717578961645,3.258096538021482,3.044522437723423,3.7612001156935624,3.2188758248682006,1.0986122886681096,0.6931471805599453,2.3978952727983707,2.8903717578961645,3.4011973816621555,2.639057329615259,2.3978952727983707
Cell_0842,200-Year (Mature),200,Central Cambial Stem Cells (WOX4+),0.10323980560637845,1,37,44,9,5,11,7,15,22,53,14,6,2,3,17,12,15,12,3.6375861597263857,3.8066624897703196,2.302585092994046,1.791759469228055,2.4849066497880004,2.0794415416798357,2.772588722239781,3.1354942159291497,3.9889840465642745,2.70805020110221,1.9459101490553132,1.0986122886681096,1.3862943611198906,2.8903717578961645,2.5649493574615367,2.772588722239781,2.5649493574615367
Cell_0843,200-Year (Mature),200,Central Cambial Stem Cells (WOX4+),0.204910149538701,4,43,35,9,5,3,4,19,11,29,15,1,2,4,23,26,13,3,3.784189633918261,3.58351893845611,2.302585092994046,1.791759469228055,1.3862943611198906,1.6094379124341003,2.995732273553991,2.4849066497880004,3.4011973816621555,2.772588722239781,0.6931471805599453,1.0986122886681096,1.6094379124341003,3.1780538303479458,3.295836866004329,2.639057329615259,1.3862943611198906
Cell_0844,200-Year (Mature),200,Central Cambial Stem Cells (WOX4+),0.19587065324469588,10,32,22,20,3,5,7,21,20,47,16,6,1,3,37,23,21,4,3.4965075614664802,3.1354942159291497,3.044522437723423,1.3862943611198906,1.791759469228055,2.0794415416798357,3.091042453358316,3.044522437723423,3.8712010109078907,2.833213344056216,1.9459101490553132,0.6931471805599453,1.3862943611198906,3.6375861597263857,3.1780538303479458,3.091042453358316,1.6094379124341003
Cell_0845,200-Year (Mature),200,Central Cambial Stem Cells (WOX4+),0.2884694116237228,6,26,21,6,5,15,15,22,11,34,14,1,1,4,17,16,28,4,3.295836866004329,3.091042453358316,1.9459101490553132,1.791759469228055,2.772588722239781,2.772588722239781,3.1354942159291497,2.4849066497880004,3.5553480614894135,2.70805020110221,0.6931471805599453,0.6931471805599453,1.6094379124341003,2.8903717578961645,2.833213344056216,3.367295829986474,1.6094379124341003
Cell_0846,200-Year (Mature),200,Central Cambial Stem Cells (WOX4+),0.4472077675204792,5,34,25,19,1,16,17,33,36,22,19,4,0,4,24,11,16,4,3.5553480614894135,3.258096538021482,2.995732273553991,0.6931471805599453,2.833213344056216,2.8903717578961645,3.5263605246161616,3.6109179126442243,3.1354942159291497,2.995732273553991,1.6094379124341003,0.0,1.6094379124341003,3.2188758248682006,2.4849066497880004,2.833213344056216,1.6094379124341003
Cell_0847,200-Year (Mature),200,Central Cambial Stem Cells (WOX4+),0.15406730508407063,5,32,32,18,12,14,3,12,34,38,10,3,6,1,8,28,7,1,3.4965075614664802,3.4965075614664802,2.9444389791664403,2.5649493574615367,2.70805020110221,1.3862943611198906,2.5649493574615367,3.5553480614894135,3.6635616461296463,2.3978952727983707,1.3862943611198906,1.9459101490553132,0.6931471805599453,2.1972245773362196,3.367295829986474,2.0794415416798357,0.6931471805599453
Cell_0848,200-Year (Mature),200,Central Cambial Stem Cells (WOX4+),0.15932891873069072,3,31,26,18,3,9,12,24,31,32,25,2,1,4,22,31,12,7,3.4657359027997265,3.295836866004329,2.9444389791664403,1.3862943611198906,2.302585092994046,2.5649493574615367,3.2188758248682006,3.4657359027997265,3.4965075614664802,3.258096538021482,1.0986122886681096,0.6931471805599453,1.6094379124341003,3.1354942159291497,3.4657359027997265,2.5649493574615367,2.0794415416798357
Cell_0849,200-Year (Mature),200,Central Cambial Stem Cells (WOX4+),0.38643099295738415,1,23,20,13,6,21,12,27,13,42,14,9,0,5,23,14,10,7,3.1780538303479458,3.044522437723423,2.639057329615259,1.9459101490553132,3.091042453358316,2.5649493574615367,3.332204510175204,2.639057329615259,3.7612001156935624,2.70805020110221,2.302585092994046,0.0,1.791759469228055,3.1780538303479458,2.70805020110221,2.3978952727983707,2.0794415416798357
Cell_0850,200-Year (Mature),200,Central Cambial Stem Cells (WOX4+),0.5100160841418935,8,32,24,16,10,18,9,24,35,43,6,4,5,1,29,19,10,3,3.4965075614664802,3.2188758248682006,2.833213344056216,2.3978952727983707,2.9444389791664403,2.302585092994046,3.2188758248682006,3.58351893845611,3.784189633918261,1.9459101490553132,1.6094379124341003,1.791759469228055,0.6931471805599453,3.4011973816621555,2.995732273553991,2.3978952727983707,1.3862943611198906
Cell_0851,200-Year (Mature),200,Central Cambial Stem Cells (WOX4+),0.4155870697729754,3,25,31,10,5,6,6,36,39,40,6,8,2,3,18,22,18,12,3.258096538021482,3.4657359027997265,2.3978952727983707,1.791759469228055,1.9459101490553132,1.9459101490553132,3.6109179126442243,3.6888794541139363,3.713572066704308,1.9459101490553132,2.1972245773362196,1.0986122886681096,1.3862943611198906,2.9444389791664403,3.1354942159291497,2.9444389791664403,2.5649493574615367
Cell_0852,200-Year (Mature),200,Central Cambial Stem Cells (WOX4+),0.20307645487288406,2,30,29,12,7,10,5,26,20,40,17,3,6,2,22,27,17,2,3.4339872044851463,3.4011973816621555,2.5649493574615367,2.0794415416798357,2.3978952727983707,1.791759469228055,3.295836866004329,3.044522437723423,3.713572066704308,2.8903717578961645,1.3862943611198906,1.9459101490553132,1.0986122886681096,3.1354942159291497,3.332204510175204,2.8903717578961645,1.0986122886681096
Cell_0853,200-Year (Mature),200,Central Cambial Stem Cells (WOX4+),0.47733242553704647,6,31,22,19,1,18,8,28,48,34,17,4,1,7,29,5,15,7,3.4657359027997265,3.1354942159291497,2.995732273553991,0.6931471805599453,2.9444389791664403,2.1972245773362196,3.367295829986474,3.8918202981106265,3.5553480614894135,2.8903717578961645,1.6094379124341003,0.6931471805599453,2.0794415416798357,3.4011973816621555,1.791759469228055,2.772588722239781,2.0794415416798357
Cell_0854,200-Year (Mature),200,Central Cambial Stem Cells (WOX4+),0.15234470483566942,3,33,28,10,4,24,5,32,22,33,11,1,1,0,12,10,15,3,3.5263605246161616,3.367295829986474,2.3978952727983707,1.6094379124341003,3.2188758248682006,1.791759469228055,3.4965075614664802,3.1354942159291497,3.5263605246161616,2.4849066497880004,0.6931471805599453,0.6931471805599453,0.0,2.5649493574615367,2.3978952727983707,2.772588722239781,1.3862943611198906
Cell_0855,200-Year (Mature),200,Central Cambial Stem Cells (WOX4+),0.1022171006559031,4,39,33,13,4,19,7,14,29,56,12,0,7,4,27,16,13,5,3.6888794541139363,3.5263605246161616,2.639057329615259,1.6094379124341003,2.995732273553991,2.0794415416798357,2.70805020110221,3.4011973816621555,4.04305126783455,2.5649493574615367,0.0,2.0794415416798357,1.6094379124341003,3.332204510175204,2.833213344056216,2.639057329615259,1.791759469228055
Cell_0856,200-Year (Mature),200,Central Cambial Stem Cells (WOX4+),0.0030134387080979694,2,40,31,12,11,8,10,21,28,26,17,5,1,2,14,7,17,1,3.713572066704308,3.4657359027997265,2.5649493574615367,2.4849066497880004,2.1972245773362196,2.3978952727983707,3.091042453358316,3.367295829986474,3.295836866004329,2.8903717578961645,1.791759469228055,0.6931471805599453,1.0986122886681096,2.70805020110221,2.0794415416798357,2.8903717578961645,0.6931471805599453
Cell_0857,200-Year (Mature),200,Central Cambial Stem Cells (WOX4+),0.09181045927591966,5,33,24,10,6,14,7,20,24,60,10,2,1,0,22,22,13,4,3.5263605246161616,3.2188758248682006,2.3978952727983707,1.9459101490553132,2.70805020110221,2.0794415416798357,3.044522437723423,3.2188758248682006,4.110873864173311,2.3978952727983707,1.0986122886681096,0.6931471805599453,0.0,3.1354942159291497,3.1354942159291497,2.639057329615259,1.6094379124341003
Cell_0858,200-Year (Mature),200,Central Cambial Stem Cells (WOX4+),0.16724465104422245,7,65,40,7,9,15,11,33,20,15,7,1,2,1,10,41,9,0,4.189654742026425,3.713572066704308,2.0794415416798357,2.302585092994046,2.772588722239781,2.4849066497880004,3.5263605246161616,3.044522437723423,2.772588722239781,2.0794415416798357,0.6931471805599453,1.0986122886681096,0.6931471805599453,2.3978952727983707,3.7376696182833684,2.302585092994046,0.0
Cell_0859,200-Year (Mature),200,Central Cambial Stem Cells (WOX4+),0.4085107498368953,4,29,26,11,8,8,8,38,18,42,10,7,4,2,18,14,7,0,3.4011973816621555,3.295836866004329,2.4849066497880004,2.1972245773362196,2.1972245773362196,2.1972245773362196,3.6635616461296463,2.9444389791664403,3.7612001156935624,2.3978952727983707,2.0794415416798357,1.6094379124341003,1.0986122886681096,2.9444389791664403,2.70805020110221,2.0794415416798357,0.0
Cell_0860,200-Year (Mature),200,Central Cambial Stem Cells (WOX4+),0.13039598939508876,4,40,21,13,7,10,9,20,31,46,21,1,2,4,29,16,8,5,3.713572066704308,3.091042453358316,2.639057329615259,2.0794415416798357,2.3978952727983707,2.302585092994046,3.044522437723423,3.4657359027997265,3.8501476017100584,3.091042453358316,0.6931471805599453,1.0986122886681096,1.6094379124341003,3.4011973816621555,2.833213344056216,2.1972245773362196,1.791759469228055
Cell_0861,200-Year (Mature),200,Central Cambial Stem Cells (WOX4+),0.4510415447738354,4,28,25,8,4,20,10,34,9,65,11,4,3,1,38,20,13,4,3.367295829986474,3.258096538021482,2.1972245773362196,1.6094379124341003,3.044522437723423,2.3978952727983707,3.5553480614894135,2.302585092994046,4.189654742026425,2.4849066497880004,1.6094379124341003,1.3862943611198906,0.6931471805599453,3.6635616461296463,3.044522437723423,2.639057329615259,1.6094379124341003
Cell_0862,200-Year (Mature),200,Central Cambial Stem Cells (WOX4+),0.07858553295264771,5,31,34,16,3,5,5,19,14,28,15,1,3,1,32,10,14,8,3.4657359027997265,3.5553480614894135,2.833213344056216,1.3862943611198906,1.791759469228055,1.791759469228055,2.995732273553991,2.70805020110221,3.367295829986474,2.772588722239781,0.6931471805599453,1.3862943611198906,0.6931471805599453,3.4965075614664802,2.3978952727983707,2.70805020110221,2.1972245773362196
Cell_0863,200-Year (Mature),200,Central Cambial Stem Cells (WOX4+),0.036455455715823544,2,29,42,8,5,9,12,20,11,36,22,5,5,0,33,16,10,6,3.4011973816621555,3.7612001156935624,2.1972245773362196,1.791759469228055,2.302585092994046,2.5649493574615367,3.044522437723423,2.4849066497880004,3.6109179126442243,3.1354942159291497,1.791759469228055,1.791759469228055,0.0,3.5263605246161616,2.833213344056216,2.3978952727983707,1.9459101490553132
Cell_0864,200-Year (Mature),200,Central Cambial Stem Cells (WOX4+),0.460199742938332,4,31,30,6,0,15,4,23,14,36,9,3,1,1,19,22,8,6,3.4657359027997265,3.4339872044851463,1.9459101490553132,0.0,2.772588722239781,1.6094379124341003,3.1780538303479458,2.70805020110221,3.6109179126442243,2.302585092994046,1.3862943611198906,0.6931471805599453,0.6931471805599453,2.995732273553991,3.1354942159291497,2.1972245773362196,1.9459101490553132
Cell_0865,200-Year (Mature),200,Central Cambial Stem Cells (WOX4+),0.007322122760632883,4,14,30,13,3,8,11,23,17,49,7,6,6,3,21,16,18,8,2.70805020110221,3.4339872044851463,2.639057329615259,1.3862943611198906,2.1972245773362196,2.4849066497880004,3.1780538303479458,2.8903717578961645,3.912023005428146,2.0794415416798357,1.9459101490553132,1.9459101490553132,1.3862943611198906,3.091042453358316,2.833213344056216,2.9444389791664403,2.1972245773362196
Cell_0866,200-Year (Mature),200,Central Cambial Stem Cells (WOX4+),0.13434721820406284,1,36,12,9,5,5,9,21,37,26,16,5,1,6,29,26,13,7,3.6109179126442243,2.5649493574615367,2.302585092994046,1.791759469228055,1.791759469228055,2.302585092994046,3.091042453358316,3.6375861597263857,3.295836866004329,2.833213344056216,1.791759469228055,0.6931471805599453,1.9459101490553132,3.4011973816621555,3.295836866004329,2.639057329615259,2.0794415416798357
Cell_0867,200-Year (Mature),200,Central Cambial Stem Cells (WOX4+),0.3163970779480026,2,28,28,7,2,19,13,16,17,49,16,2,7,4,34,16,14,8,3.367295829986474,3.367295829986474,2.0794415416798357,1.0986122886681096,2.995732273553991,2.639057329615259,2.833213344056216,2.8903717578961645,3.912023005428146,2.833213344056216,1.0986122886681096,2.0794415416798357,1.6094379124341003,3.5553480614894135,2.833213344056216,2.70805020110221,2.1972245773362196
Cell_0868,200-Year (Mature),200,Central Cambial Stem Cells (WOX4+),0.14904045203046204,1,22,17,8,8,10,9,18,24,28,15,3,1,2,27,19,2,8,3.1354942159291497,2.8903717578961645,2.1972245773362196,2.1972245773362196,2.3978952727983707,2.302585092994046,2.9444389791664403,3.2188758248682006,3.367295829986474,2.772588722239781,1.3862943611198906,0.6931471805599453,1.0986122886681096,3.332204510175204,2.995732273553991,1.0986122886681096,2.1972245773362196
Cell_0869,200-Year (Mature),200,Central Cambial Stem Cells (WOX4+),0.22044432680938522,3,25,26,9,4,22,11,20,13,32,6,2,3,0,18,32,6,5,3.258096538021482,3.295836866004329,2.302585092994046,1.6094379124341003,3.1354942159291497,2.4849066497880004,3.044522437723423,2.639057329615259,3.4965075614664802,1.9459101490553132,1.0986122886681096,1.3862943611198906,0.0,2.9444389791664403,3.4965075614664802,1.9459101490553132,1.791759469228055
Cell_0870,200-Year (Mature),200,Central Cambial Stem Cells (WOX4+),0.36715097366942906,5,24,20,12,4,8,3,20,19,41,14,13,2,6,25,21,17,5,3.2188758248682006,3.044522437723423,2.5649493574615367,1.6094379124341003,2.1972245773362196,1.3862943611198906,3.044522437723423,2.995732273553991,3.7376696182833684,2.70805020110221,2.639057329615259,1.0986122886681096,1.9459101490553132,3.258096538021482,3.091042453358316,2.8903717578961645,1.791759469228055
Cell_0871,200-Year (Mature),200,Central Cambial Stem Cells (WOX4+),0.11569501517697374,3,42,21,2,1,6,16,18,22,37,4,4,3,1,22,27,14,3,3.7612001156935624,3.091042453358316,1.0986122886681096,0.6931471805599453,1.9459101490553132,2.833213344056216,2.9444389791664403,3.1354942159291497,3.6375861597263857,1.6094379124341003,1.6094379124341003,1.3862943611198906,0.6931471805599453,3.1354942159291497,3.332204510175204,2.70805020110221,1.3862943611198906
Cell_0872,200-Year (Mature),200,Central Cambial Stem Cells (WOX4+),0.45163098065196255,4,36,31,13,9,12,10,10,27,32,11,4,3,5,27,19,8,3,3.6109179126442243,3.4657359027997265,2.639057329615259,2.302585092994046,2.5649493574615367,2.3978952727983707,2.3978952727983707,3.332204510175204,3.4965075614664802,2.4849066497880004,1.6094379124341003,1.3862943611198906,1.791759469228055,3.332204510175204,2.995732273553991,2.1972245773362196,1.3862943611198906
Cell_0873,200-Year (Mature),200,Central Cambial Stem Cells (WOX4+),0.212950618705731,3,20,19,15,9,24,6,33,19,51,19,1,0,5,18,13,13,2,3.044522437723423,2.995732273553991,2.772588722239781,2.302585092994046,3.2188758248682006,1.9459101490553132,3.5263605246161616,2.995732273553991,3.9512437185814275,2.995732273553991,0.6931471805599453,0.0,1.791759469228055,2.9444389791664403,2.639057329615259,2.639057329615259,1.0986122886681096
Cell_0874,200-Year (Mature),200,Central Cambial Stem Cells (WOX4+),0.1981940685986312,3,42,21,6,5,10,13,25,18,24,12,6,3,1,15,17,11,4,3.7612001156935624,3.091042453358316,1.9459101490553132,1.791759469228055,2.3978952727983707,2.639057329615259,3.258096538021482,2.9444389791664403,3.2188758248682006,2.5649493574615367,1.9459101490553132,1.3862943611198906,0.6931471805599453,2.772588722239781,2.8903717578961645,2.4849066497880004,1.6094379124341003
Cell_0875,200-Year (Mature),200,Central Cambial Stem Cells (WOX4+),0.4592712179953847,4,55,29,16,7,17,6,29,25,47,6,0,1,0,16,40,20,17,4.02535169073515,3.4011973816621555,2.833213344056216,2.0794415416798357,2.8903717578961645,1.9459101490553132,3.4011973816621555,3.258096538021482,3.8712010109078907,1.9459101490553132,0.0,0.6931471805599453,0.0,2.833213344056216,3.713572066704308,3.044522437723423,2.8903717578961645
Cell_0876,200-Year (Mature),200,Central Cambial Stem Cells (WOX4+),0.35445439900917636,8,20,27,14,7,18,7,16,17,25,18,8,2,4,12,9,6,3,3.044522437723423,3.332204510175204,2.70805020110221,2.0794415416798357,2.9444389791664403,2.0794415416798357,2.833213344056216,2.8903717578961645,3.258096538021482,2.9444389791664403,2.1972245773362196,1.0986122886681096,1.6094379124341003,2.5649493574615367,2.302585092994046,1.9459101490553132,1.3862943611198906
Cell_0877,200-Year (Mature),200,Central Cambial Stem Cells (WOX4+),0.26650727901312327,6,44,33,15,8,17,20,39,30,29,27,8,5,8,31,14,9,2,3.8066624897703196,3.5263605246161616,2.772588722239781,2.1972245773362196,2.8903717578961645,3.044522437723423,3.6888794541139363,3.4339872044851463,3.4011973816621555,3.332204510175204,2.1972245773362196,1.791759469228055,2.1972245773362196,3.4657359027997265,2.70805020110221,2.302585092994046,1.0986122886681096
Cell_0878,200-Year (Mature),200,Central Cambial Stem Cells (WOX4+),0.30471769997854553,6,20,18,21,9,11,15,19,36,23,19,10,3,2,13,8,10,10,3.044522437723423,2.9444389791664403,3.091042453358316,2.302585092994046,2.4849066497880004,2.772588722239781,2.995732273553991,3.6109179126442243,3.1780538303479458,2.995732273553991,2.3978952727983707,1.3862943611198906,1.0986122886681096,2.639057329615259,2.1972245773362196,2.3978952727983707,2.3978952727983707
Cell_0879,200-Year (Mature),200,Central Cambial Stem Cells (WOX4+),0.27282475392559025,1,43,25,17,5,11,6,14,22,40,5,6,2,2,14,22,11,4,3.784189633918261,3.258096538021482,2.8903717578961645,1.791759469228055,2.4849066497880004,1.9459101490553132,2.70805020110221,3.1354942159291497,3.713572066704308,1.791759469228055,1.9459101490553132,1.0986122886681096,1.0986122886681096,2.70805020110221,3.1354942159291497,2.4849066497880004,1.6094379124341003
Cell_0880,200-Year (Mature),200,Central Cambial Stem Cells (WOX4+),0.25061176950765385,1,24,36,6,3,25,20,24,22,39,9,1,2,5,13,29,21,4,3.2188758248682006,3.6109179126442243,1.9459101490553132,1.3862943611198906,3.258096538021482,3.044522437723423,3.2188758248682006,3.1354942159291497,3.6888794541139363,2.302585092994046,0.6931471805599453,1.0986122886681096,1.791759469228055,2.639057329615259,3.4011973816621555,3.091042453358316,1.6094379124341003
Cell_0881,200-Year (Mature),200,Central Cambial Stem Cells (WOX4+),0.4599855971317166,3,22,25,11,6,15,9,17,21,40,6,1,6,6,20,13,13,3,3.1354942159291497,3.258096538021482,2.4849066497880004,1.9459101490553132,2.772588722239781,2.302585092994046,2.8903717578961645,3.091042453358316,3.713572066704308,1.9459101490553132,0.6931471805599453,1.9459101490553132,1.9459101490553132,3.044522437723423,2.639057329615259,2.639057329615259,1.3862943611198906
Cell_0882,200-Year (Mature),200,Central Cambial Stem Cells (WOX4+),0.37918435038121223,3,33,21,14,3,14,19,21,29,37,18,5,0,3,14,20,11,10,3.5263605246161616,3.091042453358316,2.70805020110221,1.3862943611198906,2.70805020110221,2.995732273553991,3.091042453358316,3.4011973816621555,3.6375861597263857,2.9444389791664403,1.791759469228055,0.0,1.3862943611198906,2.70805020110221,3.044522437723423,2.4849066497880004,2.3978952727983707
Cell_0883,200-Year (Mature),200,Central Cambial Stem Cells (WOX4+),0.30108628866275117,9,50,19,9,6,27,3,28,32,35,9,4,1,0,32,25,9,1,3.9318256327243257,2.995732273553991,2.302585092994046,1.9459101490553132,3.332204510175204,1.3862943611198906,3.367295829986474,3.4965075614664802,3.58351893845611,2.302585092994046,1.6094379124341003,0.6931471805599453,0.0,3.4965075614664802,3.258096538021482,2.302585092994046,0.6931471805599453
Cell_0884,200-Year (Mature),200,Central Cambial Stem Cells (WOX4+),0.140647167824153,2,67,21,6,11,16,15,18,14,41,29,3,2,1,22,15,20,13,4.219507705176107,3.091042453358316,1.9459101490553132,2.4849066497880004,2.833213344056216,2.772588722239781,2.9444389791664403,2.70805020110221,3.7376696182833684,3.4011973816621555,1.3862943611198906,1.0986122886681096,0.6931471805599453,3.1354942159291497,2.772588722239781,3.044522437723423,2.639057329615259
Cell_0885,200-Year (Mature),200,Central Cambial Stem Cells (WOX4+),0.31687863967120117,3,28,35,12,6,10,5,23,38,48,21,5,1,1,21,15,21,9,3.367295829986474,3.58351893845611,2.5649493574615367,1.9459101490553132,2.3978952727983707,1.791759469228055,3.1780538303479458,3.6635616461296463,3.8918202981106265,3.091042453358316,1.791759469228055,0.6931471805599453,0.6931471805599453,3.091042453358316,2.772588722239781,3.091042453358316,2.302585092994046
Cell_0886,200-Year (Mature),200,Central Cambial Stem Cells (WOX4+),0.5238715583509493,5,31,41,17,4,16,18,24,38,23,23,3,7,3,21,29,11,7,3.4657359027997265,3.7376696182833684,2.8903717578961645,1.6094379124341003,2.833213344056216,2.9444389791664403,3.2188758248682006,3.6635616461296463,3.1780538303479458,3.1780538303479458,1.3862943611198906,2.0794415416798357,1.3862943611198906,3.091042453358316,3.4011973816621555,2.4849066497880004,2.0794415416798357
Cell_0887,200-Year (Mature),200,Central Cambial Stem Cells (WOX4+),0.28336182061804793,3,56,20,10,3,12,7,35,33,47,20,3,4,0,21,14,9,6,4.04305126783455,3.044522437723423,2.3978952727983707,1.3862943611198906,2.5649493574615367,2.0794415416798357,3.58351893845611,3.5263605246161616,3.8712010109078907,3.044522437723423,1.3862943611198906,1.6094379124341003,0.0,3.091042453358316,2.70805020110221,2.302585092994046,1.9459101490553132
Cell_0888,200-Year (Mature),200,Central Cambial Stem Cells (WOX4+),0.13555093383644454,2,10,46,10,5,14,20,22,10,45,5,3,3,4,26,28,12,3,2.3978952727983707,3.8501476017100584,2.3978952727983707,1.791759469228055,2.70805020110221,3.044522437723423,3.1354942159291497,2.3978952727983707,3.828641396489095,1.791759469228055,1.3862943611198906,1.3862943611198906,1.6094379124341003,3.295836866004329,3.367295829986474,2.5649493574615367,1.3862943611198906
Cell_0889,200-Year (Mature),200,Central Cambial Stem Cells (WOX4+),0.047477507010196617,2,25,21,17,11,9,12,24,24,30,10,5,0,5,19,23,10,1,3.258096538021482,3.091042453358316,2.8903717578961645,2.4849066497880004,2.302585092994046,2.5649493574615367,3.2188758248682006,3.2188758248682006,3.4339872044851463,2.3978952727983707,1.791759469228055,0.0,1.791759469228055,2.995732273553991,3.1780538303479458,2.3978952727983707,0.6931471805599453
Cell_0890,200-Year (Mature),200,Central Cambial Stem Cells (WOX4+),0.18421961643231827,4,26,28,7,8,12,20,16,22,41,10,1,3,3,14,19,11,2,3.295836866004329,3.367295829986474,2.0794415416798357,2.1972245773362196,2.5649493574615367,3.044522437723423,2.833213344056216,3.1354942159291497,3.7376696182833684,2.3978952727983707,0.6931471805599453,1.3862943611198906,1.3862943611198906,2.70805020110221,2.995732273553991,2.4849066497880004,1.0986122886681096
Cell_0891,200-Year (Mature),200,Central Cambial Stem Cells (WOX4+),0.37161292380729016,2,32,27,9,11,15,16,16,32,26,12,1,2,1,29,18,11,3,3.4965075614664802,3.332204510175204,2.302585092994046,2.4849066497880004,2.772588722239781,2.833213344056216,2.833213344056216,3.4965075614664802,3.295836866004329,2.5649493574615367,0.6931471805599453,1.0986122886681096,0.6931471805599453,3.4011973816621555,2.9444389791664403,2.4849066497880004,1.3862943611198906
Cell_0892,200-Year (Mature),200,Central Cambial Stem Cells (WOX4+),0.158125999733797,1,42,16,17,3,14,14,18,26,27,4,3,1,10,18,26,7,3,3.7612001156935624,2.833213344056216,2.8903717578961645,1.3862943611198906,2.70805020110221,2.70805020110221,2.9444389791664403,3.295836866004329,3.332204510175204,1.6094379124341003,1.3862943611198906,0.6931471805599453,2.3978952727983707,2.9444389791664403,3.295836866004329,2.0794415416798357,1.3862943611198906
Cell_0893,200-Year (Mature),200,Central Cambial Stem Cells (WOX4+),0.2551600290155854,4,47,31,12,3,15,10,21,26,38,10,11,4,1,20,20,16,4,3.8712010109078907,3.4657359027997265,2.5649493574615367,1.3862943611198906,2.772588722239781,2.3978952727983707,3.091042453358316,3.295836866004329,3.6635616461296463,2.3978952727983707,2.4849066497880004,1.6094379124341003,0.6931471805599453,3.044522437723423,3.044522437723423,2.833213344056216,1.6094379124341003
Cell_0894,200-Year (Mature),200,Central Cambial Stem Cells (WOX4+),0.25755610149960684,1,58,39,7,3,24,14,21,29,32,9,0,1,1,17,18,14,4,4.07753744390572,3.6888794541139363,2.0794415416798357,1.3862943611198906,3.2188758248682006,2.70805020110221,3.091042453358316,3.4011973816621555,3.4965075614664802,2.302585092994046,0.0,0.6931471805599453,0.6931471805599453,2.8903717578961645,2.9444389791664403,2.70805020110221,1.6094379124341003
Cell_0895,200-Year (Mature),200,Central Cambial Stem Cells (WOX4+),0.04019103013404121,3,30,19,15,10,12,12,20,35,54,26,5,6,3,26,26,12,14,3.4339872044851463,2.995732273553991,2.772588722239781,2.3978952727983707,2.5649493574615367,2.5649493574615367,3.044522437723423,3.58351893845611,4.007333185232471,3.295836866004329,1.791759469228055,1.9459101490553132,1.3862943611198906,3.295836866004329,3.295836866004329,2.5649493574615367,2.70805020110221
Cell_0896,200-Year (Mature),200,Central Cambial Stem Cells (WOX4+),0.25639296669421135,3,26,34,11,1,19,16,38,24,29,18,5,1,4,22,40,13,7,3.295836866004329,3.5553480614894135,2.4849066497880004,0.6931471805599453,2.995732273553991,2.833213344056216,3.6635616461296463,3.2188758248682006,3.4011973816621555,2.9444389791664403,1.791759469228055,0.6931471805599453,1.6094379124341003,3.1354942159291497,3.713572066704308,2.639057329615259,2.0794415416798357
Cell_0897,200-Year (Mature),200,Central Cambial Stem Cells (WOX4+),0.1149897214942445,2,41,33,9,6,22,7,20,22,58,19,7,3,3,16,22,18,7,3.7376696182833684,3.5263605246161616,2.302585092994046,1.9459101490553132,3.1354942159291497,2.0794415416798357,3.044522437723423,3.1354942159291497,4.07753744390572,2.995732273553991,2.0794415416798357,1.3862943611198906,1.3862943611198906,2.833213344056216,3.1354942159291497,2.9444389791664403,2.0794415416798357
Cell_0898,200-Year (Mature),200,Central Cambial Stem Cells (WOX4+),0.16787486638501062,3,34,32,11,4,14,10,24,12,41,9,8,3,5,23,14,21,4,3.5553480614894135,3.4965075614664802,2.4849066497880004,1.6094379124341003,2.70805020110221,2.3978952727983707,3.2188758248682006,2.5649493574615367,3.7376696182833684,2.302585092994046,2.1972245773362196,1.3862943611198906,1.791759469228055,3.1780538303479458,2.70805020110221,3.091042453358316,1.6094379124341003
Cell_0899,200-Year (Mature),200,Central Cambial Stem Cells (WOX4+),0.2110143477078563,7,59,22,12,4,15,13,27,27,51,12,0,2,0,25,32,12,3,4.0943445622221,3.1354942159291497,2.5649493574615367,1.6094379124341003,2.772588722239781,2.639057329615259,3.332204510175204,3.332204510175204,3.9512437185814275,2.5649493574615367,0.0,1.0986122886681096,0.0,3.258096538021482,3.4965075614664802,2.5649493574615367,1.3862943611198906
Cell_0900,200-Year (Mature),200,Central Cambial Stem Cells (WOX4+),0.17934488116808653,1,30,29,21,7,13,16,18,15,34,15,3,5,4,19,24,9,2,3.4339872044851463,3.4011973816621555,3.091042453358316,2.0794415416798357,2.639057329615259,2.833213344056216,2.9444389791664403,2.772588722239781,3.5553480614894135,2.772588722239781,1.3862943611198906,1.791759469228055,1.6094379124341003,2.995732273553991,3.2188758248682006,2.302585092994046,1.0986122886681096
Cell_0901,200-Year (Mature),200,Central Cambial Stem Cells (WOX4+),0.0996614995440171,2,15,31,3,6,27,13,26,17,52,23,1,2,5,25,20,5,8,2.772588722239781,3.4657359027997265,1.3862943611198906,1.9459101490553132,3.332204510175204,2.639057329615259,3.295836866004329,2.8903717578961645,3.970291913552122,3.1780538303479458,0.6931471805599453,1.0986122886681096,1.791759469228055,3.258096538021482,3.044522437723423,1.791759469228055,2.1972245773362196
Cell_0902,200-Year (Mature),200,Central Cambial Stem Cells (WOX4+),0.03080647045259249,4,37,31,8,10,22,10,33,17,41,17,3,2,3,19,26,11,5,3.6375861597263857,3.4657359027997265,2.1972245773362196,2.3978952727983707,3.1354942159291497,2.3978952727983707,3.5263605246161616,2.8903717578961645,3.7376696182833684,2.8903717578961645,1.3862943611198906,1.0986122886681096,1.3862943611198906,2.995732273553991,3.295836866004329,2.4849066497880004,1.791759469228055
Cell_0903,200-Year (Mature),200,Central Cambial Stem Cells (WOX4+),0.0563670406819763,4,28,34,11,5,18,26,26,19,51,24,4,8,5,22,17,12,12,3.367295829986474,3.5553480614894135,2.4849066497880004,1.791759469228055,2.9444389791664403,3.295836866004329,3.295836866004329,2.995732273553991,3.9512437185814275,3.2188758248682006,1.6094379124341003,2.1972245773362196,1.791759469228055,3.1354942159291497,2.8903717578961645,2.5649493574615367,2.5649493574615367
Cell_0904,200-Year (Mature),200,Central Cambial Stem Cells (WOX4+),0.24145313495629092,2,50,28,11,1,15,17,25,28,29,7,0,0,2,16,18,19,6,3.9318256327243257,3.367295829986474,2.4849066497880004,0.6931471805599453,2.772588722239781,2.8903717578961645,3.258096538021482,3.367295829986474,3.4011973816621555,2.0794415416798357,0.0,0.0,1.0986122886681096,2.833213344056216,2.9444389791664403,2.995732273553991,1.9459101490553132
Cell_0905,200-Year (Mature),200,Central Cambial Stem Cells (WOX4+),0.24161132415255224,4,41,21,6,8,14,11,28,21,42,18,7,1,2,19,19,12,7,3.7376696182833684,3.091042453358316,1.9459101490553132,2.1972245773362196,2.70805020110221,2.4849066497880004,3.367295829986474,3.091042453358316,3.7612001156935624,2.9444389791664403,2.0794415416798357,0.6931471805599453,1.0986122886681096,2.995732273553991,2.995732273553991,2.5649493574615367,2.0794415416798357
Cell_0906,200-Year (Mature),200,Central Cambial Stem Cells (WOX4+),0.2685360308816974,5,35,34,5,7,14,4,23,10,31,15,6,4,4,25,20,15,9,3.58351893845611,3.5553480614894135,1.791759469228055,2.0794415416798357,2.70805020110221,1.6094379124341003,3.1780538303479458,2.3978952727983707,3.4657359027997265,2.772588722239781,1.9459101490553132,1.6094379124341003,1.6094379124341003,3.258096538021482,3.044522437723423,2.772588722239781,2.302585092994046
Cell_0907,200-Year (Mature),200,Central Cambial Stem Cells (WOX4+),0.7121450581890784,1,40,31,11,11,10,16,31,32,37,16,3,4,5,24,23,19,2,3.713572066704308,3.4657359027997265,2.4849066497880004,2.4849066497880004,2.3978952727983707,2.833213344056216,3.4657359027997265,3.4965075614664802,3.6375861597263857,2.833213344056216,1.3862943611198906,1.6094379124341003,1.791759469228055,3.2188758248682006,3.1780538303479458,2.995732273553991,1.0986122886681096
Cell_0908,200-Year (Mature),200,Central Cambial Stem Cells (WOX4+),0.1712086438922867,4,36,39,6,7,8,5,32,14,49,14,1,4,3,23,37,7,1,3.6109179126442243,3.6888794541139363,1.9459101490553132,2.0794415416798357,2.1972245773362196,1.791759469228055,3.4965075614664802,2.70805020110221,3.912023005428146,2.70805020110221,0.6931471805599453,1.6094379124341003,1.3862943611198906,3.1780538303479458,3.6375861597263857,2.0794415416798357,0.6931471805599453
Cell_0909,200-Year (Mature),200,Central Cambial Stem Cells (WOX4+),0.24037811807167805,1,36,25,12,3,16,16,18,14,39,10,11,3,1,23,38,6,7,3.6109179126442243,3.258096538021482,2.5649493574615367,1.3862943611198906,2.833213344056216,2.833213344056216,2.9444389791664403,2.70805020110221,3.6888794541139363,2.3978952727983707,2.4849066497880004,1.3862943611198906,0.6931471805599453,3.1780538303479458,3.6635616461296463,1.9459101490553132,2.0794415416798357
Cell_0910,200-Year (Mature),200,Central Cambial Stem Cells (WOX4+),0.17272059963703787,3,38,40,7,6,24,3,16,14,51,14,3,6,4,19,19,13,5,3.6635616461296463,3.713572066704308,2.0794415416798357,1.9459101490553132,3.2188758248682006,1.3862943611198906,2.833213344056216,2.70805020110221,3.9512437185814275,2.70805020110221,1.3862943611198906,1.9459101490553132,1.6094379124341003,2.995732273553991,2.995732273553991,2.639057329615259,1.791759469228055
Cell_0911,200-Year (Mature),200,Central Cambial Stem Cells (WOX4+),0.3448027280000199,2,54,22,11,6,25,4,26,15,24,14,8,1,2,28,18,23,2,4.007333185232471,3.1354942159291497,2.4849066497880004,1.9459101490553132,3.258096538021482,1.6094379124341003,3.295836866004329,2.772588722239781,3.2188758248682006,2.70805020110221,2.1972245773362196,0.6931471805599453,1.0986122886681096,3.367295829986474,2.9444389791664403,3.1780538303479458,1.0986122886681096
Cell_0912,200-Year (Mature),200,Central Cambial Stem Cells (WOX4+),0.3492113964718795,4,45,44,18,5,13,6,28,25,27,17,3,3,1,9,19,9,6,3.828641396489095,3.8066624897703196,2.9444389791664403,1.791759469228055,2.639057329615259,1.9459101490553132,3.367295829986474,3.258096538021482,3.332204510175204,2.8903717578961645,1.3862943611198906,1.3862943611198906,0.6931471805599453,2.302585092994046,2.995732273553991,2.302585092994046,1.9459101490553132
Cell_0913,200-Year (Mature),200,Central Cambial Stem Cells (WOX4+),0.33056936376519985,4,27,27,9,2,8,5,30,28,38,15,5,5,7,26,21,13,20,3.332204510175204,3.332204510175204,2.302585092994046,1.0986122886681096,2.1972245773362196,1.791759469228055,3.4339872044851463,3.367295829986474,3.6635616461296463,2.772588722239781,1.791759469228055,1.791759469228055,2.0794415416798357,3.295836866004329,3.091042453358316,2.639057329615259,3.044522437723423
Cell_0914,200-Year (Mature),200,Central Cambial Stem Cells (WOX4+),0.3905890876019501,3,22,26,6,2,18,7,12,14,34,17,4,10,4,24,19,5,2,3.1354942159291497,3.295836866004329,1.9459101490553132,1.0986122886681096,2.9444389791664403,2.0794415416798357,2.5649493574615367,2.70805020110221,3.5553480614894135,2.8903717578961645,1.6094379124341003,2.3978952727983707,1.6094379124341003,3.2188758248682006,2.995732273553991,1.791759469228055,1.0986122886681096
Cell_0915,200-Year (Mature),200,Central Cambial Stem Cells (WOX4+),0.35727607907098435,0,21,16,24,4,11,6,23,17,53,9,2,1,1,10,34,6,6,3.091042453358316,2.833213344056216,3.2188758248682006,1.6094379124341003,2.4849066497880004,1.9459101490553132,3.1780538303479458,2.8903717578961645,3.9889840465642745,2.302585092994046,1.0986122886681096,0.6931471805599453,0.6931471805599453,2.3978952727983707,3.5553480614894135,1.9459101490553132,1.9459101490553132
Cell_0916,200-Year (Mature),200,Central Cambial Stem Cells (WOX4+),0.3461104418919393,3,30,33,25,4,25,15,27,20,49,10,2,1,1,22,21,12,1,3.4339872044851463,3.5263605246161616,3.258096538021482,1.6094379124341003,3.258096538021482,2.772588722239781,3.332204510175204,3.044522437723423,3.912023005428146,2.3978952727983707,1.0986122886681096,0.6931471805599453,0.6931471805599453,3.1354942159291497,3.091042453358316,2.5649493574615367,0.6931471805599453
Cell_0917,200-Year (Mature),200,Central Cambial Stem Cells (WOX4+),0.38558413160788135,5,33,46,15,12,10,9,21,16,31,24,13,6,3,30,48,8,5,3.5263605246161616,3.8501476017100584,2.772588722239781,2.5649493574615367,2.3978952727983707,2.302585092994046,3.091042453358316,2.833213344056216,3.4657359027997265,3.2188758248682006,2.639057329615259,1.9459101490553132,1.3862943611198906,3.4339872044851463,3.8918202981106265,2.1972245773362196,1.791759469228055
Cell_0918,200-Year (Mature),200,Central Cambial Stem Cells (WOX4+),0.3272116432082439,2,36,16,17,4,8,6,26,22,28,24,0,3,2,33,14,9,3,3.6109179126442243,2.833213344056216,2.8903717578961645,1.6094379124341003,2.1972245773362196,1.9459101490553132,3.295836866004329,3.1354942159291497,3.367295829986474,3.2188758248682006,0.0,1.3862943611198906,1.0986122886681096,3.5263605246161616,2.70805020110221,2.302585092994046,1.3862943611198906
Cell_0919,200-Year (Mature),200,Central Cambial Stem Cells (WOX4+),0.2249566935686141,3,35,18,14,4,19,17,26,24,44,20,3,4,2,21,23,12,7,3.58351893845611,2.9444389791664403,2.70805020110221,1.6094379124341003,2.995732273553991,2.8903717578961645,3.295836866004329,3.2188758248682006,3.8066624897703196,3.044522437723423,1.3862943611198906,1.6094379124341003,1.0986122886681096,3.091042453358316,3.1780538303479458,2.5649493574615367,2.0794415416798357
Cell_0920,200-Year (Mature),200,Central Cambial Stem Cells (WOX4+),0.08453646907277115,0,42,29,27,6,14,15,27,7,37,4,4,4,4,14,14,23,14,3.7612001156935624,3.4011973816621555,3.332204510175204,1.9459101490553132,2.70805020110221,2.772588722239781,3.332204510175204,2.0794415416798357,3.6375861597263857,1.6094379124341003,1.6094379124341003,1.6094379124341003,1.6094379124341003,2.70805020110221,2.70805020110221,3.1780538303479458,2.70805020110221
Cell_0921,200-Year (Mature),200,Central Cambial Stem Cells (WOX4+),0.39425850208905416,4,19,45,13,6,7,17,32,25,30,20,4,4,0,16,21,8,15,2.995732273553991,3.828641396489095,2.639057329615259,1.9459101490553132,2.0794415416798357,2.8903717578961645,3.4965075614664802,3.258096538021482,3.4339872044851463,3.044522437723423,1.6094379124341003,1.6094379124341003,0.0,2.833213344056216,3.091042453358316,2.1972245773362196,2.772588722239781
Cell_0922,200-Year (Mature),200,Central Cambial Stem Cells (WOX4+),0.10435873889097261,5,31,27,8,8,18,12,28,23,40,12,2,3,3,16,26,9,2,3.4657359027997265,3.332204510175204,2.1972245773362196,2.1972245773362196,2.9444389791664403,2.5649493574615367,3.367295829986474,3.1780538303479458,3.713572066704308,2.5649493574615367,1.0986122886681096,1.3862943611198906,1.3862943611198906,2.833213344056216,3.295836866004329,2.302585092994046,1.0986122886681096
Cell_0923,200-Year (Mature),200,Central Cambial Stem Cells (WOX4+),0.16000416522351513,4,44,32,22,4,9,8,21,27,29,11,1,1,6,23,19,21,5,3.8066624897703196,3.4965075614664802,3.1354942159291497,1.6094379124341003,2.302585092994046,2.1972245773362196,3.091042453358316,3.332204510175204,3.4011973816621555,2.4849066497880004,0.6931471805599453,0.6931471805599453,1.9459101490553132,3.1780538303479458,2.995732273553991,3.091042453358316,1.791759469228055
Cell_0924,200-Year (Mature),200,Central Cambial Stem Cells (WOX4+),0.12993002097320933,3,34,33,16,7,3,7,16,12,32,18,4,3,2,24,18,15,5,3.5553480614894135,3.5263605246161616,2.833213344056216,2.0794415416798357,1.3862943611198906,2.0794415416798357,2.833213344056216,2.5649493574615367,3.4965075614664802,2.9444389791664403,1.6094379124341003,1.3862943611198906,1.0986122886681096,3.2188758248682006,2.9444389791664403,2.772588722239781,1.791759469228055
Cell_0925,200-Year (Mature),200,Central Cambial Stem Cells (WOX4+),0.05808614702147276,4,43,37,13,2,10,11,17,36,49,19,3,6,2,45,34,13,7,3.784189633918261,3.6375861597263857,2.639057329615259,1.0986122886681096,2.3978952727983707,2.4849066497880004,2.8903717578961645,3.6109179126442243,3.912023005428146,2.995732273553991,1.3862943611198906,1.9459101490553132,1.0986122886681096,3.828641396489095,3.5553480614894135,2.639057329615259,2.0794415416798357
Cell_0926,200-Year (Mature),200,Central Cambial Stem Cells (WOX4+),0.3195939277769776,2,26,42,11,7,15,9,23,34,45,9,9,0,1,22,31,13,5,3.295836866004329,3.7612001156935624,2.4849066497880004,2.0794415416798357,2.772588722239781,2.302585092994046,3.1780538303479458,3.5553480614894135,3.828641396489095,2.302585092994046,2.302585092994046,0.0,0.6931471805599453,3.1354942159291497,3.4657359027997265,2.639057329615259,1.791759469228055
Cell_0927,200-Year (Mature),200,Central Cambial Stem Cells (WOX4+),0.07264997125648613,2,36,38,10,15,10,11,22,20,29,18,3,3,2,21,27,20,12,3.6109179126442243,3.6635616461296463,2.3978952727983707,2.772588722239781,2.3978952727983707,2.4849066497880004,3.1354942159291497,3.044522437723423,3.4011973816621555,2.9444389791664403,1.3862943611198906,1.3862943611198906,1.0986122886681096,3.091042453358316,3.332204510175204,3.044522437723423,2.5649493574615367
Cell_0928,200-Year (Mature),200,Central Cambial Stem Cells (WOX4+),0.2857819674243666,3,59,55,5,2,12,5,27,32,39,14,0,3,3,35,16,6,4,4.0943445622221,4.02535169073515,1.791759469228055,1.0986122886681096,2.5649493574615367,1.791759469228055,3.332204510175204,3.4965075614664802,3.6888794541139363,2.70805020110221,0.0,1.3862943611198906,1.3862943611198906,3.58351893845611,2.833213344056216,1.9459101490553132,1.6094379124341003
Cell_0929,200-Year (Mature),200,Central Cambial Stem Cells (WOX4+),0.065001071667857,2,40,15,18,3,7,7,28,20,28,12,1,2,3,19,14,7,6,3.713572066704308,2.772588722239781,2.9444389791664403,1.3862943611198906,2.0794415416798357,2.0794415416798357,3.367295829986474,3.044522437723423,3.367295829986474,2.5649493574615367,0.6931471805599453,1.0986122886681096,1.3862943611198906,2.995732273553991,2.70805020110221,2.0794415416798357,1.9459101490553132
Cell_0930,200-Year (Mature),200,Central Cambial Stem Cells (WOX4+),0.039349452735341,2,42,22,3,1,13,7,16,27,43,10,3,3,3,23,14,19,6,3.7612001156935624,3.1354942159291497,1.3862943611198906,0.6931471805599453,2.639057329615259,2.0794415416798357,2.833213344056216,3.332204510175204,3.784189633918261,2.3978952727983707,1.3862943611198906,1.3862943611198906,1.3862943611198906,3.1780538303479458,2.70805020110221,2.995732273553991,1.9459101490553132
Cell_0931,200-Year (Mature),200,Central Cambial Stem Cells (WOX4+),0.3078984533677918,5,34,20,19,13,24,12,21,30,37,13,2,4,4,10,13,13,8,3.5553480614894135,3.044522437723423,2.995732273553991,2.639057329615259,3.2188758248682006,2.5649493574615367,3.091042453358316,3.4339872044851463,3.6375861597263857,2.639057329615259,1.0986122886681096,1.6094379124341003,1.6094379124341003,2.3978952727983707,2.639057329615259,2.639057329615259,2.1972245773362196
Cell_0932,200-Year (Mature),200,Central Cambial Stem Cells (WOX4+),0.2681414884221841,4,34,13,2,8,11,11,31,15,46,19,7,1,2,18,28,12,1,3.5553480614894135,2.639057329615259,1.0986122886681096,2.1972245773362196,2.4849066497880004,2.4849066497880004,3.4657359027997265,2.772588722239781,3.8501476017100584,2.995732273553991,2.0794415416798357,0.6931471805599453,1.0986122886681096,2.9444389791664403,3.367295829986474,2.5649493574615367,0.6931471805599453
Cell_0933,200-Year (Mature),200,Central Cambial Stem Cells (WOX4+),0.06077086159340187,5,31,37,7,2,27,20,16,39,23,11,7,4,5,22,16,5,7,3.4657359027997265,3.6375861597263857,2.0794415416798357,1.0986122886681096,3.332204510175204,3.044522437723423,2.833213344056216,3.6888794541139363,3.1780538303479458,2.4849066497880004,2.0794415416798357,1.6094379124341003,1.791759469228055,3.1354942159291497,2.833213344056216,1.791759469228055,2.0794415416798357
Cell_0934,200-Year (Mature),200,Central Cambial Stem Cells (WOX4+),0.30589333854895107,4,45,42,10,6,21,17,11,15,38,19,2,1,2,17,26,2,2,3.828641396489095,3.7612001156935624,2.3978952727983707,1.9459101490553132,3.091042453358316,2.8903717578961645,2.4849066497880004,2.772588722239781,3.6635616461296463,2.995732273553991,1.0986122886681096,0.6931471805599453,1.0986122886681096,2.8903717578961645,3.295836866004329,1.0986122886681096,1.0986122886681096
Cell_0935,200-Year (Mature),200,Central Cambial Stem Cells (WOX4+),0.24908508406945984,3,38,31,11,2,19,7,32,26,37,6,9,0,3,28,21,24,7,3.6635616461296463,3.4657359027997265,2.4849066497880004,1.0986122886681096,2.995732273553991,2.0794415416798357,3.4965075614664802,3.295836866004329,3.6375861597263857,1.9459101490553132,2.302585092994046,0.0,1.3862943611198906,3.367295829986474,3.091042453358316,3.2188758248682006,2.0794415416798357
Cell_0936,200-Year (Mature),200,Central Cambial Stem Cells (WOX4+),0.5087058737488235,5,25,13,11,3,15,12,35,16,42,7,8,1,2,14,24,3,13,3.258096538021482,2.639057329615259,2.4849066497880004,1.3862943611198906,2.772588722239781,2.5649493574615367,3.58351893845611,2.833213344056216,3.7612001156935624,2.0794415416798357,2.1972245773362196,0.6931471805599453,1.0986122886681096,2.70805020110221,3.2188758248682006,1.3862943611198906,2.639057329615259
Cell_0937,200-Year (Mature),200,Central Cambial Stem Cells (WOX4+),0.21184600851765623,2,41,36,9,4,25,10,22,16,48,12,3,1,5,26,19,20,4,3.7376696182833684,3.6109179126442243,2.302585092994046,1.6094379124341003,3.258096538021482,2.3978952727983707,3.1354942159291497,2.833213344056216,3.8918202981106265,2.5649493574615367,1.3862943611198906,0.6931471805599453,1.791759469228055,3.295836866004329,2.995732273553991,3.044522437723423,1.6094379124341003
Cell_0938,200-Year (Mature),200,Central Cambial Stem Cells (WOX4+),0.4318478227974063,1,40,28,10,5,18,4,37,40,24,10,2,11,5,22,8,17,6,3.713572066704308,3.367295829986474,2.3978952727983707,1.791759469228055,2.9444389791664403,1.6094379124341003,3.6375861597263857,3.713572066704308,3.2188758248682006,2.3978952727983707,1.0986122886681096,2.4849066497880004,1.791759469228055,3.1354942159291497,2.1972245773362196,2.8903717578961645,1.9459101490553132
Cell_0939,200-Year (Mature),200,Central Cambial Stem Cells (WOX4+),0.02821901459971993,5,43,45,13,13,16,9,27,26,28,10,3,3,1,22,10,14,2,3.784189633918261,3.828641396489095,2.639057329615259,2.639057329615259,2.833213344056216,2.302585092994046,3.332204510175204,3.295836866004329,3.367295829986474,2.3978952727983707,1.3862943611198906,1.3862943611198906,0.6931471805599453,3.1354942159291497,2.3978952727983707,2.70805020110221,1.0986122886681096
Cell_0940,200-Year (Mature),200,Central Cambial Stem Cells (WOX4+),0.5429926361033974,2,25,9,5,5,4,7,40,18,37,17,3,1,7,22,30,25,13,3.258096538021482,2.302585092994046,1.791759469228055,1.791759469228055,1.6094379124341003,2.0794415416798357,3.713572066704308,2.9444389791664403,3.6375861597263857,2.8903717578961645,1.3862943611198906,0.6931471805599453,2.0794415416798357,3.1354942159291497,3.4339872044851463,3.258096538021482,2.639057329615259
Cell_0941,200-Year (Mature),200,Central Cambial Stem Cells (WOX4+),0.29495993183295705,6,34,29,13,7,14,8,20,20,34,17,5,6,3,39,22,7,1,3.5553480614894135,3.4011973816621555,2.639057329615259,2.0794415416798357,2.70805020110221,2.1972245773362196,3.044522437723423,3.044522437723423,3.5553480614894135,2.8903717578961645,1.791759469228055,1.9459101490553132,1.3862943611198906,3.6888794541139363,3.1354942159291497,2.0794415416798357,0.6931471805599453
Cell_0942,200-Year (Mature),200,Central Cambial Stem Cells (WOX4+),0.38388493013912306,2,37,54,27,8,21,8,36,12,30,10,1,3,3,28,23,8,10,3.6375861597263857,4.007333185232471,3.332204510175204,2.1972245773362196,3.091042453358316,2.1972245773362196,3.6109179126442243,2.5649493574615367,3.4339872044851463,2.3978952727983707,0.6931471805599453,1.3862943611198906,1.3862943611198906,3.367295829986474,3.1780538303479458,2.1972245773362196,2.3978952727983707
Cell_0943,200-Year (Mature),200,Central Cambial Stem Cells (WOX4+),0.32753739678303917,4,48,30,7,5,21,9,27,25,27,9,5,9,6,35,18,10,6,3.8918202981106265,3.4339872044851463,2.0794415416798357,1.791759469228055,3.091042453358316,2.302585092994046,3.332204510175204,3.258096538021482,3.332204510175204,2.302585092994046,1.791759469228055,2.302585092994046,1.9459101490553132,3.58351893845611,2.9444389791664403,2.3978952727983707,1.9459101490553132
Cell_0944,200-Year (Mature),200,Central Cambial Stem Cells (WOX4+),0.30505330486741733,0,30,28,4,6,11,11,35,12,33,21,2,3,1,19,16,9,4,3.4339872044851463,3.367295829986474,1.6094379124341003,1.9459101490553132,2.4849066497880004,2.4849066497880004,3.58351893845611,2.5649493574615367,3.5263605246161616,3.091042453358316,1.0986122886681096,1.3862943611198906,0.6931471805599453,2.995732273553991,2.833213344056216,2.302585092994046,1.6094379124341003
Cell_0945,200-Year (Mature),200,Central Cambial Stem Cells (WOX4+),0.4546153611588307,0,21,29,7,1,22,11,16,14,36,9,5,2,1,20,17,18,12,3.091042453358316,3.4011973816621555,2.0794415416798357,0.6931471805599453,3.1354942159291497,2.4849066497880004,2.833213344056216,2.70805020110221,3.6109179126442243,2.302585092994046,1.791759469228055,1.0986122886681096,0.6931471805599453,3.044522437723423,2.8903717578961645,2.9444389791664403,2.5649493574615367
Cell_0946,200-Year (Mature),200,Central Cambial Stem Cells (WOX4+),0.1449583914515385,3,44,35,24,4,11,11,50,24,27,11,2,0,4,41,27,17,0,3.8066624897703196,3.58351893845611,3.2188758248682006,1.6094379124341003,2.4849066497880004,2.4849066497880004,3.9318256327243257,3.2188758248682006,3.332204510175204,2.4849066497880004,1.0986122886681096,0.0,1.6094379124341003,3.7376696182833684,3.332204510175204,2.8903717578961645,0.0
Cell_0947,200-Year (Mature),200,Central Cambial Stem Cells (WOX4+),0.057032324826865224,3,49,14,3,10,15,7,27,23,43,20,0,3,3,19,11,11,2,3.912023005428146,2.70805020110221,1.3862943611198906,2.3978952727983707,2.772588722239781,2.0794415416798357,3.332204510175204,3.1780538303479458,3.784189633918261,3.044522437723423,0.0,1.3862943611198906,1.3862943611198906,2.995732273553991,2.4849066497880004,2.4849066497880004,1.0986122886681096
Cell_0948,200-Year (Mature),200,Central Cambial Stem Cells (WOX4+),0.15949331991578367,1,31,28,7,1,16,6,26,11,55,25,9,0,10,31,16,18,8,3.4657359027997265,3.367295829986474,2.0794415416798357,0.6931471805599453,2.833213344056216,1.9459101490553132,3.295836866004329,2.4849066497880004,4.02535169073515,3.258096538021482,2.302585092994046,0.0,2.3978952727983707,3.4657359027997265,2.833213344056216,2.9444389791664403,2.1972245773362196
Cell_0949,200-Year (Mature),200,Central Cambial Stem Cells (WOX4+),0.2950528942289886,2,26,27,2,2,7,22,19,11,28,16,4,3,8,25,21,7,3,3.295836866004329,3.332204510175204,1.0986122886681096,1.0986122886681096,2.0794415416798357,3.1354942159291497,2.995732273553991,2.4849066497880004,3.367295829986474,2.833213344056216,1.6094379124341003,1.3862943611198906,2.1972245773362196,3.258096538021482,3.091042453358316,2.0794415416798357,1.3862943611198906
Cell_0950,200-Year (Mature),200,Central Cambial Stem Cells (WOX4+),0.41419674874281404,5,30,31,10,8,5,2,40,15,24,7,6,5,3,15,19,13,2,3.4339872044851463,3.4657359027997265,2.3978952727983707,2.1972245773362196,1.791759469228055,1.0986122886681096,3.713572066704308,2.772588722239781,3.2188758248682006,2.0794415416798357,1.9459101490553132,1.791759469228055,1.3862943611198906,2.772588722239781,2.995732273553991,2.639057329615259,1.0986122886681096
Cell_0951,200-Year (Mature),200,Central Cambial Stem Cells (WOX4+),0.14565062861613087,6,25,12,9,5,11,4,14,21,34,24,1,4,1,16,27,13,5,3.258096538021482,2.5649493574615367,2.302585092994046,1.791759469228055,2.4849066497880004,1.6094379124341003,2.70805020110221,3.091042453358316,3.5553480614894135,3.2188758248682006,0.6931471805599453,1.6094379124341003,0.6931471805599453,2.833213344056216,3.332204510175204,2.639057329615259,1.791759469228055
Cell_0952,200-Year (Mature),200,Central Cambial Stem Cells (WOX4+),0.18466134385520586,1,58,41,21,10,9,8,21,13,38,10,5,5,6,42,10,6,2,4.07753744390572,3.7376696182833684,3.091042453358316,2.3978952727983707,2.302585092994046,2.1972245773362196,3.091042453358316,2.639057329615259,3.6635616461296463,2.3978952727983707,1.791759469228055,1.791759469228055,1.9459101490553132,3.7612001156935624,2.3978952727983707,1.9459101490553132,1.0986122886681096
Cell_0953,200-Year (Mature),200,Central Cambial Stem Cells (WOX4+),0.4110490225250105,1,51,27,9,14,21,12,31,24,25,16,6,5,8,26,33,9,3,3.9512437185814275,3.332204510175204,2.302585092994046,2.70805020110221,3.091042453358316,2.5649493574615367,3.4657359027997265,3.2188758248682006,3.258096538021482,2.833213344056216,1.9459101490553132,1.791759469228055,2.1972245773362196,3.295836866004329,3.5263605246161616,2.302585092994046,1.3862943611198906
Cell_0954,200-Year (Mature),200,Central Cambial Stem Cells (WOX4+),0.35796739558242496,5,25,21,11,5,10,2,27,12,32,10,1,2,3,21,15,9,6,3.258096538021482,3.091042453358316,2.4849066497880004,1.791759469228055,2.3978952727983707,1.0986122886681096,3.332204510175204,2.5649493574615367,3.4965075614664802,2.3978952727983707,0.6931471805599453,1.0986122886681096,1.3862943611198906,3.091042453358316,2.772588722239781,2.302585092994046,1.9459101490553132
Cell_0955,200-Year (Mature),200,Central Cambial Stem Cells (WOX4+),0.14874035819697573,1,26,25,0,2,15,8,17,16,36,18,1,6,2,26,22,14,8,3.295836866004329,3.258096538021482,0.0,1.0986122886681096,2.772588722239781,2.1972245773362196,2.8903717578961645,2.833213344056216,3.6109179126442243,2.9444389791664403,0.6931471805599453,1.9459101490553132,1.0986122886681096,3.295836866004329,3.1354942159291497,2.70805020110221,2.1972245773362196
Cell_0956,200-Year (Mature),200,Central Cambial Stem Cells (WOX4+),0.15456090496076202,5,34,35,19,6,22,20,50,22,41,6,1,2,3,27,14,15,4,3.5553480614894135,3.58351893845611,2.995732273553991,1.9459101490553132,3.1354942159291497,3.044522437723423,3.9318256327243257,3.1354942159291497,3.7376696182833684,1.9459101490553132,0.6931471805599453,1.0986122886681096,1.3862943611198906,3.332204510175204,2.70805020110221,2.772588722239781,1.6094379124341003
Cell_0957,200-Year (Mature),200,Central Cambial Stem Cells (WOX4+),0.2340729014925342,5,30,22,8,13,24,17,34,19,42,17,2,2,9,36,20,13,2,3.4339872044851463,3.1354942159291497,2.1972245773362196,2.639057329615259,3.2188758248682006,2.8903717578961645,3.5553480614894135,2.995732273553991,3.7612001156935624,2.8903717578961645,1.0986122886681096,1.0986122886681096,2.302585092994046,3.6109179126442243,3.044522437723423,2.639057329615259,1.0986122886681096
Cell_0958,200-Year (Mature),200,Central Cambial Stem Cells (WOX4+),0.21837028907454814,2,44,32,2,6,18,2,37,31,28,20,4,9,1,23,22,21,3,3.8066624897703196,3.4965075614664802,1.0986122886681096,1.9459101490553132,2.9444389791664403,1.0986122886681096,3.6375861597263857,3.4657359027997265,3.367295829986474,3.044522437723423,1.6094379124341003,2.302585092994046,0.6931471805599453,3.1780538303479458,3.1354942159291497,3.091042453358316,1.3862943611198906
Cell_0959,200-Year (Mature),200,Central Cambial Stem Cells (WOX4+),0.15899683021944577,5,32,14,18,4,14,23,26,21,49,8,6,5,7,19,10,6,4,3.4965075614664802,2.70805020110221,2.9444389791664403,1.6094379124341003,2.70805020110221,3.1780538303479458,3.295836866004329,3.091042453358316,3.912023005428146,2.1972245773362196,1.9459101490553132,1.791759469228055,2.0794415416798357,2.995732273553991,2.3978952727983707,1.9459101490553132,1.6094379124341003
Cell_0960,200-Year (Mature),200,Central Cambial Stem Cells (WOX4+),0.5991222391052448,3,25,33,12,4,21,7,41,13,43,12,5,1,4,12,13,9,0,3.258096538021482,3.5263605246161616,2.5649493574615367,1.6094379124341003,3.091042453358316,2.0794415416798357,3.7376696182833684,2.639057329615259,3.784189633918261,2.5649493574615367,1.791759469228055,0.6931471805599453,1.6094379124341003,2.5649493574615367,2.639057329615259,2.302585092994046,0.0
Cell_0961,200-Year (Mature),200,Central Cambial Stem Cells (WOX4+),0.19965913626033316,2,26,19,16,8,18,7,25,25,35,11,3,6,3,17,9,5,5,3.295836866004329,2.995732273553991,2.833213344056216,2.1972245773362196,2.9444389791664403,2.0794415416798357,3.258096538021482,3.258096538021482,3.58351893845611,2.4849066497880004,1.3862943611198906,1.9459101490553132,1.3862943611198906,2.8903717578961645,2.302585092994046,1.791759469228055,1.791759469228055
Cell_0962,200-Year (Mature),200,Central Cambial Stem Cells (WOX4+),0.4674088039974217,8,37,32,18,2,22,12,38,38,30,12,7,4,4,19,24,6,7,3.6375861597263857,3.4965075614664802,2.9444389791664403,1.0986122886681096,3.1354942159291497,2.5649493574615367,3.6635616461296463,3.6635616461296463,3.4339872044851463,2.5649493574615367,2.0794415416798357,1.6094379124341003,1.6094379124341003,2.995732273553991,3.2188758248682006,1.9459101490553132,2.0794415416798357
Cell_0963,200-Year (Mature),200,Central Cambial Stem Cells (WOX4+),0.0496332992106071,2,23,20,15,6,11,12,38,38,49,21,2,1,7,24,29,14,5,3.1780538303479458,3.044522437723423,2.772588722239781,1.9459101490553132,2.4849066497880004,2.5649493574615367,3.6635616461296463,3.6635616461296463,3.912023005428146,3.091042453358316,1.0986122886681096,0.6931471805599453,2.0794415416798357,3.2188758248682006,3.4011973816621555,2.70805020110221,1.791759469228055
Cell_0964,200-Year (Mature),200,Central Cambial Stem Cells (WOX4+),0.2598701119292391,5,25,24,28,8,23,9,20,10,34,6,2,6,3,22,19,16,6,3.258096538021482,3.2188758248682006,3.367295829986474,2.1972245773362196,3.1780538303479458,2.302585092994046,3.044522437723423,2.3978952727983707,3.5553480614894135,1.9459101490553132,1.0986122886681096,1.9459101490553132,1.3862943611198906,3.1354942159291497,2.995732273553991,2.833213344056216,1.9459101490553132
Cell_0965,200-Year (Mature),200,Central Cambial Stem Cells (WOX4+),0.33811330851645155,2,58,13,10,6,16,10,44,20,49,23,10,0,1,32,15,10,0,4.07753744390572,2.639057329615259,2.3978952727983707,1.9459101490553132,2.833213344056216,2.3978952727983707,3.8066624897703196,3.044522437723423,3.912023005428146,3.1780538303479458,2.3978952727983707,0.0,0.6931471805599453,3.4965075614664802,2.772588722239781,2.3978952727983707,0.0
Cell_0966,200-Year (Mature),200,Central Cambial Stem Cells (WOX4+),0.2754376510017482,1,30,23,8,3,13,9,20,24,20,21,0,2,3,14,15,7,5,3.4339872044851463,3.1780538303479458,2.1972245773362196,1.3862943611198906,2.639057329615259,2.302585092994046,3.044522437723423,3.2188758248682006,3.044522437723423,3.091042453358316,0.0,1.0986122886681096,1.3862943611198906,2.70805020110221,2.772588722239781,2.0794415416798357,1.791759469228055
Cell_0967,200-Year (Mature),200,Central Cambial Stem Cells (WOX4+),0.3725264039345946,3,30,31,6,5,17,9,25,36,31,21,5,0,3,20,21,21,3,3.4339872044851463,3.4657359027997265,1.9459101490553132,1.791759469228055,2.8903717578961645,2.302585092994046,3.258096538021482,3.6109179126442243,3.4657359027997265,3.091042453358316,1.791759469228055,0.0,1.3862943611198906,3.044522437723423,3.091042453358316,3.091042453358316,1.3862943611198906
Cell_0968,200-Year (Mature),200,Central Cambial Stem Cells (WOX4+),0.48530032424295244,7,34,30,20,2,17,13,35,16,28,7,1,0,2,12,19,7,5,3.5553480614894135,3.4339872044851463,3.044522437723423,1.0986122886681096,2.8903717578961645,2.639057329615259,3.58351893845611,2.833213344056216,3.367295829986474,2.0794415416798357,0.6931471805599453,0.0,1.0986122886681096,2.5649493574615367,2.995732273553991,2.0794415416798357,1.791759469228055
Cell_0969,200-Year (Mature),200,Central Cambial Stem Cells (WOX4+),0.034858175180277604,3,46,38,16,8,16,14,16,20,42,6,1,2,9,15,18,12,2,3.8501476017100584,3.6635616461296463,2.833213344056216,2.1972245773362196,2.833213344056216,2.70805020110221,2.833213344056216,3.044522437723423,3.7612001156935624,1.9459101490553132,0.6931471805599453,1.0986122886681096,2.302585092994046,2.772588722239781,2.9444389791664403,2.5649493574615367,1.0986122886681096
Cell_0970,200-Year (Mature),200,Central Cambial Stem Cells (WOX4+),0.27725546424297415,3,27,33,9,4,25,5,45,12,31,17,7,4,5,14,33,19,1,3.332204510175204,3.5263605246161616,2.302585092994046,1.6094379124341003,3.258096538021482,1.791759469228055,3.828641396489095,2.5649493574615367,3.4657359027997265,2.8903717578961645,2.0794415416798357,1.6094379124341003,1.791759469228055,2.70805020110221,3.5263605246161616,2.995732273553991,0.6931471805599453
Cell_0971,200-Year (Mature),200,Central Cambial Stem Cells (WOX4+),0.4283754935946314,3,30,11,8,5,10,14,26,36,33,14,2,1,4,19,24,12,6,3.4339872044851463,2.4849066497880004,2.1972245773362196,1.791759469228055,2.3978952727983707,2.70805020110221,3.295836866004329,3.6109179126442243,3.5263605246161616,2.70805020110221,1.0986122886681096,0.6931471805599453,1.6094379124341003,2.995732273553991,3.2188758248682006,2.5649493574615367,1.9459101490553132
Cell_0972,200-Year (Mature),200,Central Cambial Stem Cells (WOX4+),0.13094788637501675,4,52,19,9,5,15,22,31,29,25,11,2,2,4,17,27,21,10,3.970291913552122,2.995732273553991,2.302585092994046,1.791759469228055,2.772588722239781,3.1354942159291497,3.4657359027997265,3.4011973816621555,3.258096538021482,2.4849066497880004,1.0986122886681096,1.0986122886681096,1.6094379124341003,2.8903717578961645,3.332204510175204,3.091042453358316,2.3978952727983707
Cell_0973,200-Year (Mature),200,Central Cambial Stem Cells (WOX4+),0.17180259007737925,5,60,27,11,4,32,13,39,28,43,13,3,1,5,17,14,12,3,4.110873864173311,3.332204510175204,2.4849066497880004,1.6094379124341003,3.4965075614664802,2.639057329615259,3.6888794541139363,3.367295829986474,3.784189633918261,2.639057329615259,1.3862943611198906,0.6931471805599453,1.791759469228055,2.8903717578961645,2.70805020110221,2.5649493574615367,1.3862943611198906
Cell_0974,200-Year (Mature),200,Central Cambial Stem Cells (WOX4+),0.4425639245547461,4,29,14,6,8,13,9,21,22,25,27,3,0,4,27,17,8,0,3.4011973816621555,2.70805020110221,1.9459101490553132,2.1972245773362196,2.639057329615259,2.302585092994046,3.091042453358316,3.1354942159291497,3.258096538021482,3.332204510175204,1.3862943611198906,0.0,1.6094379124341003,3.332204510175204,2.8903717578961645,2.1972245773362196,0.0
Cell_0975,200-Year (Mature),200,Central Cambial Stem Cells (WOX4+),0.04650294787699408,3,29,19,19,7,17,6,26,30,64,15,5,0,1,27,18,9,4,3.4011973816621555,2.995732273553991,2.995732273553991,2.0794415416798357,2.8903717578961645,1.9459101490553132,3.295836866004329,3.4339872044851463,4.174387269895637,2.772588722239781,1.791759469228055,0.0,0.6931471805599453,3.332204510175204,2.9444389791664403,2.302585092994046,1.6094379124341003
Cell_0976,200-Year (Mature),200,Central Cambial Stem Cells (WOX4+),0.170515180606257,3,8,25,21,3,16,6,19,15,28,16,8,2,8,17,17,17,8,2.1972245773362196,3.258096538021482,3.091042453358316,1.3862943611198906,2.833213344056216,1.9459101490553132,2.995732273553991,2.772588722239781,3.367295829986474,2.833213344056216,2.1972245773362196,1.0986122886681096,2.1972245773362196,2.8903717578961645,2.8903717578961645,2.8903717578961645,2.1972245773362196
Cell_0977,200-Year (Mature),200,Central Cambial Stem Cells (WOX4+),0.5288422183172617,3,25,19,18,5,8,14,17,14,41,12,1,3,2,13,20,14,6,3.258096538021482,2.995732273553991,2.9444389791664403,1.791759469228055,2.1972245773362196,2.70805020110221,2.8903717578961645,2.70805020110221,3.7376696182833684,2.5649493574615367,0.6931471805599453,1.3862943611198906,1.0986122886681096,2.639057329615259,3.044522437723423,2.70805020110221,1.9459101490553132
Cell_0978,200-Year (Mature),200,Central Cambial Stem Cells (WOX4+),0.30137771811019554,7,34,21,15,9,9,12,33,18,36,5,6,4,2,20,31,20,1,3.5553480614894135,3.091042453358316,2.772588722239781,2.302585092994046,2.302585092994046,2.5649493574615367,3.5263605246161616,2.9444389791664403,3.6109179126442243,1.791759469228055,1.9459101490553132,1.6094379124341003,1.0986122886681096,3.044522437723423,3.4657359027997265,3.044522437723423,0.6931471805599453
Cell_0979,200-Year (Mature),200,Central Cambial Stem Cells (WOX4+),0.13243584882964837,1,28,14,8,3,6,9,26,24,44,5,1,7,6,14,11,7,5,3.367295829986474,2.70805020110221,2.1972245773362196,1.3862943611198906,1.9459101490553132,2.302585092994046,3.295836866004329,3.2188758248682006,3.8066624897703196,1.791759469228055,0.6931471805599453,2.0794415416798357,1.9459101490553132,2.70805020110221,2.4849066497880004,2.0794415416798357,1.791759469228055
Cell_0980,200-Year (Mature),200,Central Cambial Stem Cells (WOX4+),0.0758427872785066,5,49,15,14,7,12,15,27,34,30,9,3,1,0,14,27,11,5,3.912023005428146,2.772588722239781,2.70805020110221,2.0794415416798357,2.5649493574615367,2.772588722239781,3.332204510175204,3.5553480614894135,3.4339872044851463,2.302585092994046,1.3862943611198906,0.6931471805599453,0.0,2.70805020110221,3.332204510175204,2.4849066497880004,1.791759469228055
Cell_0981,200-Year (Mature),200,Central Cambial Stem Cells (WOX4+),0.007202367291959856,4,27,31,13,7,22,12,26,25,51,11,6,4,1,34,16,19,3,3.332204510175204,3.4657359027997265,2.639057329615259,2.0794415416798357,3.1354942159291497,2.5649493574615367,3.295836866004329,3.258096538021482,3.9512437185814275,2.4849066497880004,1.9459101490553132,1.6094379124341003,0.6931471805599453,3.5553480614894135,2.833213344056216,2.995732273553991,1.3862943611198906
Cell_0982,200-Year (Mature),200,Central Cambial Stem Cells (WOX4+),0.4234799549917942,4,28,28,12,2,14,10,20,21,38,27,6,2,6,18,8,12,2,3.367295829986474,3.367295829986474,2.5649493574615367,1.0986122886681096,2.70805020110221,2.3978952727983707,3.044522437723423,3.091042453358316,3.6635616461296463,3.332204510175204,1.9459101490553132,1.0986122886681096,1.9459101490553132,2.9444389791664403,2.1972245773362196,2.5649493574615367,1.0986122886681096
Cell_0983,200-Year (Mature),200,Central Cambial Stem Cells (WOX4+),0.45703414103936824,3,36,24,10,4,16,6,17,52,44,16,6,4,1,15,27,19,6,3.6109179126442243,3.2188758248682006,2.3978952727983707,1.6094379124341003,2.833213344056216,1.9459101490553132,2.8903717578961645,3.970291913552122,3.8066624897703196,2.833213344056216,1.9459101490553132,1.6094379124341003,0.6931471805599453,2.772588722239781,3.332204510175204,2.995732273553991,1.9459101490553132
Cell_0984,200-Year (Mature),200,Central Cambial Stem Cells (WOX4+),0.38416847750976507,6,48,24,11,2,13,18,16,18,53,13,12,0,5,19,25,23,3,3.8918202981106265,3.2188758248682006,2.4849066497880004,1.0986122886681096,2.639057329615259,2.9444389791664403,2.833213344056216,2.9444389791664403,3.9889840465642745,2.639057329615259,2.5649493574615367,0.0,1.791759469228055,2.995732273553991,3.258096538021482,3.1780538303479458,1.3862943611198906
Cell_0985,200-Year (Mature),200,Central Cambial Stem Cells (WOX4+),0.07428719283882594,1,25,15,25,3,13,4,33,24,31,19,5,3,6,19,21,23,2,3.258096538021482,2.772588722239781,3.258096538021482,1.3862943611198906,2.639057329615259,1.6094379124341003,3.5263605246161616,3.2188758248682006,3.4657359027997265,2.995732273553991,1.791759469228055,1.3862943611198906,1.9459101490553132,2.995732273553991,3.091042453358316,3.1780538303479458,1.0986122886681096
Cell_0986,200-Year (Mature),200,Central Cambial Stem Cells (WOX4+),0.4101247376937935,0,46,22,9,6,8,3,29,20,21,11,2,4,3,19,22,7,11,3.8501476017100584,3.1354942159291497,2.302585092994046,1.9459101490553132,2.1972245773362196,1.3862943611198906,3.4011973816621555,3.044522437723423,3.091042453358316,2.4849066497880004,1.0986122886681096,1.6094379124341003,1.3862943611198906,2.995732273553991,3.1354942159291497,2.0794415416798357,2.4849066497880004
Cell_0987,200-Year (Mature),200,Central Cambial Stem Cells (WOX4+),0.6025700476879676,1,43,35,11,1,12,9,29,18,27,17,3,1,0,22,34,15,5,3.784189633918261,3.58351893845611,2.4849066497880004,0.6931471805599453,2.5649493574615367,2.302585092994046,3.4011973816621555,2.9444389791664403,3.332204510175204,2.8903717578961645,1.3862943611198906,0.6931471805599453,0.0,3.1354942159291497,3.5553480614894135,2.772588722239781,1.791759469228055
Cell_0988,200-Year (Mature),200,Central Cambial Stem Cells (WOX4+),0.042757223227553515,0,15,32,19,5,11,12,25,24,28,7,2,5,2,12,19,7,7,2.772588722239781,3.4965075614664802,2.995732273553991,1.791759469228055,2.4849066497880004,2.5649493574615367,3.258096538021482,3.2188758248682006,3.367295829986474,2.0794415416798357,1.0986122886681096,1.791759469228055,1.0986122886681096,2.5649493574615367,2.995732273553991,2.0794415416798357,2.0794415416798357
Cell_0989,200-Year (Mature),200,Central Cambial Stem Cells (WOX4+),0.11294412727028984,2,51,28,4,9,13,8,26,21,26,8,5,0,3,18,20,10,4,3.9512437185814275,3.367295829986474,1.6094379124341003,2.302585092994046,2.639057329615259,2.1972245773362196,3.295836866004329,3.091042453358316,3.295836866004329,2.1972245773362196,1.791759469228055,0.0,1.3862943611198906,2.9444389791664403,3.044522437723423,2.3978952727983707,1.6094379124341003
Cell_0990,200-Year (Mature),200,Central Cambial Stem Cells (WOX4+),0.07006520362749907,5,44,17,7,6,14,8,27,25,40,17,4,5,12,17,16,8,5,3.8066624897703196,2.8903717578961645,2.0794415416798357,1.9459101490553132,2.70805020110221,2.1972245773362196,3.332204510175204,3.258096538021482,3.713572066704308,2.8903717578961645,1.6094379124341003,1.791759469228055,2.5649493574615367,2.8903717578961645,2.833213344056216,2.1972245773362196,1.791759469228055
Cell_0991,200-Year (Mature),200,Central Cambial Stem Cells (WOX4+),0.022187934552918953,6,41,17,5,7,15,6,30,9,21,3,1,0,3,25,26,12,6,3.7376696182833684,2.8903717578961645,1.791759469228055,2.0794415416798357,2.772588722239781,1.9459101490553132,3.4339872044851463,2.302585092994046,3.091042453358316,1.3862943611198906,0.6931471805599453,0.0,1.3862943611198906,3.258096538021482,3.295836866004329,2.5649493574615367,1.9459101490553132
Cell_0992,200-Year (Mature),200,Central Cambial Stem Cells (WOX4+),0.20149395763932412,4,44,32,13,12,3,17,17,19,27,16,1,1,4,27,8,18,14,3.8066624897703196,3.4965075614664802,2.639057329615259,2.5649493574615367,1.3862943611198906,2.8903717578961645,2.8903717578961645,2.995732273553991,3.332204510175204,2.833213344056216,0.6931471805599453,0.6931471805599453,1.6094379124341003,3.332204510175204,2.1972245773362196,2.9444389791664403,2.70805020110221
Cell_0993,200-Year (Mature),200,Central Cambial Stem Cells (WOX4+),0.31961865629660197,0,28,17,14,7,12,15,24,25,34,15,12,2,1,27,19,18,5,3.367295829986474,2.8903717578961645,2.70805020110221,2.0794415416798357,2.5649493574615367,2.772588722239781,3.2188758248682006,3.258096538021482,3.5553480614894135,2.772588722239781,2.5649493574615367,1.0986122886681096,0.6931471805599453,3.332204510175204,2.995732273553991,2.9444389791664403,1.791759469228055
Cell_0994,200-Year (Mature),200,Central Cambial Stem Cells (WOX4+),0.3083300832109505,2,35,18,11,4,17,25,23,10,60,21,1,0,4,27,39,22,4,3.58351893845611,2.9444389791664403,2.4849066497880004,1.6094379124341003,2.8903717578961645,3.258096538021482,3.1780538303479458,2.3978952727983707,4.110873864173311,3.091042453358316,0.6931471805599453,0.0,1.6094379124341003,3.332204510175204,3.6888794541139363,3.1354942159291497,1.6094379124341003
Cell_0995,200-Year (Mature),200,Central Cambial Stem Cells (WOX4+),0.12466720530405023,3,21,30,13,4,13,10,22,23,32,10,3,3,4,15,19,10,13,3.091042453358316,3.4339872044851463,2.639057329615259,1.6094379124341003,2.639057329615259,2.3978952727983707,3.1354942159291497,3.1780538303479458,3.4965075614664802,2.3978952727983707,1.3862943611198906,1.3862943611198906,1.6094379124341003,2.772588722239781,2.995732273553991,2.3978952727983707,2.639057329615259
Cell_0996,200-Year (Mature),200,Central Cambial Stem Cells (WOX4+),0.14048594343110637,6,31,31,11,5,15,4,18,14,54,22,5,4,2,29,10,9,5,3.4657359027997265,3.4657359027997265,2.4849066497880004,1.791759469228055,2.772588722239781,1.6094379124341003,2.9444389791664403,2.70805020110221,4.007333185232471,3.1354942159291497,1.791759469228055,1.6094379124341003,1.0986122886681096,3.4011973816621555,2.3978952727983707,2.302585092994046,1.791759469228055
Cell_0997,200-Year (Mature),200,Central Cambial Stem Cells (WOX4+),0.11944640216127095,1,41,34,7,6,21,17,12,13,67,21,7,1,0,24,21,9,4,3.7376696182833684,3.5553480614894135,2.0794415416798357,1.9459101490553132,3.091042453358316,2.8903717578961645,2.5649493574615367,2.639057329615259,4.219507705176107,3.091042453358316,2.0794415416798357,0.6931471805599453,0.0,3.2188758248682006,3.091042453358316,2.302585092994046,1.6094379124341003
Cell_0998,200-Year (Mature),200,Central Cambial Stem Cells (WOX4+),0.22858402603455918,2,48,56,10,8,19,9,27,27,25,14,3,2,7,32,28,12,5,3.8918202981106265,4.04305126783455,2.3978952727983707,2.1972245773362196,2.995732273553991,2.302585092994046,3.332204510175204,3.332204510175204,3.258096538021482,2.70805020110221,1.3862943611198906,1.0986122886681096,2.0794415416798357,3.4965075614664802,3.367295829986474,2.5649493574615367,1.791759469228055
Cell_0999,200-Year (Mature),200,Central Cambial Stem Cells (WOX4+),0.32330509470857666,2,37,40,9,5,14,6,24,24,45,15,1,2,2,27,28,7,5,3.6375861597263857,3.713572066704308,2.302585092994046,1.791759469228055,2.70805020110221,1.9459101490553132,3.2188758248682006,3.2188758248682006,3.828641396489095,2.772588722239781,0.6931471805599453,1.0986122886681096,1.0986122886681096,3.332204510175204,3.367295829986474,2.0794415416798357,1.791759469228055
Cell_1000,200-Year (Mature),200,Central Cambial Stem Cells (WOX4+),0.4866682320201441,5,37,46,8,5,21,3,25,56,75,16,3,1,0,20,13,25,6,3.6375861597263857,3.8501476017100584,2.1972245773362196,1.791759469228055,3.091042453358316,1.3862943611198906,3.258096538021482,4.04305126783455,4.330733340286331,2.833213344056216,1.3862943611198906,0.6931471805599453,0.0,3.044522437723423,2.639057329615259,3.258096538021482,1.9459101490553132
Cell_1001,200-Year (Mature),200,Developing Secondary Xylem (VND6/7+),0.41919306199027606,42,2,8,0,0,5,1,14,23,39,20,6,2,4,1,6,17,5,1.0986122886681096,2.1972245773362196,0.0,0.0,1.791759469228055,0.6931471805599453,2.70805020110221,3.1780538303479458,3.6888794541139363,3.044522437723423,1.9459101490553132,1.0986122886681096,1.6094379124341003,0.6931471805599453,1.9459101490553132,2.8903717578961645,1.791759469228055
Cell_1002,200-Year (Mature),200,Developing Secondary Xylem (VND6/7+),0.7981791952474941,30,3,4,0,0,1,1,16,20,43,8,4,2,3,0,10,15,4,1.3862943611198906,1.6094379124341003,0.0,0.0,0.6931471805599453,0.6931471805599453,2.833213344056216,3.044522437723423,3.784189633918261,2.1972245773362196,1.6094379124341003,1.0986122886681096,1.3862943611198906,0.0,2.3978952727983707,2.772588722239781,1.6094379124341003
Cell_1003,200-Year (Mature),200,Developing Secondary Xylem (VND6/7+),0.746795853287402,38,2,3,0,0,0,0,32,22,69,26,6,7,2,6,9,9,13,1.0986122886681096,1.3862943611198906,0.0,0.0,0.0,0.0,3.4965075614664802,3.1354942159291497,4.248495242049359,3.295836866004329,1.9459101490553132,2.0794415416798357,1.0986122886681096,1.9459101490553132,2.302585092994046,2.302585092994046,2.639057329615259
Cell_1004,200-Year (Mature),200,Developing Secondary Xylem (VND6/7+),0.4934108700068244,31,2,1,0,0,3,0,10,18,53,8,2,4,2,0,5,10,1,1.0986122886681096,0.6931471805599453,0.0,0.0,1.3862943611198906,0.0,2.3978952727983707,2.9444389791664403,3.9889840465642745,2.1972245773362196,1.0986122886681096,1.6094379124341003,1.0986122886681096,0.0,1.791759469228055,2.3978952727983707,0.6931471805599453
Cell_1005,200-Year (Mature),200,Developing Secondary Xylem (VND6/7+),0.845339681942637,38,4,4,1,0,1,2,33,21,34,16,3,0,6,0,0,9,6,1.6094379124341003,1.6094379124341003,0.6931471805599453,0.0,0.6931471805599453,1.0986122886681096,3.5263605246161616,3.091042453358316,3.5553480614894135,2.833213344056216,1.3862943611198906,0.0,1.9459101490553132,0.0,0.0,2.302585092994046,1.9459101490553132
Cell_1006,200-Year (Mature),200,Developing Secondary Xylem (VND6/7+),0.801896501600345,37,1,0,1,0,1,2,22,14,40,19,10,5,0,0,4,17,2,0.6931471805599453,0.0,0.6931471805599453,0.0,0.6931471805599453,1.0986122886681096,3.1354942159291497,2.70805020110221,3.713572066704308,2.995732273553991,2.3978952727983707,1.791759469228055,0.0,0.0,1.6094379124341003,2.8903717578961645,1.0986122886681096
Cell_1007,200-Year (Mature),200,Developing Secondary Xylem (VND6/7+),0.5493317468884844,40,1,7,0,0,5,0,40,13,41,15,0,3,1,0,15,7,6,0.6931471805599453,2.0794415416798357,0.0,0.0,1.791759469228055,0.0,3.713572066704308,2.639057329615259,3.7376696182833684,2.772588722239781,0.0,1.3862943611198906,0.6931471805599453,0.0,2.772588722239781,2.0794415416798357,1.9459101490553132
Cell_1008,200-Year (Mature),200,Developing Secondary Xylem (VND6/7+),0.8247846846005286,42,0,3,0,1,3,0,23,32,40,13,2,1,3,1,4,8,3,0.0,1.3862943611198906,0.0,0.6931471805599453,1.3862943611198906,0.0,3.1780538303479458,3.4965075614664802,3.713572066704308,2.639057329615259,1.0986122886681096,0.6931471805599453,1.3862943611198906,0.6931471805599453,1.6094379124341003,2.1972245773362196,1.3862943611198906
Cell_1009,200-Year (Mature),200,Developing Secondary Xylem (VND6/7+),0.7744784784573641,27,0,0,0,0,2,3,34,21,40,20,9,2,4,0,3,6,4,0.0,0.0,0.0,0.0,1.0986122886681096,1.3862943611198906,3.5553480614894135,3.091042453358316,3.713572066704308,3.044522437723423,2.302585092994046,1.0986122886681096,1.6094379124341003,0.0,1.3862943611198906,1.9459101490553132,1.6094379124341003
Cell_1010,200-Year (Mature),200,Developing Secondary Xylem (VND6/7+),0.9355818432290955,29,0,2,0,0,2,1,30,36,41,22,9,4,5,1,10,15,4,0.0,1.0986122886681096,0.0,0.0,1.0986122886681096,0.6931471805599453,3.4339872044851463,3.6109179126442243,3.7376696182833684,3.1354942159291497,2.302585092994046,1.6094379124341003,1.791759469228055,0.6931471805599453,2.3978952727983707,2.772588722239781,1.6094379124341003
Cell_1011,200-Year (Mature),200,Developing Secondary Xylem (VND6/7+),0.7281845296684647,25,7,3,1,0,2,0,12,24,32,12,2,2,2,3,6,13,6,2.0794415416798357,1.3862943611198906,0.6931471805599453,0.0,1.0986122886681096,0.0,2.5649493574615367,3.2188758248682006,3.4965075614664802,2.5649493574615367,1.0986122886681096,1.0986122886681096,1.0986122886681096,1.3862943611198906,1.9459101490553132,2.639057329615259,1.9459101490553132
Cell_1012,200-Year (Mature),200,Developing Secondary Xylem (VND6/7+),0.45713052866248677,43,1,0,0,0,3,1,17,15,30,15,1,9,2,0,9,11,3,0.6931471805599453,0.0,0.0,0.0,1.3862943611198906,0.6931471805599453,2.8903717578961645,2.772588722239781,3.4339872044851463,2.772588722239781,0.6931471805599453,2.302585092994046,1.0986122886681096,0.0,2.302585092994046,2.4849066497880004,1.3862943611198906
Cell_1013,200-Year (Mature),200,Developing Secondary Xylem (VND6/7+),0.6837623064922238,33,4,0,1,0,3,3,39,22,30,17,3,4,10,2,9,22,9,1.6094379124341003,0.0,0.6931471805599453,0.0,1.3862943611198906,1.3862943611198906,3.6888794541139363,3.1354942159291497,3.4339872044851463,2.8903717578961645,1.3862943611198906,1.6094379124341003,2.3978952727983707,1.0986122886681096,2.302585092994046,3.1354942159291497,2.302585092994046
Cell_1014,200-Year (Mature),200,Developing Secondary Xylem (VND6/7+),0.7139225151274778,33,3,0,0,1,0,0,28,28,50,25,2,2,1,0,6,8,2,1.3862943611198906,0.0,0.0,0.6931471805599453,0.0,0.0,3.367295829986474,3.367295829986474,3.9318256327243257,3.258096538021482,1.0986122886681096,1.0986122886681096,0.6931471805599453,0.0,1.9459101490553132,2.1972245773362196,1.0986122886681096
Cell_1015,200-Year (Mature),200,Developing Secondary Xylem (VND6/7+),0.7798247194932575,45,2,3,0,0,5,1,10,12,46,6,4,5,3,1,7,9,4,1.0986122886681096,1.3862943611198906,0.0,0.0,1.791759469228055,0.6931471805599453,2.3978952727983707,2.5649493574615367,3.8501476017100584,1.9459101490553132,1.6094379124341003,1.791759469228055,1.3862943611198906,0.6931471805599453,2.0794415416798357,2.302585092994046,1.6094379124341003
Cell_1016,200-Year (Mature),200,Developing Secondary Xylem (VND6/7+),0.8208679264218135,34,1,2,0,1,0,1,30,11,25,26,0,5,4,2,20,28,4,0.6931471805599453,1.0986122886681096,0.0,0.6931471805599453,0.0,0.6931471805599453,3.4339872044851463,2.4849066497880004,3.258096538021482,3.295836866004329,0.0,1.791759469228055,1.6094379124341003,1.0986122886681096,3.044522437723423,3.367295829986474,1.6094379124341003
Cell_1017,200-Year (Mature),200,Developing Secondary Xylem (VND6/7+),0.4098678946801382,41,2,8,0,0,2,4,25,31,32,15,8,1,3,1,14,13,4,1.0986122886681096,2.1972245773362196,0.0,0.0,1.0986122886681096,1.6094379124341003,3.258096538021482,3.4657359027997265,3.4965075614664802,2.772588722239781,2.1972245773362196,0.6931471805599453,1.3862943611198906,0.6931471805599453,2.70805020110221,2.639057329615259,1.6094379124341003
Cell_1018,200-Year (Mature),200,Developing Secondary Xylem (VND6/7+),0.9189213599653908,24,2,0,0,0,1,1,18,30,32,15,13,3,11,1,11,18,3,1.0986122886681096,0.0,0.0,0.0,0.6931471805599453,0.6931471805599453,2.9444389791664403,3.4339872044851463,3.4965075614664802,2.772588722239781,2.639057329615259,1.3862943611198906,2.4849066497880004,0.6931471805599453,2.4849066497880004,2.9444389791664403,1.3862943611198906
Cell_1019,200-Year (Mature),200,Developing Secondary Xylem (VND6/7+),0.8315611904043414,32,0,0,0,1,3,2,23,34,37,11,5,1,1,1,1,11,5,0.0,0.0,0.0,0.6931471805599453,1.3862943611198906,1.0986122886681096,3.1780538303479458,3.5553480614894135,3.6375861597263857,2.4849066497880004,1.791759469228055,0.6931471805599453,0.6931471805599453,0.6931471805599453,0.6931471805599453,2.4849066497880004,1.791759469228055
Cell_1020,200-Year (Mature),200,Developing Secondary Xylem (VND6/7+),0.44021165054193395,27,4,1,1,0,2,1,20,30,17,18,2,2,4,0,8,14,5,1.6094379124341003,0.6931471805599453,0.6931471805599453,0.0,1.0986122886681096,0.6931471805599453,3.044522437723423,3.4339872044851463,2.8903717578961645,2.9444389791664403,1.0986122886681096,1.0986122886681096,1.6094379124341003,0.0,2.1972245773362196,2.70805020110221,1.791759469228055
Cell_1021,200-Year (Mature),200,Developing Secondary Xylem (VND6/7+),0.7218334097321721,43,0,5,1,0,2,0,32,22,34,13,2,2,5,1,14,10,7,0.0,1.791759469228055,0.6931471805599453,0.0,1.0986122886681096,0.0,3.4965075614664802,3.1354942159291497,3.5553480614894135,2.639057329615259,1.0986122886681096,1.0986122886681096,1.791759469228055,0.6931471805599453,2.70805020110221,2.3978952727983707,2.0794415416798357
Cell_1022,200-Year (Mature),200,Developing Secondary Xylem (VND6/7+),0.8555918798468353,33,4,1,0,0,0,3,19,17,31,15,2,7,0,0,7,6,9,1.6094379124341003,0.6931471805599453,0.0,0.0,0.0,1.3862943611198906,2.995732273553991,2.8903717578961645,3.4657359027997265,2.772588722239781,1.0986122886681096,2.0794415416798357,0.0,0.0,2.0794415416798357,1.9459101490553132,2.302585092994046
Cell_1023,200-Year (Mature),200,Developing Secondary Xylem (VND6/7+),0.8933951827711692,34,3,2,3,0,0,0,25,8,47,13,4,1,1,1,5,19,2,1.3862943611198906,1.0986122886681096,1.3862943611198906,0.0,0.0,0.0,3.258096538021482,2.1972245773362196,3.8712010109078907,2.639057329615259,1.6094379124341003,0.6931471805599453,0.6931471805599453,0.6931471805599453,1.791759469228055,2.995732273553991,1.0986122886681096
Cell_1024,200-Year (Mature),200,Developing Secondary Xylem (VND6/7+),0.720219550475235,34,10,6,0,0,1,0,22,28,36,15,2,4,1,1,5,11,3,2.3978952727983707,1.9459101490553132,0.0,0.0,0.6931471805599453,0.0,3.1354942159291497,3.367295829986474,3.6109179126442243,2.772588722239781,1.0986122886681096,1.6094379124341003,0.6931471805599453,0.6931471805599453,1.791759469228055,2.4849066497880004,1.3862943611198906
Cell_1025,200-Year (Mature),200,Developing Secondary Xylem (VND6/7+),0.8528001260153066,39,4,6,0,0,3,0,29,17,42,16,4,9,1,0,16,14,0,1.6094379124341003,1.9459101490553132,0.0,0.0,1.3862943611198906,0.0,3.4011973816621555,2.8903717578961645,3.7612001156935624,2.833213344056216,1.6094379124341003,2.302585092994046,0.6931471805599453,0.0,2.833213344056216,2.70805020110221,0.0
Cell_1026,200-Year (Mature),200,Developing Secondary Xylem (VND6/7+),0.943594361174528,36,4,4,0,0,9,0,21,30,49,18,3,0,8,0,7,6,1,1.6094379124341003,1.6094379124341003,0.0,0.0,2.302585092994046,0.0,3.091042453358316,3.4339872044851463,3.912023005428146,2.9444389791664403,1.3862943611198906,0.0,2.1972245773362196,0.0,2.0794415416798357,1.9459101490553132,0.6931471805599453
Cell_1027,200-Year (Mature),200,Developing Secondary Xylem (VND6/7+),0.6408642031720203,27,3,1,4,0,7,2,23,13,64,32,3,8,2,1,8,14,6,1.3862943611198906,0.6931471805599453,1.6094379124341003,0.0,2.0794415416798357,1.0986122886681096,3.1780538303479458,2.639057329615259,4.174387269895637,3.4965075614664802,1.3862943611198906,2.1972245773362196,1.0986122886681096,0.6931471805599453,2.1972245773362196,2.70805020110221,1.9459101490553132
Cell_1028,200-Year (Mature),200,Developing Secondary Xylem (VND6/7+),0.6349652597647981,35,6,3,0,0,4,2,30,15,20,14,3,5,1,4,16,10,5,1.9459101490553132,1.3862943611198906,0.0,0.0,1.6094379124341003,1.0986122886681096,3.4339872044851463,2.772588722239781,3.044522437723423,2.70805020110221,1.3862943611198906,1.791759469228055,0.6931471805599453,1.6094379124341003,2.833213344056216,2.3978952727983707,1.791759469228055
Cell_1029,200-Year (Mature),200,Developing Secondary Xylem (VND6/7+),0.6462870901489093,35,5,1,0,0,1,2,24,23,48,17,3,4,4,5,5,20,2,1.791759469228055,0.6931471805599453,0.0,0.0,0.6931471805599453,1.0986122886681096,3.2188758248682006,3.1780538303479458,3.8918202981106265,2.8903717578961645,1.3862943611198906,1.6094379124341003,1.6094379124341003,1.791759469228055,1.791759469228055,3.044522437723423,1.0986122886681096
Cell_1030,200-Year (Mature),200,Developing Secondary Xylem (VND6/7+),0.36117033423666145,42,0,5,0,2,0,0,24,25,42,9,7,2,5,0,11,13,8,0.0,1.791759469228055,0.0,1.0986122886681096,0.0,0.0,3.2188758248682006,3.258096538021482,3.7612001156935624,2.302585092994046,2.0794415416798357,1.0986122886681096,1.791759469228055,0.0,2.4849066497880004,2.639057329615259,2.1972245773362196
Cell_1031,200-Year (Mature),200,Developing Secondary Xylem (VND6/7+),0.6127852780110011,34,1,2,0,0,5,0,12,30,44,29,2,0,4,1,3,5,3,0.6931471805599453,1.0986122886681096,0.0,0.0,1.791759469228055,0.0,2.5649493574615367,3.4339872044851463,3.8066624897703196,3.4011973816621555,1.0986122886681096,0.0,1.6094379124341003,0.6931471805599453,1.3862943611198906,1.791759469228055,1.3862943611198906
Cell_1032,200-Year (Mature),200,Developing Secondary Xylem (VND6/7+),0.8419504821265565,28,0,1,1,0,3,3,25,27,36,11,3,2,0,2,9,9,3,0.0,0.6931471805599453,0.6931471805599453,0.0,1.3862943611198906,1.3862943611198906,3.258096538021482,3.332204510175204,3.6109179126442243,2.4849066497880004,1.3862943611198906,1.0986122886681096,0.0,1.0986122886681096,2.302585092994046,2.302585092994046,1.3862943611198906
Cell_1033,200-Year (Mature),200,Developing Secondary Xylem (VND6/7+),0.3581237598506911,40,0,1,0,0,4,3,15,11,33,15,5,5,1,2,8,9,1,0.0,0.6931471805599453,0.0,0.0,1.6094379124341003,1.3862943611198906,2.772588722239781,2.4849066497880004,3.5263605246161616,2.772588722239781,1.791759469228055,1.791759469228055,0.6931471805599453,1.0986122886681096,2.1972245773362196,2.302585092994046,0.6931471805599453
Cell_1034,200-Year (Mature),200,Developing Secondary Xylem (VND6/7+),0.5150062399353428,28,0,2,0,0,0,3,24,1,32,25,7,0,4,2,7,11,6,0.0,1.0986122886681096,0.0,0.0,0.0,1.3862943611198906,3.2188758248682006,0.6931471805599453,3.4965075614664802,3.258096538021482,2.0794415416798357,0.0,1.6094379124341003,1.0986122886681096,2.0794415416798357,2.4849066497880004,1.9459101490553132
Cell_1035,200-Year (Mature),200,Developing Secondary Xylem (VND6/7+),0.33956504107319313,30,4,4,0,0,0,0,26,9,50,19,0,0,2,1,3,17,8,1.6094379124341003,1.6094379124341003,0.0,0.0,0.0,0.0,3.295836866004329,2.302585092994046,3.9318256327243257,2.995732273553991,0.0,0.0,1.0986122886681096,0.6931471805599453,1.3862943611198906,2.8903717578961645,2.1972245773362196
Cell_1036,200-Year (Mature),200,Developing Secondary Xylem (VND6/7+),0.3857050875096919,40,1,5,1,0,1,1,27,24,23,11,7,9,0,4,13,10,5,0.6931471805599453,1.791759469228055,0.6931471805599453,0.0,0.6931471805599453,0.6931471805599453,3.332204510175204,3.2188758248682006,3.1780538303479458,2.4849066497880004,2.0794415416798357,2.302585092994046,0.0,1.6094379124341003,2.639057329615259,2.3978952727983707,1.791759469228055
Cell_1037,200-Year (Mature),200,Developing Secondary Xylem (VND6/7+),0.5245622877474652,28,0,2,0,0,2,0,22,30,35,12,3,0,0,1,5,16,10,0.0,1.0986122886681096,0.0,0.0,1.0986122886681096,0.0,3.1354942159291497,3.4339872044851463,3.58351893845611,2.5649493574615367,1.3862943611198906,0.0,0.0,0.6931471805599453,1.791759469228055,2.833213344056216,2.3978952727983707
Cell_1038,200-Year (Mature),200,Developing Secondary Xylem (VND6/7+),0.8611679952626946,41,1,6,2,0,0,2,31,23,35,14,1,2,0,0,11,4,4,0.6931471805599453,1.9459101490553132,1.0986122886681096,0.0,0.0,1.0986122886681096,3.4657359027997265,3.1780538303479458,3.58351893845611,2.70805020110221,0.6931471805599453,1.0986122886681096,0.0,0.0,2.4849066497880004,1.6094379124341003,1.6094379124341003
Cell_1039,200-Year (Mature),200,Developing Secondary Xylem (VND6/7+),0.7606396994604784,35,1,0,1,0,0,1,34,24,40,20,5,5,0,0,13,28,4,0.6931471805599453,0.0,0.6931471805599453,0.0,0.0,0.6931471805599453,3.5553480614894135,3.2188758248682006,3.713572066704308,3.044522437723423,1.791759469228055,1.791759469228055,0.0,0.0,2.639057329615259,3.367295829986474,1.6094379124341003
Cell_1040,200-Year (Mature),200,Developing Secondary Xylem (VND6/7+),0.38025119844551936,33,0,0,0,0,0,1,24,12,56,17,5,2,3,0,6,17,6,0.0,0.0,0.0,0.0,0.0,0.6931471805599453,3.2188758248682006,2.5649493574615367,4.04305126783455,2.8903717578961645,1.791759469228055,1.0986122886681096,1.3862943611198906,0.0,1.9459101490553132,2.8903717578961645,1.9459101490553132
Cell_1041,200-Year (Mature),200,Developing Secondary Xylem (VND6/7+),0.5329489179175163,37,3,5,0,0,1,5,36,14,33,20,4,7,7,0,11,20,5,1.3862943611198906,1.791759469228055,0.0,0.0,0.6931471805599453,1.791759469228055,3.6109179126442243,2.70805020110221,3.5263605246161616,3.044522437723423,1.6094379124341003,2.0794415416798357,2.0794415416798357,0.0,2.4849066497880004,3.044522437723423,1.791759469228055
Cell_1042,200-Year (Mature),200,Developing Secondary Xylem (VND6/7+),0.21865007543316156,33,0,3,1,0,0,0,18,19,31,31,2,4,5,0,10,3,3,0.0,1.3862943611198906,0.6931471805599453,0.0,0.0,0.0,2.9444389791664403,2.995732273553991,3.4657359027997265,3.4657359027997265,1.0986122886681096,1.6094379124341003,1.791759469228055,0.0,2.3978952727983707,1.3862943611198906,1.3862943611198906
Cell_1043,200-Year (Mature),200,Developing Secondary Xylem (VND6/7+),0.4517280938950399,35,2,3,0,0,0,0,34,29,49,13,1,5,3,0,11,12,7,1.0986122886681096,1.3862943611198906,0.0,0.0,0.0,0.0,3.5553480614894135,3.4011973816621555,3.912023005428146,2.639057329615259,0.6931471805599453,1.791759469228055,1.3862943611198906,0.0,2.4849066497880004,2.5649493574615367,2.0794415416798357
Cell_1044,200-Year (Mature),200,Developing Secondary Xylem (VND6/7+),0.37721483492196956,30,0,5,0,0,1,0,23,19,35,9,7,2,1,0,5,15,10,0.0,1.791759469228055,0.0,0.0,0.6931471805599453,0.0,3.1780538303479458,2.995732273553991,3.58351893845611,2.302585092994046,2.0794415416798357,1.0986122886681096,0.6931471805599453,0.0,1.791759469228055,2.772588722239781,2.3978952727983707
Cell_1045,200-Year (Mature),200,Developing Secondary Xylem (VND6/7+),0.824812721404265,37,1,6,0,0,2,4,29,29,40,16,3,2,0,1,3,4,5,0.6931471805599453,1.9459101490553132,0.0,0.0,1.0986122886681096,1.6094379124341003,3.4011973816621555,3.4011973816621555,3.713572066704308,2.833213344056216,1.3862943611198906,1.0986122886681096,0.0,0.6931471805599453,1.3862943611198906,1.6094379124341003,1.791759469228055
Cell_1046,200-Year (Mature),200,Developing Secondary Xylem (VND6/7+),0.35521626129361183,24,2,3,0,0,5,0,13,21,38,7,1,0,3,0,11,12,5,1.0986122886681096,1.3862943611198906,0.0,0.0,1.791759469228055,0.0,2.639057329615259,3.091042453358316,3.6635616461296463,2.0794415416798357,0.6931471805599453,0.0,1.3862943611198906,0.0,2.4849066497880004,2.5649493574615367,1.791759469228055
Cell_1047,200-Year (Mature),200,Developing Secondary Xylem (VND6/7+),0.7545141807854447,35,0,8,0,0,1,3,12,27,21,11,5,9,4,3,15,8,0,0.0,2.1972245773362196,0.0,0.0,0.6931471805599453,1.3862943611198906,2.5649493574615367,3.332204510175204,3.091042453358316,2.4849066497880004,1.791759469228055,2.302585092994046,1.6094379124341003,1.3862943611198906,2.772588722239781,2.1972245773362196,0.0
Cell_1048,200-Year (Mature),200,Developing Secondary Xylem (VND6/7+),0.439219031346605,33,0,3,0,2,3,0,21,34,40,22,5,3,7,0,4,7,3,0.0,1.3862943611198906,0.0,1.0986122886681096,1.3862943611198906,0.0,3.091042453358316,3.5553480614894135,3.713572066704308,3.1354942159291497,1.791759469228055,1.3862943611198906,2.0794415416798357,0.0,1.6094379124341003,2.0794415416798357,1.3862943611198906
Cell_1049,200-Year (Mature),200,Developing Secondary Xylem (VND6/7+),0.6202237699515506,32,2,4,1,0,5,4,31,25,28,14,3,1,10,0,3,17,2,1.0986122886681096,1.6094379124341003,0.6931471805599453,0.0,1.791759469228055,1.6094379124341003,3.4657359027997265,3.258096538021482,3.367295829986474,2.70805020110221,1.3862943611198906,0.6931471805599453,2.3978952727983707,0.0,1.3862943611198906,2.8903717578961645,1.0986122886681096
Cell_1050,200-Year (Mature),200,Developing Secondary Xylem (VND6/7+),0.6832822631289698,38,4,5,0,1,1,0,31,30,38,13,2,4,8,5,1,11,5,1.6094379124341003,1.791759469228055,0.0,0.6931471805599453,0.6931471805599453,0.0,3.4657359027997265,3.4339872044851463,3.6635616461296463,2.639057329615259,1.0986122886681096,1.6094379124341003,2.1972245773362196,1.791759469228055,0.6931471805599453,2.4849066497880004,1.791759469228055
Cell_1051,200-Year (Mature),200,Developing Secondary Xylem (VND6/7+),0.7355574618513507,29,6,2,0,0,3,0,44,18,28,15,2,4,5,0,8,17,1,1.9459101490553132,1.0986122886681096,0.0,0.0,1.3862943611198906,0.0,3.8066624897703196,2.9444389791664403,3.367295829986474,2.772588722239781,1.0986122886681096,1.6094379124341003,1.791759469228055,0.0,2.1972245773362196,2.8903717578961645,0.6931471805599453
Cell_1052,200-Year (Mature),200,Developing Secondary Xylem (VND6/7+),0.3445544328502446,33,0,2,0,0,1,0,13,19,58,12,10,4,3,0,2,21,9,0.0,1.0986122886681096,0.0,0.0,0.6931471805599453,0.0,2.639057329615259,2.995732273553991,4.07753744390572,2.5649493574615367,2.3978952727983707,1.6094379124341003,1.3862943611198906,0.0,1.0986122886681096,3.091042453358316,2.302585092994046
Cell_1053,200-Year (Mature),200,Developing Secondary Xylem (VND6/7+),0.7881195006903747,26,9,1,0,0,2,2,31,29,38,23,9,8,4,0,8,9,3,2.302585092994046,0.6931471805599453,0.0,0.0,1.0986122886681096,1.0986122886681096,3.4657359027997265,3.4011973816621555,3.6635616461296463,3.1780538303479458,2.302585092994046,2.1972245773362196,1.6094379124341003,0.0,2.1972245773362196,2.302585092994046,1.3862943611198906
Cell_1054,200-Year (Mature),200,Developing Secondary Xylem (VND6/7+),0.6777413924539647,34,0,6,0,2,0,1,11,21,46,28,1,0,1,3,4,7,9,0.0,1.9459101490553132,0.0,1.0986122886681096,0.0,0.6931471805599453,2.4849066497880004,3.091042453358316,3.8501476017100584,3.367295829986474,0.6931471805599453,0.0,0.6931471805599453,1.3862943611198906,1.6094379124341003,2.0794415416798357,2.302585092994046
Cell_1055,200-Year (Mature),200,Developing Secondary Xylem (VND6/7+),0.47446978351803104,22,3,2,0,1,1,0,16,18,42,19,5,2,4,1,12,11,7,1.3862943611198906,1.0986122886681096,0.0,0.6931471805599453,0.6931471805599453,0.0,2.833213344056216,2.9444389791664403,3.7612001156935624,2.995732273553991,1.791759469228055,1.0986122886681096,1.6094379124341003,0.6931471805599453,2.5649493574615367,2.4849066497880004,2.0794415416798357
Cell_1056,200-Year (Mature),200,Developing Secondary Xylem (VND6/7+),0.3398463980541379,36,1,6,0,0,0,0,36,22,29,8,11,0,1,5,9,17,10,0.6931471805599453,1.9459101490553132,0.0,0.0,0.0,0.0,3.6109179126442243,3.1354942159291497,3.4011973816621555,2.1972245773362196,2.4849066497880004,0.0,0.6931471805599453,1.791759469228055,2.302585092994046,2.8903717578961645,2.3978952727983707
Cell_1057,200-Year (Mature),200,Developing Secondary Xylem (VND6/7+),0.9556041546827244,35,2,0,1,0,1,0,20,20,31,27,5,2,5,0,11,14,5,1.0986122886681096,0.0,0.6931471805599453,0.0,0.6931471805599453,0.0,3.044522437723423,3.044522437723423,3.4657359027997265,3.332204510175204,1.791759469228055,1.0986122886681096,1.791759469228055,0.0,2.4849066497880004,2.70805020110221,1.791759469228055
Cell_1058,200-Year (Mature),200,Developing Secondary Xylem (VND6/7+),0.9257853191930918,32,0,1,0,1,0,0,28,23,36,21,1,3,3,0,1,10,8,0.0,0.6931471805599453,0.0,0.6931471805599453,0.0,0.0,3.367295829986474,3.1780538303479458,3.6109179126442243,3.091042453358316,0.6931471805599453,1.3862943611198906,1.3862943611198906,0.0,0.6931471805599453,2.3978952727983707,2.1972245773362196
Cell_1059,200-Year (Mature),200,Developing Secondary Xylem (VND6/7+),0.6300496556476409,44,2,1,1,0,1,2,23,39,40,23,1,0,4,6,5,19,8,1.0986122886681096,0.6931471805599453,0.6931471805599453,0.0,0.6931471805599453,1.0986122886681096,3.1780538303479458,3.6888794541139363,3.713572066704308,3.1780538303479458,0.6931471805599453,0.0,1.6094379124341003,1.9459101490553132,1.791759469228055,2.995732273553991,2.1972245773362196
Cell_1060,200-Year (Mature),200,Developing Secondary Xylem (VND6/7+),0.6039048394539401,34,0,1,0,0,1,1,25,20,35,12,1,1,1,2,8,7,3,0.0,0.6931471805599453,0.0,0.0,0.6931471805599453,0.6931471805599453,3.258096538021482,3.044522437723423,3.58351893845611,2.5649493574615367,0.6931471805599453,0.6931471805599453,0.6931471805599453,1.0986122886681096,2.1972245773362196,2.0794415416798357,1.3862943611198906
Cell_1061,200-Year (Mature),200,Developing Secondary Xylem (VND6/7+),0.7991630072351056,25,1,0,1,0,1,2,25,19,39,13,0,2,0,1,1,8,5,0.6931471805599453,0.0,0.6931471805599453,0.0,0.6931471805599453,1.0986122886681096,3.258096538021482,2.995732273553991,3.6888794541139363,2.639057329615259,0.0,1.0986122886681096,0.0,0.6931471805599453,0.6931471805599453,2.1972245773362196,1.791759469228055
Cell_1062,200-Year (Mature),200,Developing Secondary Xylem (VND6/7+),0.9081639962939388,32,0,2,0,0,2,1,23,21,28,28,4,2,1,1,5,4,7,0.0,1.0986122886681096,0.0,0.0,1.0986122886681096,0.6931471805599453,3.1780538303479458,3.091042453358316,3.367295829986474,3.367295829986474,1.6094379124341003,1.0986122886681096,0.6931471805599453,0.6931471805599453,1.791759469228055,1.6094379124341003,2.0794415416798357
Cell_1063,200-Year (Mature),200,Developing Secondary Xylem (VND6/7+),0.6313322943966255,32,1,5,0,1,0,3,32,28,36,13,5,2,2,1,1,9,3,0.6931471805599453,1.791759469228055,0.0,0.6931471805599453,0.0,1.3862943611198906,3.4965075614664802,3.367295829986474,3.6109179126442243,2.639057329615259,1.791759469228055,1.0986122886681096,1.0986122886681096,0.6931471805599453,0.6931471805599453,2.302585092994046,1.3862943611198906
Cell_1064,200-Year (Mature),200,Developing Secondary Xylem (VND6/7+),0.7510480625306168,43,0,1,0,0,1,3,29,34,58,11,4,1,2,1,8,27,3,0.0,0.6931471805599453,0.0,0.0,0.6931471805599453,1.3862943611198906,3.4011973816621555,3.5553480614894135,4.07753744390572,2.4849066497880004,1.6094379124341003,0.6931471805599453,1.0986122886681096,0.6931471805599453,2.1972245773362196,3.332204510175204,1.3862943611198906
Cell_1065,200-Year (Mature),200,Developing Secondary Xylem (VND6/7+),0.6830067210761954,35,0,1,0,1,0,2,40,38,41,9,3,1,6,6,5,9,6,0.0,0.6931471805599453,0.0,0.6931471805599453,0.0,1.0986122886681096,3.713572066704308,3.6635616461296463,3.7376696182833684,2.302585092994046,1.3862943611198906,0.6931471805599453,1.9459101490553132,1.9459101490553132,1.791759469228055,2.302585092994046,1.9459101490553132
Cell_1066,200-Year (Mature),200,Developing Secondary Xylem (VND6/7+),0.6394635554431253,44,0,2,0,1,0,2,38,19,26,12,4,2,1,1,6,9,5,0.0,1.0986122886681096,0.0,0.6931471805599453,0.0,1.0986122886681096,3.6635616461296463,2.995732273553991,3.295836866004329,2.5649493574615367,1.6094379124341003,1.0986122886681096,0.6931471805599453,0.6931471805599453,1.9459101490553132,2.302585092994046,1.791759469228055
Cell_1067,200-Year (Mature),200,Developing Secondary Xylem (VND6/7+),0.5909197143283969,39,0,7,0,0,0,1,24,13,23,9,3,12,1,1,4,12,4,0.0,2.0794415416798357,0.0,0.0,0.0,0.6931471805599453,3.2188758248682006,2.639057329615259,3.1780538303479458,2.302585092994046,1.3862943611198906,2.5649493574615367,0.6931471805599453,0.6931471805599453,1.6094379124341003,2.5649493574615367,1.6094379124341003
Cell_1068,200-Year (Mature),200,Developing Secondary Xylem (VND6/7+),0.9369645747744025,38,4,2,0,0,0,3,18,29,16,17,9,1,1,4,1,14,6,1.6094379124341003,1.0986122886681096,0.0,0.0,0.0,1.3862943611198906,2.9444389791664403,3.4011973816621555,2.833213344056216,2.8903717578961645,2.302585092994046,0.6931471805599453,0.6931471805599453,1.6094379124341003,0.6931471805599453,2.70805020110221,1.9459101490553132
Cell_1069,200-Year (Mature),200,Developing Secondary Xylem (VND6/7+),0.7217908458828796,22,1,3,0,0,4,1,27,17,27,13,4,1,0,2,13,5,5,0.6931471805599453,1.3862943611198906,0.0,0.0,1.6094379124341003,0.6931471805599453,3.332204510175204,2.8903717578961645,3.332204510175204,2.639057329615259,1.6094379124341003,0.6931471805599453,0.0,1.0986122886681096,2.639057329615259,1.791759469228055,1.791759469228055
Cell_1070,200-Year (Mature),200,Developing Secondary Xylem (VND6/7+),0.7907219899062228,34,2,0,0,0,3,2,18,20,42,13,3,2,2,2,26,16,5,1.0986122886681096,0.0,0.0,0.0,1.3862943611198906,1.0986122886681096,2.9444389791664403,3.044522437723423,3.7612001156935624,2.639057329615259,1.3862943611198906,1.0986122886681096,1.0986122886681096,1.0986122886681096,3.295836866004329,2.833213344056216,1.791759469228055
Cell_1071,200-Year (Mature),200,Developing Secondary Xylem (VND6/7+),0.5541519117124533,31,3,5,0,2,2,0,20,18,43,5,2,4,7,2,10,14,10,1.3862943611198906,1.791759469228055,0.0,1.0986122886681096,1.0986122886681096,0.0,3.044522437723423,2.9444389791664403,3.784189633918261,1.791759469228055,1.0986122886681096,1.6094379124341003,2.0794415416798357,1.0986122886681096,2.3978952727983707,2.70805020110221,2.3978952727983707
Cell_1072,200-Year (Mature),200,Developing Secondary Xylem (VND6/7+),0.6716086311713159,27,0,5,1,0,1,1,29,16,41,17,2,0,0,1,12,15,3,0.0,1.791759469228055,0.6931471805599453,0.0,0.6931471805599453,0.6931471805599453,3.4011973816621555,2.833213344056216,3.7376696182833684,2.8903717578961645,1.0986122886681096,0.0,0.0,0.6931471805599453,2.5649493574615367,2.772588722239781,1.3862943611198906
Cell_1073,200-Year (Mature),200,Developing Secondary Xylem (VND6/7+),0.7183012935117773,29,2,0,0,0,0,1,23,29,24,8,3,4,2,0,9,28,6,1.0986122886681096,0.0,0.0,0.0,0.0,0.6931471805599453,3.1780538303479458,3.4011973816621555,3.2188758248682006,2.1972245773362196,1.3862943611198906,1.6094379124341003,1.0986122886681096,0.0,2.302585092994046,3.367295829986474,1.9459101490553132
Cell_1074,200-Year (Mature),200,Developing Secondary Xylem (VND6/7+),0.6356602904509777,31,0,3,2,0,0,1,32,22,36,22,10,1,3,1,9,10,1,0.0,1.3862943611198906,1.0986122886681096,0.0,0.0,0.6931471805599453,3.4965075614664802,3.1354942159291497,3.6109179126442243,3.1354942159291497,2.3978952727983707,0.6931471805599453,1.3862943611198906,0.6931471805599453,2.302585092994046,2.3978952727983707,0.6931471805599453
Cell_1075,200-Year (Mature),200,Developing Secondary Xylem (VND6/7+),0.7380874293829958,31,0,5,0,0,4,1,9,16,44,11,4,3,8,3,9,14,11,0.0,1.791759469228055,0.0,0.0,1.6094379124341003,0.6931471805599453,2.302585092994046,2.833213344056216,3.8066624897703196,2.4849066497880004,1.6094379124341003,1.3862943611198906,2.1972245773362196,1.3862943611198906,2.302585092994046,2.70805020110221,2.4849066497880004
Cell_1076,200-Year (Mature),200,Developing Secondary Xylem (VND6/7+),0.6087810677792245,40,0,8,0,0,2,0,31,19,49,14,5,1,3,1,8,18,0,0.0,2.1972245773362196,0.0,0.0,1.0986122886681096,0.0,3.4657359027997265,2.995732273553991,3.912023005428146,2.70805020110221,1.791759469228055,0.6931471805599453,1.3862943611198906,0.6931471805599453,2.1972245773362196,2.9444389791664403,0.0
Cell_1077,200-Year (Mature),200,Developing Secondary Xylem (VND6/7+),0.5648256648655249,37,2,3,0,0,0,1,39,11,47,18,2,0,0,4,4,23,2,1.0986122886681096,1.3862943611198906,0.0,0.0,0.0,0.6931471805599453,3.6888794541139363,2.4849066497880004,3.8712010109078907,2.9444389791664403,1.0986122886681096,0.0,0.0,1.6094379124341003,1.6094379124341003,3.1780538303479458,1.0986122886681096
Cell_1078,200-Year (Mature),200,Developing Secondary Xylem (VND6/7+),0.8981003725970549,28,2,8,1,0,1,1,35,14,28,12,2,6,7,1,6,16,0,1.0986122886681096,2.1972245773362196,0.6931471805599453,0.0,0.6931471805599453,0.6931471805599453,3.58351893845611,2.70805020110221,3.367295829986474,2.5649493574615367,1.0986122886681096,1.9459101490553132,2.0794415416798357,0.6931471805599453,1.9459101490553132,2.833213344056216,0.0
Cell_1079,200-Year (Mature),200,Developing Secondary Xylem (VND6/7+),0.6371834631623239,34,6,5,0,1,0,1,18,21,54,19,3,8,0,1,7,27,10,1.9459101490553132,1.791759469228055,0.0,0.6931471805599453,0.0,0.6931471805599453,2.9444389791664403,3.091042453358316,4.007333185232471,2.995732273553991,1.3862943611198906,2.1972245773362196,0.0,0.6931471805599453,2.0794415416798357,3.332204510175204,2.3978952727983707
Cell_1080,200-Year (Mature),200,Developing Secondary Xylem (VND6/7+),0.5549920554639484,40,2,0,0,0,0,1,23,17,47,16,5,5,8,0,5,22,5,1.0986122886681096,0.0,0.0,0.0,0.0,0.6931471805599453,3.1780538303479458,2.8903717578961645,3.8712010109078907,2.833213344056216,1.791759469228055,1.791759469228055,2.1972245773362196,0.0,1.791759469228055,3.1354942159291497,1.791759469228055
Cell_1081,200-Year (Mature),200,Developing Secondary Xylem (VND6/7+),0.7316468769766522,31,1,2,0,0,1,2,21,22,36,15,3,4,0,3,6,26,4,0.6931471805599453,1.0986122886681096,0.0,0.0,0.6931471805599453,1.0986122886681096,3.091042453358316,3.1354942159291497,3.6109179126442243,2.772588722239781,1.3862943611198906,1.6094379124341003,0.0,1.3862943611198906,1.9459101490553132,3.295836866004329,1.6094379124341003
Cell_1082,200-Year (Mature),200,Developing Secondary Xylem (VND6/7+),0.49531688665217577,40,1,5,0,0,4,0,30,34,48,15,2,5,1,1,10,26,3,0.6931471805599453,1.791759469228055,0.0,0.0,1.6094379124341003,0.0,3.4339872044851463,3.5553480614894135,3.8918202981106265,2.772588722239781,1.0986122886681096,1.791759469228055,0.6931471805599453,0.6931471805599453,2.3978952727983707,3.295836866004329,1.3862943611198906
Cell_1083,200-Year (Mature),200,Developing Secondary Xylem (VND6/7+),0.23212825938052217,42,3,4,1,1,6,2,27,20,53,13,3,2,0,0,4,9,4,1.3862943611198906,1.6094379124341003,0.6931471805599453,0.6931471805599453,1.9459101490553132,1.0986122886681096,3.332204510175204,3.044522437723423,3.9889840465642745,2.639057329615259,1.3862943611198906,1.0986122886681096,0.0,0.0,1.6094379124341003,2.302585092994046,1.6094379124341003
Cell_1084,200-Year (Mature),200,Developing Secondary Xylem (VND6/7+),0.6592677740941613,28,4,0,0,0,4,1,21,21,35,10,4,1,7,0,7,13,4,1.6094379124341003,0.0,0.0,0.0,1.6094379124341003,0.6931471805599453,3.091042453358316,3.091042453358316,3.58351893845611,2.3978952727983707,1.6094379124341003,0.6931471805599453,2.0794415416798357,0.0,2.0794415416798357,2.639057329615259,1.6094379124341003
Cell_1085,200-Year (Mature),200,Developing Secondary Xylem (VND6/7+),0.5569310824960736,22,2,3,2,0,0,0,29,15,32,22,2,3,4,0,5,19,3,1.0986122886681096,1.3862943611198906,1.0986122886681096,0.0,0.0,0.0,3.4011973816621555,2.772588722239781,3.4965075614664802,3.1354942159291497,1.0986122886681096,1.3862943611198906,1.6094379124341003,0.0,1.791759469228055,2.995732273553991,1.3862943611198906
Cell_1086,200-Year (Mature),200,Developing Secondary Xylem (VND6/7+),0.7809088089741882,34,1,0,0,0,4,0,24,28,27,16,5,0,2,0,4,12,3,0.6931471805599453,0.0,0.0,0.0,1.6094379124341003,0.0,3.2188758248682006,3.367295829986474,3.332204510175204,2.833213344056216,1.791759469228055,0.0,1.0986122886681096,0.0,1.6094379124341003,2.5649493574615367,1.3862943611198906
Cell_1087,200-Year (Mature),200,Developing Secondary Xylem (VND6/7+),0.6044492268684076,43,3,3,0,2,2,2,33,17,43,15,2,1,4,2,6,26,3,1.3862943611198906,1.3862943611198906,0.0,1.0986122886681096,1.0986122886681096,1.0986122886681096,3.5263605246161616,2.8903717578961645,3.784189633918261,2.772588722239781,1.0986122886681096,0.6931471805599453,1.6094379124341003,1.0986122886681096,1.9459101490553132,3.295836866004329,1.3862943611198906
Cell_1088,200-Year (Mature),200,Developing Secondary Xylem (VND6/7+),0.8074891080091738,41,0,3,1,0,3,2,21,14,47,14,6,4,6,1,19,13,8,0.0,1.3862943611198906,0.6931471805599453,0.0,1.3862943611198906,1.0986122886681096,3.091042453358316,2.70805020110221,3.8712010109078907,2.70805020110221,1.9459101490553132,1.6094379124341003,1.9459101490553132,0.6931471805599453,2.995732273553991,2.639057329615259,2.1972245773362196
Cell_1089,200-Year (Mature),200,Developing Secondary Xylem (VND6/7+),0.6311869980948599,34,0,1,0,0,0,0,23,31,19,26,0,1,6,0,6,11,2,0.0,0.6931471805599453,0.0,0.0,0.0,0.0,3.1780538303479458,3.4657359027997265,2.995732273553991,3.295836866004329,0.0,0.6931471805599453,1.9459101490553132,0.0,1.9459101490553132,2.4849066497880004,1.0986122886681096
Cell_1090,200-Year (Mature),200,Developing Secondary Xylem (VND6/7+),0.8546678990438921,37,0,0,0,0,0,0,14,13,34,15,2,1,2,3,10,10,4,0.0,0.0,0.0,0.0,0.0,0.0,2.70805020110221,2.639057329615259,3.5553480614894135,2.772588722239781,1.0986122886681096,0.6931471805599453,1.0986122886681096,1.3862943611198906,2.3978952727983707,2.3978952727983707,1.6094379124341003
Cell_1091,200-Year (Mature),200,Developing Secondary Xylem (VND6/7+),0.915498757569185,35,4,5,0,1,1,2,33,23,41,20,7,2,6,5,0,3,4,1.6094379124341003,1.791759469228055,0.0,0.6931471805599453,0.6931471805599453,1.0986122886681096,3.5263605246161616,3.1780538303479458,3.7376696182833684,3.044522437723423,2.0794415416798357,1.0986122886681096,1.9459101490553132,1.791759469228055,0.0,1.3862943611198906,1.6094379124341003
Cell_1092,200-Year (Mature),200,Developing Secondary Xylem (VND6/7+),0.5077006133825864,40,4,8,0,0,2,0,26,34,21,10,3,3,1,1,5,23,8,1.6094379124341003,2.1972245773362196,0.0,0.0,1.0986122886681096,0.0,3.295836866004329,3.5553480614894135,3.091042453358316,2.3978952727983707,1.3862943611198906,1.3862943611198906,0.6931471805599453,0.6931471805599453,1.791759469228055,3.1780538303479458,2.1972245773362196
Cell_1093,200-Year (Mature),200,Developing Secondary Xylem (VND6/7+),0.8307468540150511,30,2,0,0,0,0,1,29,6,55,10,5,2,5,0,14,14,9,1.0986122886681096,0.0,0.0,0.0,0.0,0.6931471805599453,3.4011973816621555,1.9459101490553132,4.02535169073515,2.3978952727983707,1.791759469228055,1.0986122886681096,1.791759469228055,0.0,2.70805020110221,2.70805020110221,2.302585092994046
Cell_1094,200-Year (Mature),200,Developing Secondary Xylem (VND6/7+),0.8401065475686972,33,1,0,1,1,2,2,44,28,48,18,5,1,2,0,4,7,7,0.6931471805599453,0.0,0.6931471805599453,0.6931471805599453,1.0986122886681096,1.0986122886681096,3.8066624897703196,3.367295829986474,3.8918202981106265,2.9444389791664403,1.791759469228055,0.6931471805599453,1.0986122886681096,0.0,1.6094379124341003,2.0794415416798357,2.0794415416798357
Cell_1095,200-Year (Mature),200,Developing Secondary Xylem (VND6/7+),0.8256039188380202,47,2,1,0,0,0,2,24,15,28,26,4,1,1,2,1,8,4,1.0986122886681096,0.6931471805599453,0.0,0.0,0.0,1.0986122886681096,3.2188758248682006,2.772588722239781,3.367295829986474,3.295836866004329,1.6094379124341003,0.6931471805599453,0.6931471805599453,1.0986122886681096,0.6931471805599453,2.1972245773362196,1.6094379124341003
Cell_1096,200-Year (Mature),200,Developing Secondary Xylem (VND6/7+),0.8015644291664655,48,3,1,0,0,1,3,21,23,42,24,2,1,1,2,13,20,4,1.3862943611198906,0.6931471805599453,0.0,0.0,0.6931471805599453,1.3862943611198906,3.091042453358316,3.1780538303479458,3.7612001156935624,3.2188758248682006,1.0986122886681096,0.6931471805599453,0.6931471805599453,1.0986122886681096,2.639057329615259,3.044522437723423,1.6094379124341003
Cell_1097,200-Year (Mature),200,Developing Secondary Xylem (VND6/7+),0.4310911897963084,41,2,4,0,0,0,1,22,19,32,15,2,1,4,2,14,19,7,1.0986122886681096,1.6094379124341003,0.0,0.0,0.0,0.6931471805599453,3.1354942159291497,2.995732273553991,3.4965075614664802,2.772588722239781,1.0986122886681096,0.6931471805599453,1.6094379124341003,1.0986122886681096,2.70805020110221,2.995732273553991,2.0794415416798357
Cell_1098,200-Year (Mature),200,Developing Secondary Xylem (VND6/7+),0.638774730373203,33,3,12,0,0,1,1,32,10,34,15,9,5,0,6,10,6,5,1.3862943611198906,2.5649493574615367,0.0,0.0,0.6931471805599453,0.6931471805599453,3.4965075614664802,2.3978952727983707,3.5553480614894135,2.772588722239781,2.302585092994046,1.791759469228055,0.0,1.9459101490553132,2.3978952727983707,1.9459101490553132,1.791759469228055
Cell_1099,200-Year (Mature),200,Developing Secondary Xylem (VND6/7+),0.649503522119378,31,1,4,0,0,1,2,13,29,34,13,2,5,5,1,13,9,8,0.6931471805599453,1.6094379124341003,0.0,0.0,0.6931471805599453,1.0986122886681096,2.639057329615259,3.4011973816621555,3.5553480614894135,2.639057329615259,1.0986122886681096,1.791759469228055,1.791759469228055,0.6931471805599453,2.639057329615259,2.302585092994046,2.1972245773362196
Cell_1100,200-Year (Mature),200,Developing Secondary Xylem (VND6/7+),0.6575437926617306,48,2,11,0,0,0,1,23,26,39,16,0,0,9,1,11,23,7,1.0986122886681096,2.4849066497880004,0.0,0.0,0.0,0.6931471805599453,3.1780538303479458,3.295836866004329,3.6888794541139363,2.833213344056216,0.0,0.0,2.302585092994046,0.6931471805599453,2.4849066497880004,3.1780538303479458,2.0794415416798357
Cell_1101,200-Year (Mature),200,Developing Secondary Xylem (VND6/7+),0.7206411372187096,31,1,3,0,0,5,0,41,15,28,15,0,0,2,3,9,9,9,0.6931471805599453,1.3862943611198906,0.0,0.0,1.791759469228055,0.0,3.7376696182833684,2.772588722239781,3.367295829986474,2.772588722239781,0.0,0.0,1.0986122886681096,1.3862943611198906,2.302585092994046,2.302585092994046,2.302585092994046
Cell_1102,200-Year (Mature),200,Developing Secondary Xylem (VND6/7+),0.6930728883941395,42,0,5,0,0,0,1,26,8,28,23,2,6,1,4,2,12,6,0.0,1.791759469228055,0.0,0.0,0.0,0.6931471805599453,3.295836866004329,2.1972245773362196,3.367295829986474,3.1780538303479458,1.0986122886681096,1.9459101490553132,0.6931471805599453,1.6094379124341003,1.0986122886681096,2.5649493574615367,1.9459101490553132
Cell_1103,200-Year (Mature),200,Developing Secondary Xylem (VND6/7+),0.5936133438015663,28,0,6,2,0,0,1,56,33,37,17,9,0,1,1,18,14,3,0.0,1.9459101490553132,1.0986122886681096,0.0,0.0,0.6931471805599453,4.04305126783455,3.5263605246161616,3.6375861597263857,2.8903717578961645,2.302585092994046,0.0,0.6931471805599453,0.6931471805599453,2.9444389791664403,2.70805020110221,1.3862943611198906
Cell_1104,200-Year (Mature),200,Developing Secondary Xylem (VND6/7+),0.875530889723145,40,1,6,0,0,1,1,21,21,30,11,14,0,6,0,0,20,1,0.6931471805599453,1.9459101490553132,0.0,0.0,0.6931471805599453,0.6931471805599453,3.091042453358316,3.091042453358316,3.4339872044851463,2.4849066497880004,2.70805020110221,0.0,1.9459101490553132,0.0,0.0,3.044522437723423,0.6931471805599453
Cell_1105,200-Year (Mature),200,Developing Secondary Xylem (VND6/7+),0.6018275707280356,32,0,2,0,0,0,2,34,18,46,10,2,0,3,2,7,11,5,0.0,1.0986122886681096,0.0,0.0,0.0,1.0986122886681096,3.5553480614894135,2.9444389791664403,3.8501476017100584,2.3978952727983707,1.0986122886681096,0.0,1.3862943611198906,1.0986122886681096,2.0794415416798357,2.4849066497880004,1.791759469228055
Cell_1106,200-Year (Mature),200,Developing Secondary Xylem (VND6/7+),0.8763116503941917,43,0,0,0,0,1,3,14,30,47,19,2,9,0,6,1,12,10,0.0,0.0,0.0,0.0,0.6931471805599453,1.3862943611198906,2.70805020110221,3.4339872044851463,3.8712010109078907,2.995732273553991,1.0986122886681096,2.302585092994046,0.0,1.9459101490553132,0.6931471805599453,2.5649493574615367,2.3978952727983707
Cell_1107,200-Year (Mature),200,Developing Secondary Xylem (VND6/7+),0.6357505861271956,39,4,3,1,0,1,2,22,24,28,10,3,0,4,3,7,13,3,1.6094379124341003,1.3862943611198906,0.6931471805599453,0.0,0.6931471805599453,1.0986122886681096,3.1354942159291497,3.2188758248682006,3.367295829986474,2.3978952727983707,1.3862943611198906,0.0,1.6094379124341003,1.3862943611198906,2.0794415416798357,2.639057329615259,1.3862943611198906
Cell_1108,200-Year (Mature),200,Developing Secondary Xylem (VND6/7+),0.9101858349619144,29,1,1,3,0,1,0,17,29,35,12,8,3,5,1,5,6,7,0.6931471805599453,0.6931471805599453,1.3862943611198906,0.0,0.6931471805599453,0.0,2.8903717578961645,3.4011973816621555,3.58351893845611,2.5649493574615367,2.1972245773362196,1.3862943611198906,1.791759469228055,0.6931471805599453,1.791759469228055,1.9459101490553132,2.0794415416798357
Cell_1109,200-Year (Mature),200,Developing Secondary Xylem (VND6/7+),0.7853636683803165,32,0,0,0,1,2,0,13,6,30,16,1,1,3,0,6,16,4,0.0,0.0,0.0,0.6931471805599453,1.0986122886681096,0.0,2.639057329615259,1.9459101490553132,3.4339872044851463,2.833213344056216,0.6931471805599453,0.6931471805599453,1.3862943611198906,0.0,1.9459101490553132,2.833213344056216,1.6094379124341003
Cell_1110,200-Year (Mature),200,Developing Secondary Xylem (VND6/7+),0.9224716764914228,40,1,1,0,0,3,0,24,11,64,11,4,6,1,4,7,6,5,0.6931471805599453,0.6931471805599453,0.0,0.0,1.3862943611198906,0.0,3.2188758248682006,2.4849066497880004,4.174387269895637,2.4849066497880004,1.6094379124341003,1.9459101490553132,0.6931471805599453,1.6094379124341003,2.0794415416798357,1.9459101490553132,1.791759469228055
Cell_1111,200-Year (Mature),200,Developing Secondary Xylem (VND6/7+),0.7182635845540282,44,5,0,0,1,1,0,20,19,59,16,4,0,0,3,9,6,4,1.791759469228055,0.0,0.0,0.6931471805599453,0.6931471805599453,0.0,3.044522437723423,2.995732273553991,4.0943445622221,2.833213344056216,1.6094379124341003,0.0,0.0,1.3862943611198906,2.302585092994046,1.9459101490553132,1.6094379124341003
Cell_1112,200-Year (Mature),200,Developing Secondary Xylem (VND6/7+),0.6197298972720908,36,5,4,0,0,1,2,27,38,30,19,3,4,6,0,5,10,8,1.791759469228055,1.6094379124341003,0.0,0.0,0.6931471805599453,1.0986122886681096,3.332204510175204,3.6635616461296463,3.4339872044851463,2.995732273553991,1.3862943611198906,1.6094379124341003,1.9459101490553132,0.0,1.791759469228055,2.3978952727983707,2.1972245773362196
Cell_1113,200-Year (Mature),200,Developing Secondary Xylem (VND6/7+),0.7049995546264406,31,0,7,1,0,0,6,20,25,57,11,6,4,3,1,11,14,3,0.0,2.0794415416798357,0.6931471805599453,0.0,0.0,1.9459101490553132,3.044522437723423,3.258096538021482,4.060443010546419,2.4849066497880004,1.9459101490553132,1.6094379124341003,1.3862943611198906,0.6931471805599453,2.4849066497880004,2.70805020110221,1.3862943611198906
Cell_1114,200-Year (Mature),200,Developing Secondary Xylem (VND6/7+),0.6913037866378591,36,1,0,0,0,1,3,50,24,41,15,6,1,2,0,3,16,1,0.6931471805599453,0.0,0.0,0.0,0.6931471805599453,1.3862943611198906,3.9318256327243257,3.2188758248682006,3.7376696182833684,2.772588722239781,1.9459101490553132,0.6931471805599453,1.0986122886681096,0.0,1.3862943611198906,2.833213344056216,0.6931471805599453
Cell_1115,200-Year (Mature),200,Developing Secondary Xylem (VND6/7+),0.5577278782314403,38,3,3,0,0,0,0,30,12,32,19,2,4,2,2,12,16,6,1.3862943611198906,1.3862943611198906,0.0,0.0,0.0,0.0,3.4339872044851463,2.5649493574615367,3.4965075614664802,2.995732273553991,1.0986122886681096,1.6094379124341003,1.0986122886681096,1.0986122886681096,2.5649493574615367,2.833213344056216,1.9459101490553132
Cell_1116,200-Year (Mature),200,Developing Secondary Xylem (VND6/7+),0.8414990753815479,39,7,1,0,0,3,3,19,21,30,11,9,3,3,1,12,13,6,2.0794415416798357,0.6931471805599453,0.0,0.0,1.3862943611198906,1.3862943611198906,2.995732273553991,3.091042453358316,3.4339872044851463,2.4849066497880004,2.302585092994046,1.3862943611198906,1.3862943611198906,0.6931471805599453,2.5649493574615367,2.639057329615259,1.9459101490553132
Cell_1117,200-Year (Mature),200,Developing Secondary Xylem (VND6/7+),0.3709952307612115,45,2,9,0,0,0,1,23,24,24,10,3,0,1,0,6,8,5,1.0986122886681096,2.302585092994046,0.0,0.0,0.0,0.6931471805599453,3.1780538303479458,3.2188758248682006,3.2188758248682006,2.3978952727983707,1.3862943611198906,0.0,0.6931471805599453,0.0,1.9459101490553132,2.1972245773362196,1.791759469228055
Cell_1118,200-Year (Mature),200,Developing Secondary Xylem (VND6/7+),0.45483101289074424,32,0,11,0,0,0,1,22,12,57,22,0,2,2,3,8,18,2,0.0,2.4849066497880004,0.0,0.0,0.0,0.6931471805599453,3.1354942159291497,2.5649493574615367,4.060443010546419,3.1354942159291497,0.0,1.0986122886681096,1.0986122886681096,1.3862943611198906,2.1972245773362196,2.9444389791664403,1.0986122886681096
Cell_1119,200-Year (Mature),200,Developing Secondary Xylem (VND6/7+),0.9253003475374263,30,0,6,0,0,0,2,23,27,51,14,4,5,2,0,7,10,6,0.0,1.9459101490553132,0.0,0.0,0.0,1.0986122886681096,3.1780538303479458,3.332204510175204,3.9512437185814275,2.70805020110221,1.6094379124341003,1.791759469228055,1.0986122886681096,0.0,2.0794415416798357,2.3978952727983707,1.9459101490553132
Cell_1120,200-Year (Mature),200,Developing Secondary Xylem (VND6/7+),0.8914834286083634,35,0,2,0,0,0,2,20,20,39,21,1,3,7,0,5,17,3,0.0,1.0986122886681096,0.0,0.0,0.0,1.0986122886681096,3.044522437723423,3.044522437723423,3.6888794541139363,3.091042453358316,0.6931471805599453,1.3862943611198906,2.0794415416798357,0.0,1.791759469228055,2.8903717578961645,1.3862943611198906
Cell_1121,200-Year (Mature),200,Developing Secondary Xylem (VND6/7+),0.720993550390354,41,3,0,0,1,1,4,20,48,38,5,3,0,7,0,5,14,4,1.3862943611198906,0.0,0.0,0.6931471805599453,0.6931471805599453,1.6094379124341003,3.044522437723423,3.8918202981106265,3.6635616461296463,1.791759469228055,1.3862943611198906,0.0,2.0794415416798357,0.0,1.791759469228055,2.70805020110221,1.6094379124341003
Cell_1122,200-Year (Mature),200,Developing Secondary Xylem (VND6/7+),0.932257019462745,34,2,4,1,0,1,2,33,19,33,22,9,8,3,0,5,6,4,1.0986122886681096,1.6094379124341003,0.6931471805599453,0.0,0.6931471805599453,1.0986122886681096,3.5263605246161616,2.995732273553991,3.5263605246161616,3.1354942159291497,2.302585092994046,2.1972245773362196,1.3862943611198906,0.0,1.791759469228055,1.9459101490553132,1.6094379124341003
Cell_1123,200-Year (Mature),200,Developing Secondary Xylem (VND6/7+),0.6727961903558473,42,0,1,0,0,1,2,21,14,19,7,1,6,3,3,6,5,4,0.0,0.6931471805599453,0.0,0.0,0.6931471805599453,1.0986122886681096,3.091042453358316,2.70805020110221,2.995732273553991,2.0794415416798357,0.6931471805599453,1.9459101490553132,1.3862943611198906,1.3862943611198906,1.9459101490553132,1.791759469228055,1.6094379124341003
Cell_1124,200-Year (Mature),200,Developing Secondary Xylem (VND6/7+),0.5914858051852762,32,1,2,0,0,0,1,48,26,29,22,1,3,2,0,5,15,8,0.6931471805599453,1.0986122886681096,0.0,0.0,0.0,0.6931471805599453,3.8918202981106265,3.295836866004329,3.4011973816621555,3.1354942159291497,0.6931471805599453,1.3862943611198906,1.0986122886681096,0.0,1.791759469228055,2.772588722239781,2.1972245773362196
Cell_1125,200-Year (Mature),200,Developing Secondary Xylem (VND6/7+),0.41706578390089005,42,2,6,1,0,1,2,36,24,36,22,5,1,1,0,6,16,4,1.0986122886681096,1.9459101490553132,0.6931471805599453,0.0,0.6931471805599453,1.0986122886681096,3.6109179126442243,3.2188758248682006,3.6109179126442243,3.1354942159291497,1.791759469228055,0.6931471805599453,0.6931471805599453,0.0,1.9459101490553132,2.833213344056216,1.6094379124341003
Cell_1126,200-Year (Mature),200,Developing Secondary Xylem (VND6/7+),0.612076836303679,37,4,4,0,0,0,3,28,26,50,8,3,5,5,0,8,7,3,1.6094379124341003,1.6094379124341003,0.0,0.0,0.0,1.3862943611198906,3.367295829986474,3.295836866004329,3.9318256327243257,2.1972245773362196,1.3862943611198906,1.791759469228055,1.791759469228055,0.0,2.1972245773362196,2.0794415416798357,1.3862943611198906
Cell_1127,200-Year (Mature),200,Developing Secondary Xylem (VND6/7+),0.8142909001665857,46,4,0,1,0,1,2,37,18,26,19,9,0,0,5,9,15,5,1.6094379124341003,0.0,0.6931471805599453,0.0,0.6931471805599453,1.0986122886681096,3.6375861597263857,2.9444389791664403,3.295836866004329,2.995732273553991,2.302585092994046,0.0,0.0,1.791759469228055,2.302585092994046,2.772588722239781,1.791759469228055
Cell_1128,200-Year (Mature),200,Developing Secondary Xylem (VND6/7+),0.5677253391740931,35,2,3,0,0,3,2,34,20,46,14,4,0,3,2,7,10,1,1.0986122886681096,1.3862943611198906,0.0,0.0,1.3862943611198906,1.0986122886681096,3.5553480614894135,3.044522437723423,3.8501476017100584,2.70805020110221,1.6094379124341003,0.0,1.3862943611198906,1.0986122886681096,2.0794415416798357,2.3978952727983707,0.6931471805599453
Cell_1129,200-Year (Mature),200,Developing Secondary Xylem (VND6/7+),0.30054767558847234,34,0,1,2,0,0,2,33,22,59,4,6,2,2,1,6,16,9,0.0,0.6931471805599453,1.0986122886681096,0.0,0.0,1.0986122886681096,3.5263605246161616,3.1354942159291497,4.0943445622221,1.6094379124341003,1.9459101490553132,1.0986122886681096,1.0986122886681096,0.6931471805599453,1.9459101490553132,2.833213344056216,2.302585092994046
Cell_1130,200-Year (Mature),200,Developing Secondary Xylem (VND6/7+),0.3416797247328184,33,3,4,0,0,2,11,21,19,58,19,2,4,1,1,15,7,2,1.3862943611198906,1.6094379124341003,0.0,0.0,1.0986122886681096,2.4849066497880004,3.091042453358316,2.995732273553991,4.07753744390572,2.995732273553991,1.0986122886681096,1.6094379124341003,0.6931471805599453,0.6931471805599453,2.772588722239781,2.0794415416798357,1.0986122886681096
Cell_1131,200-Year (Mature),200,Developing Secondary Xylem (VND6/7+),0.5914173522195466,34,3,2,0,0,0,0,14,30,36,14,6,3,2,3,4,16,1,1.3862943611198906,1.0986122886681096,0.0,0.0,0.0,0.0,2.70805020110221,3.4339872044851463,3.6109179126442243,2.70805020110221,1.9459101490553132,1.3862943611198906,1.0986122886681096,1.3862943611198906,1.6094379124341003,2.833213344056216,0.6931471805599453
Cell_1132,200-Year (Mature),200,Developing Secondary Xylem (VND6/7+),0.8391937214356712,37,1,2,1,0,0,0,13,12,34,12,7,4,1,0,13,21,4,0.6931471805599453,1.0986122886681096,0.6931471805599453,0.0,0.0,0.0,2.639057329615259,2.5649493574615367,3.5553480614894135,2.5649493574615367,2.0794415416798357,1.6094379124341003,0.6931471805599453,0.0,2.639057329615259,3.091042453358316,1.6094379124341003
Cell_1133,200-Year (Mature),200,Developing Secondary Xylem (VND6/7+),0.8758876627336495,25,3,2,0,0,1,2,23,20,34,7,2,6,3,1,9,9,6,1.3862943611198906,1.0986122886681096,0.0,0.0,0.6931471805599453,1.0986122886681096,3.1780538303479458,3.044522437723423,3.5553480614894135,2.0794415416798357,1.0986122886681096,1.9459101490553132,1.3862943611198906,0.6931471805599453,2.302585092994046,2.302585092994046,1.9459101490553132
Cell_1134,200-Year (Mature),200,Developing Secondary Xylem (VND6/7+),0.7588099390624093,35,0,3,0,0,1,1,23,12,37,15,7,7,6,0,4,29,9,0.0,1.3862943611198906,0.0,0.0,0.6931471805599453,0.6931471805599453,3.1780538303479458,2.5649493574615367,3.6375861597263857,2.772588722239781,2.0794415416798357,2.0794415416798357,1.9459101490553132,0.0,1.6094379124341003,3.4011973816621555,2.302585092994046
Cell_1135,200-Year (Mature),200,Developing Secondary Xylem (VND6/7+),0.8724498993745307,28,0,9,0,0,3,0,18,22,33,10,1,2,2,1,10,11,4,0.0,2.302585092994046,0.0,0.0,1.3862943611198906,0.0,2.9444389791664403,3.1354942159291497,3.5263605246161616,2.3978952727983707,0.6931471805599453,1.0986122886681096,1.0986122886681096,0.6931471805599453,2.3978952727983707,2.4849066497880004,1.6094379124341003
Cell_1136,200-Year (Mature),200,Developing Secondary Xylem (VND6/7+),0.597130326658638,37,0,1,0,0,1,1,12,14,37,14,10,2,9,3,4,24,3,0.0,0.6931471805599453,0.0,0.0,0.6931471805599453,0.6931471805599453,2.5649493574615367,2.70805020110221,3.6375861597263857,2.70805020110221,2.3978952727983707,1.0986122886681096,2.302585092994046,1.3862943611198906,1.6094379124341003,3.2188758248682006,1.3862943611198906
Cell_1137,200-Year (Mature),200,Developing Secondary Xylem (VND6/7+),0.7878073949634585,40,1,3,0,0,1,2,14,29,26,12,4,7,7,0,16,14,2,0.6931471805599453,1.3862943611198906,0.0,0.0,0.6931471805599453,1.0986122886681096,2.70805020110221,3.4011973816621555,3.295836866004329,2.5649493574615367,1.6094379124341003,2.0794415416798357,2.0794415416798357,0.0,2.833213344056216,2.70805020110221,1.0986122886681096
Cell_1138,200-Year (Mature),200,Developing Secondary Xylem (VND6/7+),0.5865109618756428,39,3,6,0,0,2,0,32,25,29,10,0,0,4,4,13,14,5,1.3862943611198906,1.9459101490553132,0.0,0.0,1.0986122886681096,0.0,3.4965075614664802,3.258096538021482,3.4011973816621555,2.3978952727983707,0.0,0.0,1.6094379124341003,1.6094379124341003,2.639057329615259,2.70805020110221,1.791759469228055
Cell_1139,200-Year (Mature),200,Developing Secondary Xylem (VND6/7+),0.9230731257108767,31,2,1,0,0,4,0,27,15,30,7,5,2,1,0,4,14,5,1.0986122886681096,0.6931471805599453,0.0,0.0,1.6094379124341003,0.0,3.332204510175204,2.772588722239781,3.4339872044851463,2.0794415416798357,1.791759469228055,1.0986122886681096,0.6931471805599453,0.0,1.6094379124341003,2.70805020110221,1.791759469228055
Cell_1140,200-Year (Mature),200,Developing Secondary Xylem (VND6/7+),0.8458912512123865,42,2,2,0,1,0,0,60,10,27,12,2,0,3,0,20,17,4,1.0986122886681096,1.0986122886681096,0.0,0.6931471805599453,0.0,0.0,4.110873864173311,2.3978952727983707,3.332204510175204,2.5649493574615367,1.0986122886681096,0.0,1.3862943611198906,0.0,3.044522437723423,2.8903717578961645,1.6094379124341003
Cell_1141,200-Year (Mature),200,Developing Secondary Xylem (VND6/7+),0.5339491319669235,25,3,3,1,0,8,2,18,22,28,13,4,2,7,0,8,5,1,1.3862943611198906,1.3862943611198906,0.6931471805599453,0.0,2.1972245773362196,1.0986122886681096,2.9444389791664403,3.1354942159291497,3.367295829986474,2.639057329615259,1.6094379124341003,1.0986122886681096,2.0794415416798357,0.0,2.1972245773362196,1.791759469228055,0.6931471805599453
Cell_1142,200-Year (Mature),200,Developing Secondary Xylem (VND6/7+),0.8464222947970625,31,3,11,0,1,1,0,34,23,44,11,10,1,0,0,8,13,10,1.3862943611198906,2.4849066497880004,0.0,0.6931471805599453,0.6931471805599453,0.0,3.5553480614894135,3.1780538303479458,3.8066624897703196,2.4849066497880004,2.3978952727983707,0.6931471805599453,0.0,0.0,2.1972245773362196,2.639057329615259,2.3978952727983707
Cell_1143,200-Year (Mature),200,Developing Secondary Xylem (VND6/7+),0.3687942988776575,38,0,3,4,0,5,1,21,27,24,10,4,3,8,3,3,13,6,0.0,1.3862943611198906,1.6094379124341003,0.0,1.791759469228055,0.6931471805599453,3.091042453358316,3.332204510175204,3.2188758248682006,2.3978952727983707,1.6094379124341003,1.3862943611198906,2.1972245773362196,1.3862943611198906,1.3862943611198906,2.639057329615259,1.9459101490553132
Cell_1144,200-Year (Mature),200,Developing Secondary Xylem (VND6/7+),0.7499164719447372,42,2,3,0,0,1,6,11,22,34,18,8,5,3,2,2,6,5,1.0986122886681096,1.3862943611198906,0.0,0.0,0.6931471805599453,1.9459101490553132,2.4849066497880004,3.1354942159291497,3.5553480614894135,2.9444389791664403,2.1972245773362196,1.791759469228055,1.3862943611198906,1.0986122886681096,1.0986122886681096,1.9459101490553132,1.791759469228055
Cell_1145,200-Year (Mature),200,Developing Secondary Xylem (VND6/7+),0.6467438118291744,20,3,3,0,0,0,2,20,26,40,7,0,4,2,0,7,11,1,1.3862943611198906,1.3862943611198906,0.0,0.0,0.0,1.0986122886681096,3.044522437723423,3.295836866004329,3.713572066704308,2.0794415416798357,0.0,1.6094379124341003,1.0986122886681096,0.0,2.0794415416798357,2.4849066497880004,0.6931471805599453
Cell_1146,200-Year (Mature),200,Developing Secondary Xylem (VND6/7+),0.7058065056390095,40,3,3,0,0,2,0,18,25,31,8,5,4,4,2,6,6,5,1.3862943611198906,1.3862943611198906,0.0,0.0,1.0986122886681096,0.0,2.9444389791664403,3.258096538021482,3.4657359027997265,2.1972245773362196,1.791759469228055,1.6094379124341003,1.6094379124341003,1.0986122886681096,1.9459101490553132,1.9459101490553132,1.791759469228055
Cell_1147,200-Year (Mature),200,Developing Secondary Xylem (VND6/7+),0.945068904534898,41,0,4,1,0,0,0,30,21,37,22,5,4,2,0,3,19,13,0.0,1.6094379124341003,0.6931471805599453,0.0,0.0,0.0,3.4339872044851463,3.091042453358316,3.6375861597263857,3.1354942159291497,1.791759469228055,1.6094379124341003,1.0986122886681096,0.0,1.3862943611198906,2.995732273553991,2.639057329615259
Cell_1148,200-Year (Mature),200,Developing Secondary Xylem (VND6/7+),0.28835714328881873,34,0,3,1,0,2,1,42,18,49,16,8,1,2,0,2,22,1,0.0,1.3862943611198906,0.6931471805599453,0.0,1.0986122886681096,0.6931471805599453,3.7612001156935624,2.9444389791664403,3.912023005428146,2.833213344056216,2.1972245773362196,0.6931471805599453,1.0986122886681096,0.0,1.0986122886681096,3.1354942159291497,0.6931471805599453
Cell_1149,200-Year (Mature),200,Developing Secondary Xylem (VND6/7+),0.7486429938144632,37,2,1,0,0,2,0,28,16,50,12,1,3,8,2,3,14,4,1.0986122886681096,0.6931471805599453,0.0,0.0,1.0986122886681096,0.0,3.367295829986474,2.833213344056216,3.9318256327243257,2.5649493574615367,0.6931471805599453,1.3862943611198906,2.1972245773362196,1.0986122886681096,1.3862943611198906,2.70805020110221,1.6094379124341003
Cell_1150,200-Year (Mature),200,Developing Secondary Xylem (VND6/7+),0.6791996486301175,26,13,2,0,0,2,0,37,17,40,17,5,9,3,0,1,12,18,2.639057329615259,1.0986122886681096,0.0,0.0,1.0986122886681096,0.0,3.6375861597263857,2.8903717578961645,3.713572066704308,2.8903717578961645,1.791759469228055,2.302585092994046,1.3862943611198906,0.0,0.6931471805599453,2.5649493574615367,2.9444389791664403
Cell_1151,200-Year (Mature),200,Developing Secondary Xylem (VND6/7+),0.3011054110466112,35,2,8,0,1,0,1,35,5,41,10,4,5,1,4,2,12,6,1.0986122886681096,2.1972245773362196,0.0,0.6931471805599453,0.0,0.6931471805599453,3.58351893845611,1.791759469228055,3.7376696182833684,2.3978952727983707,1.6094379124341003,1.791759469228055,0.6931471805599453,1.6094379124341003,1.0986122886681096,2.5649493574615367,1.9459101490553132
Cell_1152,200-Year (Mature),200,Developing Secondary Xylem (VND6/7+),0.7766983847357478,39,1,2,0,0,1,0,31,20,22,27,6,1,2,3,4,10,2,0.6931471805599453,1.0986122886681096,0.0,0.0,0.6931471805599453,0.0,3.4657359027997265,3.044522437723423,3.1354942159291497,3.332204510175204,1.9459101490553132,0.6931471805599453,1.0986122886681096,1.3862943611198906,1.6094379124341003,2.3978952727983707,1.0986122886681096
Cell_1153,200-Year (Mature),200,Developing Secondary Xylem (VND6/7+),0.5643457919080942,45,3,1,1,1,1,0,26,21,24,7,1,1,7,0,13,8,4,1.3862943611198906,0.6931471805599453,0.6931471805599453,0.6931471805599453,0.6931471805599453,0.0,3.295836866004329,3.091042453358316,3.2188758248682006,2.0794415416798357,0.6931471805599453,0.6931471805599453,2.0794415416798357,0.0,2.639057329615259,2.1972245773362196,1.6094379124341003
Cell_1154,200-Year (Mature),200,Developing Secondary Xylem (VND6/7+),0.9436957533337729,27,8,0,0,0,1,0,31,26,22,17,5,0,9,2,7,12,9,2.1972245773362196,0.0,0.0,0.0,0.6931471805599453,0.0,3.4657359027997265,3.295836866004329,3.1354942159291497,2.8903717578961645,1.791759469228055,0.0,2.302585092994046,1.0986122886681096,2.0794415416798357,2.5649493574615367,2.302585092994046
Cell_1155,200-Year (Mature),200,Developing Secondary Xylem (VND6/7+),0.5325120904633813,37,6,3,0,1,1,2,21,20,31,26,0,2,3,0,10,26,3,1.9459101490553132,1.3862943611198906,0.0,0.6931471805599453,0.6931471805599453,1.0986122886681096,3.091042453358316,3.044522437723423,3.4657359027997265,3.295836866004329,0.0,1.0986122886681096,1.3862943611198906,0.0,2.3978952727983707,3.295836866004329,1.3862943611198906
Cell_1156,200-Year (Mature),200,Developing Secondary Xylem (VND6/7+),0.39679982731719216,33,3,1,0,0,2,0,37,23,41,21,3,1,1,2,8,20,7,1.3862943611198906,0.6931471805599453,0.0,0.0,1.0986122886681096,0.0,3.6375861597263857,3.1780538303479458,3.7376696182833684,3.091042453358316,1.3862943611198906,0.6931471805599453,0.6931471805599453,1.0986122886681096,2.1972245773362196,3.044522437723423,2.0794415416798357
Cell_1157,200-Year (Mature),200,Developing Secondary Xylem (VND6/7+),0.3930803569010691,33,5,6,0,0,0,0,22,15,40,12,6,1,1,1,7,9,8,1.791759469228055,1.9459101490553132,0.0,0.0,0.0,0.0,3.1354942159291497,2.772588722239781,3.713572066704308,2.5649493574615367,1.9459101490553132,0.6931471805599453,0.6931471805599453,0.6931471805599453,2.0794415416798357,2.302585092994046,2.1972245773362196
Cell_1158,200-Year (Mature),200,Developing Secondary Xylem (VND6/7+),0.8605690362589613,35,4,0,0,0,1,1,23,31,38,6,7,4,4,0,5,5,2,1.6094379124341003,0.0,0.0,0.0,0.6931471805599453,0.6931471805599453,3.1780538303479458,3.4657359027997265,3.6635616461296463,1.9459101490553132,2.0794415416798357,1.6094379124341003,1.6094379124341003,0.0,1.791759469228055,1.791759469228055,1.0986122886681096
Cell_1159,200-Year (Mature),200,Developing Secondary Xylem (VND6/7+),0.7403718551661692,28,0,1,1,0,1,1,34,22,32,17,2,7,3,0,10,4,3,0.0,0.6931471805599453,0.6931471805599453,0.0,0.6931471805599453,0.6931471805599453,3.5553480614894135,3.1354942159291497,3.4965075614664802,2.8903717578961645,1.0986122886681096,2.0794415416798357,1.3862943611198906,0.0,2.3978952727983707,1.6094379124341003,1.3862943611198906
Cell_1160,200-Year (Mature),200,Developing Secondary Xylem (VND6/7+),0.3949773290859242,29,1,3,1,0,1,1,23,27,53,14,10,4,0,0,6,17,7,0.6931471805599453,1.3862943611198906,0.6931471805599453,0.0,0.6931471805599453,0.6931471805599453,3.1780538303479458,3.332204510175204,3.9889840465642745,2.70805020110221,2.3978952727983707,1.6094379124341003,0.0,0.0,1.9459101490553132,2.8903717578961645,2.0794415416798357
Cell_1161,200-Year (Mature),200,Developing Secondary Xylem (VND6/7+),0.697225634714155,39,3,1,0,1,0,0,54,18,40,12,1,3,6,2,6,11,4,1.3862943611198906,0.6931471805599453,0.0,0.6931471805599453,0.0,0.0,4.007333185232471,2.9444389791664403,3.713572066704308,2.5649493574615367,0.6931471805599453,1.3862943611198906,1.9459101490553132,1.0986122886681096,1.9459101490553132,2.4849066497880004,1.6094379124341003
Cell_1162,200-Year (Mature),200,Developing Secondary Xylem (VND6/7+),0.5966073158885173,40,1,2,0,0,1,1,22,22,34,16,2,6,3,2,8,10,10,0.6931471805599453,1.0986122886681096,0.0,0.0,0.6931471805599453,0.6931471805599453,3.1354942159291497,3.1354942159291497,3.5553480614894135,2.833213344056216,1.0986122886681096,1.9459101490553132,1.3862943611198906,1.0986122886681096,2.1972245773362196,2.3978952727983707,2.3978952727983707
Cell_1163,200-Year (Mature),200,Developing Secondary Xylem (VND6/7+),0.7141196428213217,30,1,0,1,0,2,5,35,20,44,17,5,5,0,1,12,16,4,0.6931471805599453,0.0,0.6931471805599453,0.0,1.0986122886681096,1.791759469228055,3.58351893845611,3.044522437723423,3.8066624897703196,2.8903717578961645,1.791759469228055,1.791759469228055,0.0,0.6931471805599453,2.5649493574615367,2.833213344056216,1.6094379124341003
Cell_1164,200-Year (Mature),200,Developing Secondary Xylem (VND6/7+),0.7438680501373164,37,2,9,0,0,2,1,29,11,60,12,6,3,3,0,2,8,0,1.0986122886681096,2.302585092994046,0.0,0.0,1.0986122886681096,0.6931471805599453,3.4011973816621555,2.4849066497880004,4.110873864173311,2.5649493574615367,1.9459101490553132,1.3862943611198906,1.3862943611198906,0.0,1.0986122886681096,2.1972245773362196,0.0
Cell_1165,200-Year (Mature),200,Developing Secondary Xylem (VND6/7+),0.45905468312808545,35,3,4,0,0,2,1,37,26,36,22,4,0,1,0,4,25,4,1.3862943611198906,1.6094379124341003,0.0,0.0,1.0986122886681096,0.6931471805599453,3.6375861597263857,3.295836866004329,3.6109179126442243,3.1354942159291497,1.6094379124341003,0.0,0.6931471805599453,0.0,1.6094379124341003,3.258096538021482,1.6094379124341003
Cell_1166,200-Year (Mature),200,Developing Secondary Xylem (VND6/7+),0.7226947351658957,28,1,6,0,0,0,0,16,16,28,9,3,4,1,2,21,17,4,0.6931471805599453,1.9459101490553132,0.0,0.0,0.0,0.0,2.833213344056216,2.833213344056216,3.367295829986474,2.302585092994046,1.3862943611198906,1.6094379124341003,0.6931471805599453,1.0986122886681096,3.091042453358316,2.8903717578961645,1.6094379124341003
Cell_1167,200-Year (Mature),200,Developing Secondary Xylem (VND6/7+),0.3689585480288499,31,1,4,0,0,1,0,38,37,38,15,1,0,1,5,7,12,0,0.6931471805599453,1.6094379124341003,0.0,0.0,0.6931471805599453,0.0,3.6635616461296463,3.6375861597263857,3.6635616461296463,2.772588722239781,0.6931471805599453,0.0,0.6931471805599453,1.791759469228055,2.0794415416798357,2.5649493574615367,0.0
Cell_1168,200-Year (Mature),200,Developing Secondary Xylem (VND6/7+),0.7521849349902351,27,1,1,0,0,1,1,15,31,28,12,3,4,2,3,2,15,5,0.6931471805599453,0.6931471805599453,0.0,0.0,0.6931471805599453,0.6931471805599453,2.772588722239781,3.4657359027997265,3.367295829986474,2.5649493574615367,1.3862943611198906,1.6094379124341003,1.0986122886681096,1.3862943611198906,1.0986122886681096,2.772588722239781,1.791759469228055
Cell_1169,200-Year (Mature),200,Developing Secondary Xylem (VND6/7+),0.6868365996922946,49,0,4,0,0,6,0,21,15,39,9,1,6,4,2,7,8,9,0.0,1.6094379124341003,0.0,0.0,1.9459101490553132,0.0,3.091042453358316,2.772588722239781,3.6888794541139363,2.302585092994046,0.6931471805599453,1.9459101490553132,1.6094379124341003,1.0986122886681096,2.0794415416798357,2.1972245773362196,2.302585092994046
Cell_1170,200-Year (Mature),200,Developing Secondary Xylem (VND6/7+),0.6840495627465442,39,2,4,1,1,1,0,14,13,28,11,4,6,3,0,4,15,7,1.0986122886681096,1.6094379124341003,0.6931471805599453,0.6931471805599453,0.6931471805599453,0.0,2.70805020110221,2.639057329615259,3.367295829986474,2.4849066497880004,1.6094379124341003,1.9459101490553132,1.3862943611198906,0.0,1.6094379124341003,2.772588722239781,2.0794415416798357
Cell_1171,200-Year (Mature),200,Developing Secondary Xylem (VND6/7+),0.32395952827743535,41,3,2,3,0,2,1,20,26,35,9,3,3,4,0,7,8,2,1.3862943611198906,1.0986122886681096,1.3862943611198906,0.0,1.0986122886681096,0.6931471805599453,3.044522437723423,3.295836866004329,3.58351893845611,2.302585092994046,1.3862943611198906,1.3862943611198906,1.6094379124341003,0.0,2.0794415416798357,2.1972245773362196,1.0986122886681096
Cell_1172,200-Year (Mature),200,Developing Secondary Xylem (VND6/7+),0.7264452580280836,32,4,0,1,0,0,0,28,19,29,27,2,2,2,2,7,18,2,1.6094379124341003,0.0,0.6931471805599453,0.0,0.0,0.0,3.367295829986474,2.995732273553991,3.4011973816621555,3.332204510175204,1.0986122886681096,1.0986122886681096,1.0986122886681096,1.0986122886681096,2.0794415416798357,2.9444389791664403,1.0986122886681096
Cell_1173,200-Year (Mature),200,Developing Secondary Xylem (VND6/7+),0.7570131019271794,36,0,5,3,0,1,2,28,23,33,18,5,4,0,3,1,8,7,0.0,1.791759469228055,1.3862943611198906,0.0,0.6931471805599453,1.0986122886681096,3.367295829986474,3.1780538303479458,3.5263605246161616,2.9444389791664403,1.791759469228055,1.6094379124341003,0.0,1.3862943611198906,0.6931471805599453,2.1972245773362196,2.0794415416798357
Cell_1174,200-Year (Mature),200,Developing Secondary Xylem (VND6/7+),0.7154997548505431,31,0,2,0,0,3,1,46,21,49,12,1,7,0,3,5,10,8,0.0,1.0986122886681096,0.0,0.0,1.3862943611198906,0.6931471805599453,3.8501476017100584,3.091042453358316,3.912023005428146,2.5649493574615367,0.6931471805599453,2.0794415416798357,0.0,1.3862943611198906,1.791759469228055,2.3978952727983707,2.1972245773362196
Cell_1175,200-Year (Mature),200,Developing Secondary Xylem (VND6/7+),0.4974971403703264,48,3,4,0,0,0,0,5,21,65,13,2,0,2,2,11,15,8,1.3862943611198906,1.6094379124341003,0.0,0.0,0.0,0.0,1.791759469228055,3.091042453358316,4.189654742026425,2.639057329615259,1.0986122886681096,0.0,1.0986122886681096,1.0986122886681096,2.4849066497880004,2.772588722239781,2.1972245773362196
Cell_1176,200-Year (Mature),200,Developing Secondary Xylem (VND6/7+),0.76915006705965,40,0,0,0,0,0,3,19,13,55,13,2,5,4,1,2,11,4,0.0,0.0,0.0,0.0,0.0,1.3862943611198906,2.995732273553991,2.639057329615259,4.02535169073515,2.639057329615259,1.0986122886681096,1.791759469228055,1.6094379124341003,0.6931471805599453,1.0986122886681096,2.4849066497880004,1.6094379124341003
Cell_1177,200-Year (Mature),200,Developing Secondary Xylem (VND6/7+),0.4270987035847769,35,2,4,0,1,0,0,28,28,38,18,5,4,3,0,10,17,7,1.0986122886681096,1.6094379124341003,0.0,0.6931471805599453,0.0,0.0,3.367295829986474,3.367295829986474,3.6635616461296463,2.9444389791664403,1.791759469228055,1.6094379124341003,1.3862943611198906,0.0,2.3978952727983707,2.8903717578961645,2.0794415416798357
Cell_1178,200-Year (Mature),200,Developing Secondary Xylem (VND6/7+),0.9404675046018028,47,2,2,0,0,1,4,21,25,29,13,6,0,2,2,3,5,1,1.0986122886681096,1.0986122886681096,0.0,0.0,0.6931471805599453,1.6094379124341003,3.091042453358316,3.258096538021482,3.4011973816621555,2.639057329615259,1.9459101490553132,0.0,1.0986122886681096,1.0986122886681096,1.3862943611198906,1.791759469228055,0.6931471805599453
Cell_1179,200-Year (Mature),200,Developing Secondary Xylem (VND6/7+),0.5380348421454548,36,1,4,0,0,0,0,17,13,34,14,10,2,1,2,14,13,4,0.6931471805599453,1.6094379124341003,0.0,0.0,0.0,0.0,2.8903717578961645,2.639057329615259,3.5553480614894135,2.70805020110221,2.3978952727983707,1.0986122886681096,0.6931471805599453,1.0986122886681096,2.70805020110221,2.639057329615259,1.6094379124341003
Cell_1180,200-Year (Mature),200,Developing Secondary Xylem (VND6/7+),0.7186770082904093,40,3,7,1,0,0,1,33,32,23,17,3,3,5,0,3,14,5,1.3862943611198906,2.0794415416798357,0.6931471805599453,0.0,0.0,0.6931471805599453,3.5263605246161616,3.4965075614664802,3.1780538303479458,2.8903717578961645,1.3862943611198906,1.3862943611198906,1.791759469228055,0.0,1.3862943611198906,2.70805020110221,1.791759469228055
Cell_1181,200-Year (Mature),200,Developing Secondary Xylem (VND6/7+),0.7484610588191838,43,2,1,0,0,1,4,37,11,46,17,6,5,3,1,2,16,1,1.0986122886681096,0.6931471805599453,0.0,0.0,0.6931471805599453,1.6094379124341003,3.6375861597263857,2.4849066497880004,3.8501476017100584,2.8903717578961645,1.9459101490553132,1.791759469228055,1.3862943611198906,0.6931471805599453,1.0986122886681096,2.833213344056216,0.6931471805599453
Cell_1182,200-Year (Mature),200,Developing Secondary Xylem (VND6/7+),0.678422763960522,44,0,15,0,0,1,1,27,19,22,13,10,5,0,1,12,16,4,0.0,2.772588722239781,0.0,0.0,0.6931471805599453,0.6931471805599453,3.332204510175204,2.995732273553991,3.1354942159291497,2.639057329615259,2.3978952727983707,1.791759469228055,0.0,0.6931471805599453,2.5649493574615367,2.833213344056216,1.6094379124341003
Cell_1183,200-Year (Mature),200,Developing Secondary Xylem (VND6/7+),0.831731676101942,41,1,2,0,0,0,6,38,21,30,12,10,1,8,0,3,7,4,0.6931471805599453,1.0986122886681096,0.0,0.0,0.0,1.9459101490553132,3.6635616461296463,3.091042453358316,3.4339872044851463,2.5649493574615367,2.3978952727983707,0.6931471805599453,2.1972245773362196,0.0,1.3862943611198906,2.0794415416798357,1.6094379124341003
Cell_1184,200-Year (Mature),200,Developing Secondary Xylem (VND6/7+),0.6131048209015245,28,2,0,0,0,1,0,23,29,34,9,1,2,6,5,3,29,1,1.0986122886681096,0.0,0.0,0.0,0.6931471805599453,0.0,3.1780538303479458,3.4011973816621555,3.5553480614894135,2.302585092994046,0.6931471805599453,1.0986122886681096,1.9459101490553132,1.791759469228055,1.3862943611198906,3.4011973816621555,0.6931471805599453
Cell_1185,200-Year (Mature),200,Developing Secondary Xylem (VND6/7+),0.8629963750054043,22,0,4,1,0,0,0,33,19,37,6,2,2,0,0,6,11,3,0.0,1.6094379124341003,0.6931471805599453,0.0,0.0,0.0,3.5263605246161616,2.995732273553991,3.6375861597263857,1.9459101490553132,1.0986122886681096,1.0986122886681096,0.0,0.0,1.9459101490553132,2.4849066497880004,1.3862943611198906
Cell_1186,200-Year (Mature),200,Developing Secondary Xylem (VND6/7+),0.8747868526671188,36,3,3,0,0,3,2,24,36,50,20,3,0,1,0,3,10,2,1.3862943611198906,1.3862943611198906,0.0,0.0,1.3862943611198906,1.0986122886681096,3.2188758248682006,3.6109179126442243,3.9318256327243257,3.044522437723423,1.3862943611198906,0.0,0.6931471805599453,0.0,1.3862943611198906,2.3978952727983707,1.0986122886681096
Cell_1187,200-Year (Mature),200,Developing Secondary Xylem (VND6/7+),0.9600735777041355,27,3,0,0,0,0,1,43,23,34,10,10,5,3,1,6,9,8,1.3862943611198906,0.0,0.0,0.0,0.0,0.6931471805599453,3.784189633918261,3.1780538303479458,3.5553480614894135,2.3978952727983707,2.3978952727983707,1.791759469228055,1.3862943611198906,0.6931471805599453,1.9459101490553132,2.302585092994046,2.1972245773362196
Cell_1188,200-Year (Mature),200,Developing Secondary Xylem (VND6/7+),0.6576212696638873,38,3,3,0,0,0,0,20,11,65,12,5,4,4,0,10,17,4,1.3862943611198906,1.3862943611198906,0.0,0.0,0.0,0.0,3.044522437723423,2.4849066497880004,4.189654742026425,2.5649493574615367,1.791759469228055,1.6094379124341003,1.6094379124341003,0.0,2.3978952727983707,2.8903717578961645,1.6094379124341003
Cell_1189,200-Year (Mature),200,Developing Secondary Xylem (VND6/7+),0.5985465052946825,40,3,5,2,0,1,4,34,31,39,26,8,4,4,0,12,5,4,1.3862943611198906,1.791759469228055,1.0986122886681096,0.0,0.6931471805599453,1.6094379124341003,3.5553480614894135,3.4657359027997265,3.6888794541139363,3.295836866004329,2.1972245773362196,1.6094379124341003,1.6094379124341003,0.0,2.5649493574615367,1.791759469228055,1.6094379124341003
Cell_1190,200-Year (Mature),200,Developing Secondary Xylem (VND6/7+),0.6249563610077925,40,5,2,2,0,1,0,24,17,30,27,9,5,0,0,7,5,4,1.791759469228055,1.0986122886681096,1.0986122886681096,0.0,0.6931471805599453,0.0,3.2188758248682006,2.8903717578961645,3.4339872044851463,3.332204510175204,2.302585092994046,1.791759469228055,0.0,0.0,2.0794415416798357,1.791759469228055,1.6094379124341003
Cell_1191,200-Year (Mature),200,Developing Secondary Xylem (VND6/7+),0.8263528701780245,35,2,0,0,0,2,3,16,22,28,9,5,8,2,1,8,15,3,1.0986122886681096,0.0,0.0,0.0,1.0986122886681096,1.3862943611198906,2.833213344056216,3.1354942159291497,3.367295829986474,2.302585092994046,1.791759469228055,2.1972245773362196,1.0986122886681096,0.6931471805599453,2.1972245773362196,2.772588722239781,1.3862943611198906
Cell_1192,200-Year (Mature),200,Developing Secondary Xylem (VND6/7+),0.7866556660424945,38,1,2,1,3,0,0,27,28,35,19,1,6,6,0,4,15,3,0.6931471805599453,1.0986122886681096,0.6931471805599453,1.3862943611198906,0.0,0.0,3.332204510175204,3.367295829986474,3.58351893845611,2.995732273553991,0.6931471805599453,1.9459101490553132,1.9459101490553132,0.0,1.6094379124341003,2.772588722239781,1.3862943611198906
Cell_1193,200-Year (Mature),200,Developing Secondary Xylem (VND6/7+),0.3457079898617679,26,0,1,0,0,1,0,41,17,33,18,2,6,1,0,7,11,5,0.0,0.6931471805599453,0.0,0.0,0.6931471805599453,0.0,3.7376696182833684,2.8903717578961645,3.5263605246161616,2.9444389791664403,1.0986122886681096,1.9459101490553132,0.6931471805599453,0.0,2.0794415416798357,2.4849066497880004,1.791759469228055
Cell_1194,200-Year (Mature),200,Developing Secondary Xylem (VND6/7+),0.6686109900174305,45,0,5,0,1,2,1,19,20,36,12,1,2,5,1,2,6,5,0.0,1.791759469228055,0.0,0.6931471805599453,1.0986122886681096,0.6931471805599453,2.995732273553991,3.044522437723423,3.6109179126442243,2.5649493574615367,0.6931471805599453,1.0986122886681096,1.791759469228055,0.6931471805599453,1.0986122886681096,1.9459101490553132,1.791759469228055
Cell_1195,200-Year (Mature),200,Developing Secondary Xylem (VND6/7+),0.7600501005450399,38,1,10,0,0,0,3,22,31,22,12,4,6,0,0,7,17,4,0.6931471805599453,2.3978952727983707,0.0,0.0,0.0,1.3862943611198906,3.1354942159291497,3.4657359027997265,3.1354942159291497,2.5649493574615367,1.6094379124341003,1.9459101490553132,0.0,0.0,2.0794415416798357,2.8903717578961645,1.6094379124341003
Cell_1196,200-Year (Mature),200,Developing Secondary Xylem (VND6/7+),0.2528405241546586,35,0,4,0,1,1,0,15,18,44,18,9,4,1,2,0,22,7,0.0,1.6094379124341003,0.0,0.6931471805599453,0.6931471805599453,0.0,2.772588722239781,2.9444389791664403,3.8066624897703196,2.9444389791664403,2.302585092994046,1.6094379124341003,0.6931471805599453,1.0986122886681096,0.0,3.1354942159291497,2.0794415416798357
Cell_1197,200-Year (Mature),200,Developing Secondary Xylem (VND6/7+),0.7234047047750003,40,10,2,0,0,3,0,21,16,49,11,4,0,0,0,7,9,5,2.3978952727983707,1.0986122886681096,0.0,0.0,1.3862943611198906,0.0,3.091042453358316,2.833213344056216,3.912023005428146,2.4849066497880004,1.6094379124341003,0.0,0.0,0.0,2.0794415416798357,2.302585092994046,1.791759469228055
Cell_1198,200-Year (Mature),200,Developing Secondary Xylem (VND6/7+),0.9598494236900927,33,1,4,0,1,2,1,23,43,30,13,3,2,2,1,15,9,3,0.6931471805599453,1.6094379124341003,0.0,0.6931471805599453,1.0986122886681096,0.6931471805599453,3.1780538303479458,3.784189633918261,3.4339872044851463,2.639057329615259,1.3862943611198906,1.0986122886681096,1.0986122886681096,0.6931471805599453,2.772588722239781,2.302585092994046,1.3862943611198906
Cell_1199,200-Year (Mature),200,Developing Secondary Xylem (VND6/7+),0.5548428871284617,37,1,4,0,0,0,0,35,13,38,5,5,3,11,0,6,14,6,0.6931471805599453,1.6094379124341003,0.0,0.0,0.0,0.0,3.58351893845611,2.639057329615259,3.6635616461296463,1.791759469228055,1.791759469228055,1.3862943611198906,2.4849066497880004,0.0,1.9459101490553132,2.70805020110221,1.9459101490553132
Cell_1200,200-Year (Mature),200,Developing Secondary Xylem (VND6/7+),0.7048215487749125,54,2,4,2,0,1,2,26,23,25,12,3,0,6,3,10,3,2,1.0986122886681096,1.6094379124341003,1.0986122886681096,0.0,0.6931471805599453,1.0986122886681096,3.295836866004329,3.1780538303479458,3.258096538021482,2.5649493574615367,1.3862943611198906,0.0,1.9459101490553132,1.3862943611198906,2.3978952727983707,1.3862943611198906,1.0986122886681096
Cell_1201,200-Year (Mature),200,Developing Secondary Xylem (VND6/7+),0.8120032548786456,38,0,1,1,1,0,0,29,21,61,28,2,2,2,0,12,11,3,0.0,0.6931471805599453,0.6931471805599453,0.6931471805599453,0.0,0.0,3.4011973816621555,3.091042453358316,4.127134385045092,3.367295829986474,1.0986122886681096,1.0986122886681096,1.0986122886681096,0.0,2.5649493574615367,2.4849066497880004,1.3862943611198906
Cell_1202,200-Year (Mature),200,Developing Secondary Xylem (VND6/7+),0.8659598850022195,30,3,10,0,0,0,3,27,23,34,25,4,1,2,0,7,3,9,1.3862943611198906,2.3978952727983707,0.0,0.0,0.0,1.3862943611198906,3.332204510175204,3.1780538303479458,3.5553480614894135,3.258096538021482,1.6094379124341003,0.6931471805599453,1.0986122886681096,0.0,2.0794415416798357,1.3862943611198906,2.302585092994046
Cell_1203,200-Year (Mature),200,Developing Secondary Xylem (VND6/7+),0.8228798985682867,31,4,3,0,0,0,3,12,28,47,12,5,0,1,4,7,16,2,1.6094379124341003,1.3862943611198906,0.0,0.0,0.0,1.3862943611198906,2.5649493574615367,3.367295829986474,3.8712010109078907,2.5649493574615367,1.791759469228055,0.0,0.6931471805599453,1.6094379124341003,2.0794415416798357,2.833213344056216,1.0986122886681096
Cell_1204,200-Year (Mature),200,Developing Secondary Xylem (VND6/7+),0.6361275076795708,29,1,6,0,1,1,0,22,16,25,17,5,5,7,1,14,15,3,0.6931471805599453,1.9459101490553132,0.0,0.6931471805599453,0.6931471805599453,0.0,3.1354942159291497,2.833213344056216,3.258096538021482,2.8903717578961645,1.791759469228055,1.791759469228055,2.0794415416798357,0.6931471805599453,2.70805020110221,2.772588722239781,1.3862943611198906
Cell_1205,200-Year (Mature),200,Developing Secondary Xylem (VND6/7+),0.6631161244700557,39,1,0,0,1,1,1,17,36,34,19,3,5,4,0,2,10,1,0.6931471805599453,0.0,0.0,0.6931471805599453,0.6931471805599453,0.6931471805599453,2.8903717578961645,3.6109179126442243,3.5553480614894135,2.995732273553991,1.3862943611198906,1.791759469228055,1.6094379124341003,0.0,1.0986122886681096,2.3978952727983707,0.6931471805599453
Cell_1206,200-Year (Mature),200,Developing Secondary Xylem (VND6/7+),0.5626778433389124,39,7,3,0,0,0,3,22,30,25,15,5,6,2,0,7,19,4,2.0794415416798357,1.3862943611198906,0.0,0.0,0.0,1.3862943611198906,3.1354942159291497,3.4339872044851463,3.258096538021482,2.772588722239781,1.791759469228055,1.9459101490553132,1.0986122886681096,0.0,2.0794415416798357,2.995732273553991,1.6094379124341003
Cell_1207,200-Year (Mature),200,Developing Secondary Xylem (VND6/7+),0.8689740221551526,34,2,0,0,1,1,2,26,27,44,14,5,0,5,2,5,6,6,1.0986122886681096,0.0,0.0,0.6931471805599453,0.6931471805599453,1.0986122886681096,3.295836866004329,3.332204510175204,3.8066624897703196,2.70805020110221,1.791759469228055,0.0,1.791759469228055,1.0986122886681096,1.791759469228055,1.9459101490553132,1.9459101490553132
Cell_1208,200-Year (Mature),200,Developing Secondary Xylem (VND6/7+),0.6676362962993533,35,3,0,1,1,2,0,20,37,24,9,1,0,2,0,6,17,5,1.3862943611198906,0.0,0.6931471805599453,0.6931471805599453,1.0986122886681096,0.0,3.044522437723423,3.6375861597263857,3.2188758248682006,2.302585092994046,0.6931471805599453,0.0,1.0986122886681096,0.0,1.9459101490553132,2.8903717578961645,1.791759469228055
Cell_1209,200-Year (Mature),200,Developing Secondary Xylem (VND6/7+),0.6588266735964212,49,6,1,0,0,1,0,35,25,53,5,10,6,11,1,18,6,4,1.9459101490553132,0.6931471805599453,0.0,0.0,0.6931471805599453,0.0,3.58351893845611,3.258096538021482,3.9889840465642745,1.791759469228055,2.3978952727983707,1.9459101490553132,2.4849066497880004,0.6931471805599453,2.9444389791664403,1.9459101490553132,1.6094379124341003
Cell_1210,200-Year (Mature),200,Developing Secondary Xylem (VND6/7+),0.9135173961957038,34,2,2,0,0,0,1,22,28,26,17,3,6,1,1,6,17,3,1.0986122886681096,1.0986122886681096,0.0,0.0,0.0,0.6931471805599453,3.1354942159291497,3.367295829986474,3.295836866004329,2.8903717578961645,1.3862943611198906,1.9459101490553132,0.6931471805599453,0.6931471805599453,1.9459101490553132,2.8903717578961645,1.3862943611198906
Cell_1211,200-Year (Mature),200,Developing Secondary Xylem (VND6/7+),0.709406985138157,39,0,1,0,0,1,0,18,19,14,21,1,2,3,2,2,14,5,0.0,0.6931471805599453,0.0,0.0,0.6931471805599453,0.0,2.9444389791664403,2.995732273553991,2.70805020110221,3.091042453358316,0.6931471805599453,1.0986122886681096,1.3862943611198906,1.0986122886681096,1.0986122886681096,2.70805020110221,1.791759469228055
Cell_1212,200-Year (Mature),200,Developing Secondary Xylem (VND6/7+),0.8575604013937062,53,9,1,2,1,1,2,36,32,23,15,0,4,1,0,2,18,2,2.302585092994046,0.6931471805599453,1.0986122886681096,0.6931471805599453,0.6931471805599453,1.0986122886681096,3.6109179126442243,3.4965075614664802,3.1780538303479458,2.772588722239781,0.0,1.6094379124341003,0.6931471805599453,0.0,1.0986122886681096,2.9444389791664403,1.0986122886681096
Cell_1213,200-Year (Mature),200,Developing Secondary Xylem (VND6/7+),0.5425462451937753,45,4,4,0,1,2,2,39,13,26,16,2,4,5,4,9,8,1,1.6094379124341003,1.6094379124341003,0.0,0.6931471805599453,1.0986122886681096,1.0986122886681096,3.6888794541139363,2.639057329615259,3.295836866004329,2.833213344056216,1.0986122886681096,1.6094379124341003,1.791759469228055,1.6094379124341003,2.302585092994046,2.1972245773362196,0.6931471805599453
Cell_1214,200-Year (Mature),200,Developing Secondary Xylem (VND6/7+),0.5841248492503598,41,1,2,1,0,0,0,20,14,34,14,0,3,6,1,4,13,2,0.6931471805599453,1.0986122886681096,0.6931471805599453,0.0,0.0,0.0,3.044522437723423,2.70805020110221,3.5553480614894135,2.70805020110221,0.0,1.3862943611198906,1.9459101490553132,0.6931471805599453,1.6094379124341003,2.639057329615259,1.0986122886681096
Cell_1215,200-Year (Mature),200,Developing Secondary Xylem (VND6/7+),0.3179405102671542,40,0,4,0,0,0,0,18,23,43,16,4,3,2,4,10,14,1,0.0,1.6094379124341003,0.0,0.0,0.0,0.0,2.9444389791664403,3.1780538303479458,3.784189633918261,2.833213344056216,1.6094379124341003,1.3862943611198906,1.0986122886681096,1.6094379124341003,2.3978952727983707,2.70805020110221,0.6931471805599453
Cell_1216,200-Year (Mature),200,Developing Secondary Xylem (VND6/7+),0.8415934766578826,39,0,1,0,0,0,0,25,15,28,21,5,3,2,0,9,23,6,0.0,0.6931471805599453,0.0,0.0,0.0,0.0,3.258096538021482,2.772588722239781,3.367295829986474,3.091042453358316,1.791759469228055,1.3862943611198906,1.0986122886681096,0.0,2.302585092994046,3.1780538303479458,1.9459101490553132
Cell_1217,200-Year (Mature),200,Developing Secondary Xylem (VND6/7+),0.4873326307817789,35,2,1,0,0,0,0,19,27,39,16,9,2,0,1,1,7,8,1.0986122886681096,0.6931471805599453,0.0,0.0,0.0,0.0,2.995732273553991,3.332204510175204,3.6888794541139363,2.833213344056216,2.302585092994046,1.0986122886681096,0.0,0.6931471805599453,0.6931471805599453,2.0794415416798357,2.1972245773362196
Cell_1218,200-Year (Mature),200,Developing Secondary Xylem (VND6/7+),0.6123820407446702,27,3,6,0,0,1,0,32,21,24,7,4,2,0,0,2,14,4,1.3862943611198906,1.9459101490553132,0.0,0.0,0.6931471805599453,0.0,3.4965075614664802,3.091042453358316,3.2188758248682006,2.0794415416798357,1.6094379124341003,1.0986122886681096,0.0,0.0,1.0986122886681096,2.70805020110221,1.6094379124341003
Cell_1219,200-Year (Mature),200,Developing Secondary Xylem (VND6/7+),0.492427311581346,24,4,2,2,0,2,0,40,8,30,15,6,4,4,2,3,22,3,1.6094379124341003,1.0986122886681096,1.0986122886681096,0.0,1.0986122886681096,0.0,3.713572066704308,2.1972245773362196,3.4339872044851463,2.772588722239781,1.9459101490553132,1.6094379124341003,1.6094379124341003,1.0986122886681096,1.3862943611198906,3.1354942159291497,1.3862943611198906
Cell_1220,200-Year (Mature),200,Developing Secondary Xylem (VND6/7+),0.7036674019668396,34,2,2,1,0,0,1,32,17,27,12,8,11,5,0,9,6,5,1.0986122886681096,1.0986122886681096,0.6931471805599453,0.0,0.0,0.6931471805599453,3.4965075614664802,2.8903717578961645,3.332204510175204,2.5649493574615367,2.1972245773362196,2.4849066497880004,1.791759469228055,0.0,2.302585092994046,1.9459101490553132,1.791759469228055
Cell_1221,200-Year (Mature),200,Developing Secondary Xylem (VND6/7+),0.4938668957751405,31,1,1,0,0,3,0,28,26,55,9,4,1,2,1,24,10,1,0.6931471805599453,0.6931471805599453,0.0,0.0,1.3862943611198906,0.0,3.367295829986474,3.295836866004329,4.02535169073515,2.302585092994046,1.6094379124341003,0.6931471805599453,1.0986122886681096,0.6931471805599453,3.2188758248682006,2.3978952727983707,0.6931471805599453
Cell_1222,200-Year (Mature),200,Developing Secondary Xylem (VND6/7+),0.24228825084285946,40,3,1,1,0,1,0,18,21,47,13,5,5,8,0,14,14,11,1.3862943611198906,0.6931471805599453,0.6931471805599453,0.0,0.6931471805599453,0.0,2.9444389791664403,3.091042453358316,3.8712010109078907,2.639057329615259,1.791759469228055,1.791759469228055,2.1972245773362196,0.0,2.70805020110221,2.70805020110221,2.4849066497880004
Cell_1223,200-Year (Mature),200,Developing Secondary Xylem (VND6/7+),0.4966717452153452,33,2,8,0,0,2,5,37,32,24,28,3,5,5,3,7,16,4,1.0986122886681096,2.1972245773362196,0.0,0.0,1.0986122886681096,1.791759469228055,3.6375861597263857,3.4965075614664802,3.2188758248682006,3.367295829986474,1.3862943611198906,1.791759469228055,1.791759469228055,1.3862943611198906,2.0794415416798357,2.833213344056216,1.6094379124341003
Cell_1224,200-Year (Mature),200,Developing Secondary Xylem (VND6/7+),0.7746695932513087,44,1,10,0,0,4,0,19,22,40,11,3,2,3,0,3,10,7,0.6931471805599453,2.3978952727983707,0.0,0.0,1.6094379124341003,0.0,2.995732273553991,3.1354942159291497,3.713572066704308,2.4849066497880004,1.3862943611198906,1.0986122886681096,1.3862943611198906,0.0,1.3862943611198906,2.3978952727983707,2.0794415416798357
Cell_1225,200-Year (Mature),200,Developing Secondary Xylem (VND6/7+),0.5626213519792255,34,5,1,0,0,2,4,28,21,25,16,0,0,6,0,9,19,4,1.791759469228055,0.6931471805599453,0.0,0.0,1.0986122886681096,1.6094379124341003,3.367295829986474,3.091042453358316,3.258096538021482,2.833213344056216,0.0,0.0,1.9459101490553132,0.0,2.302585092994046,2.995732273553991,1.6094379124341003
Cell_1226,200-Year (Mature),200,Developing Secondary Xylem (VND6/7+),0.6100969558659994,48,3,4,0,0,0,0,18,30,37,25,2,0,1,1,2,7,6,1.3862943611198906,1.6094379124341003,0.0,0.0,0.0,0.0,2.9444389791664403,3.4339872044851463,3.6375861597263857,3.258096538021482,1.0986122886681096,0.0,0.6931471805599453,0.6931471805599453,1.0986122886681096,2.0794415416798357,1.9459101490553132
Cell_1227,200-Year (Mature),200,Developing Secondary Xylem (VND6/7+),0.5382421261958649,20,0,12,0,1,1,0,30,13,21,9,7,2,1,0,8,10,4,0.0,2.5649493574615367,0.0,0.6931471805599453,0.6931471805599453,0.0,3.4339872044851463,2.639057329615259,3.091042453358316,2.302585092994046,2.0794415416798357,1.0986122886681096,0.6931471805599453,0.0,2.1972245773362196,2.3978952727983707,1.6094379124341003
Cell_1228,200-Year (Mature),200,Developing Secondary Xylem (VND6/7+),0.7052572894809799,33,1,1,2,0,3,0,22,18,50,11,5,1,6,1,12,9,0,0.6931471805599453,0.6931471805599453,1.0986122886681096,0.0,1.3862943611198906,0.0,3.1354942159291497,2.9444389791664403,3.9318256327243257,2.4849066497880004,1.791759469228055,0.6931471805599453,1.9459101490553132,0.6931471805599453,2.5649493574615367,2.302585092994046,0.0
Cell_1229,200-Year (Mature),200,Developing Secondary Xylem (VND6/7+),0.7887040561378317,39,6,1,0,0,1,1,37,16,64,13,6,2,6,1,3,9,2,1.9459101490553132,0.6931471805599453,0.0,0.0,0.6931471805599453,0.6931471805599453,3.6375861597263857,2.833213344056216,4.174387269895637,2.639057329615259,1.9459101490553132,1.0986122886681096,1.9459101490553132,0.6931471805599453,1.3862943611198906,2.302585092994046,1.0986122886681096
Cell_1230,200-Year (Mature),200,Developing Secondary Xylem (VND6/7+),0.7198252228390413,30,2,3,0,1,1,1,25,26,35,14,3,1,2,1,4,19,5,1.0986122886681096,1.3862943611198906,0.0,0.6931471805599453,0.6931471805599453,0.6931471805599453,3.258096538021482,3.295836866004329,3.58351893845611,2.70805020110221,1.3862943611198906,0.6931471805599453,1.0986122886681096,0.6931471805599453,1.6094379124341003,2.995732273553991,1.791759469228055
Cell_1231,200-Year (Mature),200,Developing Secondary Xylem (VND6/7+),0.8419389912110963,30,1,2,0,2,0,1,24,25,53,20,1,1,2,0,12,22,4,0.6931471805599453,1.0986122886681096,0.0,1.0986122886681096,0.0,0.6931471805599453,3.2188758248682006,3.258096538021482,3.9889840465642745,3.044522437723423,0.6931471805599453,0.6931471805599453,1.0986122886681096,0.0,2.5649493574615367,3.1354942159291497,1.6094379124341003
Cell_1232,200-Year (Mature),200,Developing Secondary Xylem (VND6/7+),0.4632194008226279,36,7,4,2,0,1,0,21,28,31,21,6,5,5,2,12,15,3,2.0794415416798357,1.6094379124341003,1.0986122886681096,0.0,0.6931471805599453,0.0,3.091042453358316,3.367295829986474,3.4657359027997265,3.091042453358316,1.9459101490553132,1.791759469228055,1.791759469228055,1.0986122886681096,2.5649493574615367,2.772588722239781,1.3862943611198906
Cell_1233,200-Year (Mature),200,Developing Secondary Xylem (VND6/7+),0.5876106086727015,36,2,3,0,0,0,2,26,4,38,6,6,9,2,0,15,17,5,1.0986122886681096,1.3862943611198906,0.0,0.0,0.0,1.0986122886681096,3.295836866004329,1.6094379124341003,3.6635616461296463,1.9459101490553132,1.9459101490553132,2.302585092994046,1.0986122886681096,0.0,2.772588722239781,2.8903717578961645,1.791759469228055
Cell_1234,200-Year (Mature),200,Developing Secondary Xylem (VND6/7+),0.8583634298969752,39,1,0,0,0,1,1,39,19,34,25,7,7,1,0,3,12,4,0.6931471805599453,0.0,0.0,0.0,0.6931471805599453,0.6931471805599453,3.6888794541139363,2.995732273553991,3.5553480614894135,3.258096538021482,2.0794415416798357,2.0794415416798357,0.6931471805599453,0.0,1.3862943611198906,2.5649493574615367,1.6094379124341003
Cell_1235,200-Year (Mature),200,Developing Secondary Xylem (VND6/7+),0.4165647183649284,22,1,0,0,0,1,2,26,29,31,20,4,2,1,0,5,10,6,0.6931471805599453,0.0,0.0,0.0,0.6931471805599453,1.0986122886681096,3.295836866004329,3.4011973816621555,3.4657359027997265,3.044522437723423,1.6094379124341003,1.0986122886681096,0.6931471805599453,0.0,1.791759469228055,2.3978952727983707,1.9459101490553132
Cell_1236,200-Year (Mature),200,Developing Secondary Xylem (VND6/7+),0.546884190400991,43,0,3,0,0,3,4,33,12,34,7,6,1,2,2,13,9,7,0.0,1.3862943611198906,0.0,0.0,1.3862943611198906,1.6094379124341003,3.5263605246161616,2.5649493574615367,3.5553480614894135,2.0794415416798357,1.9459101490553132,0.6931471805599453,1.0986122886681096,1.0986122886681096,2.639057329615259,2.302585092994046,2.0794415416798357
Cell_1237,200-Year (Mature),200,Developing Secondary Xylem (VND6/7+),0.9589471237135929,32,1,1,0,0,0,0,32,17,33,20,5,5,3,0,4,23,3,0.6931471805599453,0.6931471805599453,0.0,0.0,0.0,0.0,3.4965075614664802,2.8903717578961645,3.5263605246161616,3.044522437723423,1.791759469228055,1.791759469228055,1.3862943611198906,0.0,1.6094379124341003,3.1780538303479458,1.3862943611198906
Cell_1238,200-Year (Mature),200,Developing Secondary Xylem (VND6/7+),0.6084400584938974,33,4,1,1,0,0,0,41,33,50,15,3,4,2,0,3,19,8,1.6094379124341003,0.6931471805599453,0.6931471805599453,0.0,0.0,0.0,3.7376696182833684,3.5263605246161616,3.9318256327243257,2.772588722239781,1.3862943611198906,1.6094379124341003,1.0986122886681096,0.0,1.3862943611198906,2.995732273553991,2.1972245773362196
Cell_1239,200-Year (Mature),200,Developing Secondary Xylem (VND6/7+),0.9855755369045571,40,2,1,0,0,4,2,24,33,41,15,3,7,1,3,14,12,1,1.0986122886681096,0.6931471805599453,0.0,0.0,1.6094379124341003,1.0986122886681096,3.2188758248682006,3.5263605246161616,3.7376696182833684,2.772588722239781,1.3862943611198906,2.0794415416798357,0.6931471805599453,1.3862943611198906,2.70805020110221,2.5649493574615367,0.6931471805599453
Cell_1240,200-Year (Mature),200,Developing Secondary Xylem (VND6/7+),0.7126273004740541,36,1,4,0,0,1,0,37,17,38,18,2,1,7,0,8,27,8,0.6931471805599453,1.6094379124341003,0.0,0.0,0.6931471805599453,0.0,3.6375861597263857,2.8903717578961645,3.6635616461296463,2.9444389791664403,1.0986122886681096,0.6931471805599453,2.0794415416798357,0.0,2.1972245773362196,3.332204510175204,2.1972245773362196
Cell_1241,200-Year (Mature),200,Developing Secondary Xylem (VND6/7+),0.7998398474082536,25,3,0,0,0,1,0,39,15,34,13,4,4,1,0,4,28,4,1.3862943611198906,0.0,0.0,0.0,0.6931471805599453,0.0,3.6888794541139363,2.772588722239781,3.5553480614894135,2.639057329615259,1.6094379124341003,1.6094379124341003,0.6931471805599453,0.0,1.6094379124341003,3.367295829986474,1.6094379124341003
Cell_1242,200-Year (Mature),200,Developing Secondary Xylem (VND6/7+),0.8212294643236328,31,0,5,2,0,0,0,32,30,43,14,3,0,3,1,10,22,2,0.0,1.791759469228055,1.0986122886681096,0.0,0.0,0.0,3.4965075614664802,3.4339872044851463,3.784189633918261,2.70805020110221,1.3862943611198906,0.0,1.3862943611198906,0.6931471805599453,2.3978952727983707,3.1354942159291497,1.0986122886681096
Cell_1243,200-Year (Mature),200,Developing Secondary Xylem (VND6/7+),0.8832307114980302,34,1,5,1,1,0,0,27,14,62,16,1,1,6,2,10,16,19,0.6931471805599453,1.791759469228055,0.6931471805599453,0.6931471805599453,0.0,0.0,3.332204510175204,2.70805020110221,4.143134726391533,2.833213344056216,0.6931471805599453,0.6931471805599453,1.9459101490553132,1.0986122886681096,2.3978952727983707,2.833213344056216,2.995732273553991
Cell_1244,200-Year (Mature),200,Developing Secondary Xylem (VND6/7+),0.7854413996881819,31,0,3,0,0,2,1,14,28,26,15,1,6,1,3,6,14,2,0.0,1.3862943611198906,0.0,0.0,1.0986122886681096,0.6931471805599453,2.70805020110221,3.367295829986474,3.295836866004329,2.772588722239781,0.6931471805599453,1.9459101490553132,0.6931471805599453,1.3862943611198906,1.9459101490553132,2.70805020110221,1.0986122886681096
Cell_1245,200-Year (Mature),200,Developing Secondary Xylem (VND6/7+),0.6727569627929398,35,3,3,1,0,4,0,30,8,37,11,1,3,2,1,2,4,3,1.3862943611198906,1.3862943611198906,0.6931471805599453,0.0,1.6094379124341003,0.0,3.4339872044851463,2.1972245773362196,3.6375861597263857,2.4849066497880004,0.6931471805599453,1.3862943611198906,1.0986122886681096,0.6931471805599453,1.0986122886681096,1.6094379124341003,1.3862943611198906
Cell_1246,200-Year (Mature),200,Developing Secondary Xylem (VND6/7+),0.9173736872254309,36,2,1,3,0,0,1,20,11,25,1,4,2,3,2,5,9,8,1.0986122886681096,0.6931471805599453,1.3862943611198906,0.0,0.0,0.6931471805599453,3.044522437723423,2.4849066497880004,3.258096538021482,0.6931471805599453,1.6094379124341003,1.0986122886681096,1.3862943611198906,1.0986122886681096,1.791759469228055,2.302585092994046,2.1972245773362196
Cell_1247,200-Year (Mature),200,Developing Secondary Xylem (VND6/7+),0.5751769491668604,36,3,4,0,0,2,1,19,8,48,18,6,2,3,0,4,10,4,1.3862943611198906,1.6094379124341003,0.0,0.0,1.0986122886681096,0.6931471805599453,2.995732273553991,2.1972245773362196,3.8918202981106265,2.9444389791664403,1.9459101490553132,1.0986122886681096,1.3862943611198906,0.0,1.6094379124341003,2.3978952727983707,1.6094379124341003
Cell_1248,200-Year (Mature),200,Developing Secondary Xylem (VND6/7+),0.8110505160712541,34,1,4,0,1,0,1,30,12,29,14,5,2,7,1,7,24,12,0.6931471805599453,1.6094379124341003,0.0,0.6931471805599453,0.0,0.6931471805599453,3.4339872044851463,2.5649493574615367,3.4011973816621555,2.70805020110221,1.791759469228055,1.0986122886681096,2.0794415416798357,0.6931471805599453,2.0794415416798357,3.2188758248682006,2.5649493574615367
Cell_1249,200-Year (Mature),200,Developing Secondary Xylem (VND6/7+),0.654663324572722,32,1,6,0,0,2,1,28,18,36,4,4,3,2,0,5,17,1,0.6931471805599453,1.9459101490553132,0.0,0.0,1.0986122886681096,0.6931471805599453,3.367295829986474,2.9444389791664403,3.6109179126442243,1.6094379124341003,1.6094379124341003,1.3862943611198906,1.0986122886681096,0.0,1.791759469228055,2.8903717578961645,0.6931471805599453
Cell_1250,200-Year (Mature),200,Developing Secondary Xylem (VND6/7+),0.7892450496454271,35,0,3,0,0,0,0,42,15,31,15,9,5,5,3,3,7,5,0.0,1.3862943611198906,0.0,0.0,0.0,0.0,3.7612001156935624,2.772588722239781,3.4657359027997265,2.772588722239781,2.302585092994046,1.791759469228055,1.791759469228055,1.3862943611198906,1.3862943611198906,2.0794415416798357,1.791759469228055
Cell_1251,200-Year (Mature),200,Developing Secondary Xylem (VND6/7+),0.45143233252549825,29,4,1,0,0,0,1,21,36,38,13,1,3,0,0,13,23,1,1.6094379124341003,0.6931471805599453,0.0,0.0,0.0,0.6931471805599453,3.091042453358316,3.6109179126442243,3.6635616461296463,2.639057329615259,0.6931471805599453,1.3862943611198906,0.0,0.0,2.639057329615259,3.1780538303479458,0.6931471805599453
Cell_1252,200-Year (Mature),200,Developing Secondary Xylem (VND6/7+),0.9076812887480801,36,0,0,1,0,2,0,29,17,61,8,4,0,4,2,13,10,2,0.0,0.0,0.6931471805599453,0.0,1.0986122886681096,0.0,3.4011973816621555,2.8903717578961645,4.127134385045092,2.1972245773362196,1.6094379124341003,0.0,1.6094379124341003,1.0986122886681096,2.639057329615259,2.3978952727983707,1.0986122886681096
Cell_1253,200-Year (Mature),200,Developing Secondary Xylem (VND6/7+),0.6689769220575236,36,0,2,1,0,1,3,29,24,48,24,7,1,10,0,14,7,5,0.0,1.0986122886681096,0.6931471805599453,0.0,0.6931471805599453,1.3862943611198906,3.4011973816621555,3.2188758248682006,3.8918202981106265,3.2188758248682006,2.0794415416798357,0.6931471805599453,2.3978952727983707,0.0,2.70805020110221,2.0794415416798357,1.791759469228055
Cell_1254,200-Year (Mature),200,Developing Secondary Xylem (VND6/7+),0.5348649590129302,42,0,3,3,0,3,1,42,24,27,20,9,3,2,1,9,8,5,0.0,1.3862943611198906,1.3862943611198906,0.0,1.3862943611198906,0.6931471805599453,3.7612001156935624,3.2188758248682006,3.332204510175204,3.044522437723423,2.302585092994046,1.3862943611198906,1.0986122886681096,0.6931471805599453,2.302585092994046,2.1972245773362196,1.791759469228055
Cell_1255,200-Year (Mature),200,Developing Secondary Xylem (VND6/7+),0.42021740561568627,42,3,1,0,1,1,6,19,14,33,10,7,1,4,1,15,11,4,1.3862943611198906,0.6931471805599453,0.0,0.6931471805599453,0.6931471805599453,1.9459101490553132,2.995732273553991,2.70805020110221,3.5263605246161616,2.3978952727983707,2.0794415416798357,0.6931471805599453,1.6094379124341003,0.6931471805599453,2.772588722239781,2.4849066497880004,1.6094379124341003
Cell_1256,200-Year (Mature),200,Developing Secondary Xylem (VND6/7+),0.4505561190305054,39,0,3,0,0,1,0,42,17,31,8,6,0,3,1,10,18,4,0.0,1.3862943611198906,0.0,0.0,0.6931471805599453,0.0,3.7612001156935624,2.8903717578961645,3.4657359027997265,2.1972245773362196,1.9459101490553132,0.0,1.3862943611198906,0.6931471805599453,2.3978952727983707,2.9444389791664403,1.6094379124341003
Cell_1257,200-Year (Mature),200,Developing Secondary Xylem (VND6/7+),0.6317925222985687,35,2,5,2,1,1,3,25,19,40,20,4,0,0,2,5,18,3,1.0986122886681096,1.791759469228055,1.0986122886681096,0.6931471805599453,0.6931471805599453,1.3862943611198906,3.258096538021482,2.995732273553991,3.713572066704308,3.044522437723423,1.6094379124341003,0.0,0.0,1.0986122886681096,1.791759469228055,2.9444389791664403,1.3862943611198906
Cell_1258,200-Year (Mature),200,Developing Secondary Xylem (VND6/7+),0.8913887143887571,46,5,5,0,0,1,1,27,20,35,13,5,1,1,2,3,6,5,1.791759469228055,1.791759469228055,0.0,0.0,0.6931471805599453,0.6931471805599453,3.332204510175204,3.044522437723423,3.58351893845611,2.639057329615259,1.791759469228055,0.6931471805599453,0.6931471805599453,1.0986122886681096,1.3862943611198906,1.9459101490553132,1.791759469228055
Cell_1259,200-Year (Mature),200,Developing Secondary Xylem (VND6/7+),0.5724976317333631,29,1,3,0,0,1,0,15,18,27,8,0,0,3,0,9,12,5,0.6931471805599453,1.3862943611198906,0.0,0.0,0.6931471805599453,0.0,2.772588722239781,2.9444389791664403,3.332204510175204,2.1972245773362196,0.0,0.0,1.3862943611198906,0.0,2.302585092994046,2.5649493574615367,1.791759469228055
Cell_1260,200-Year (Mature),200,Developing Secondary Xylem (VND6/7+),0.7928751168075486,29,1,2,0,0,1,1,29,29,27,10,5,2,2,2,2,14,3,0.6931471805599453,1.0986122886681096,0.0,0.0,0.6931471805599453,0.6931471805599453,3.4011973816621555,3.4011973816621555,3.332204510175204,2.3978952727983707,1.791759469228055,1.0986122886681096,1.0986122886681096,1.0986122886681096,1.0986122886681096,2.70805020110221,1.3862943611198906
Cell_1261,200-Year (Mature),200,Developing Secondary Xylem (VND6/7+),0.5881865700860444,34,0,2,3,0,1,0,20,31,14,17,0,5,5,1,8,13,6,0.0,1.0986122886681096,1.3862943611198906,0.0,0.6931471805599453,0.0,3.044522437723423,3.4657359027997265,2.70805020110221,2.8903717578961645,0.0,1.791759469228055,1.791759469228055,0.6931471805599453,2.1972245773362196,2.639057329615259,1.9459101490553132
Cell_1262,200-Year (Mature),200,Developing Secondary Xylem (VND6/7+),0.5195396855151,45,6,0,1,0,1,4,29,13,21,11,4,1,2,0,9,20,2,1.9459101490553132,0.0,0.6931471805599453,0.0,0.6931471805599453,1.6094379124341003,3.4011973816621555,2.639057329615259,3.091042453358316,2.4849066497880004,1.6094379124341003,0.6931471805599453,1.0986122886681096,0.0,2.302585092994046,3.044522437723423,1.0986122886681096
Cell_1263,200-Year (Mature),200,Developing Secondary Xylem (VND6/7+),0.8285485170677278,37,0,3,0,1,0,0,27,18,45,18,3,2,4,4,5,11,7,0.0,1.3862943611198906,0.0,0.6931471805599453,0.0,0.0,3.332204510175204,2.9444389791664403,3.828641396489095,2.9444389791664403,1.3862943611198906,1.0986122886681096,1.6094379124341003,1.6094379124341003,1.791759469228055,2.4849066497880004,2.0794415416798357
Cell_1264,200-Year (Mature),200,Developing Secondary Xylem (VND6/7+),0.6750828963385584,36,2,1,1,0,2,2,24,16,55,13,4,0,7,1,9,27,7,1.0986122886681096,0.6931471805599453,0.6931471805599453,0.0,1.0986122886681096,1.0986122886681096,3.2188758248682006,2.833213344056216,4.02535169073515,2.639057329615259,1.6094379124341003,0.0,2.0794415416798357,0.6931471805599453,2.302585092994046,3.332204510175204,2.0794415416798357
Cell_1265,200-Year (Mature),200,Developing Secondary Xylem (VND6/7+),0.7923699187600438,42,2,4,0,0,0,0,33,19,66,20,4,2,5,4,4,11,3,1.0986122886681096,1.6094379124341003,0.0,0.0,0.0,0.0,3.5263605246161616,2.995732273553991,4.204692619390966,3.044522437723423,1.6094379124341003,1.0986122886681096,1.791759469228055,1.6094379124341003,1.6094379124341003,2.4849066497880004,1.3862943611198906
Cell_1266,200-Year (Mature),200,Developing Secondary Xylem (VND6/7+),0.5972869075329498,45,0,1,0,1,1,0,24,10,46,14,4,2,3,2,1,13,7,0.0,0.6931471805599453,0.0,0.6931471805599453,0.6931471805599453,0.0,3.2188758248682006,2.3978952727983707,3.8501476017100584,2.70805020110221,1.6094379124341003,1.0986122886681096,1.3862943611198906,1.0986122886681096,0.6931471805599453,2.639057329615259,2.0794415416798357
Cell_1267,200-Year (Mature),200,Developing Secondary Xylem (VND6/7+),0.5355086526365036,51,1,4,0,0,1,3,21,22,43,5,3,1,3,0,22,23,5,0.6931471805599453,1.6094379124341003,0.0,0.0,0.6931471805599453,1.3862943611198906,3.091042453358316,3.1354942159291497,3.784189633918261,1.791759469228055,1.3862943611198906,0.6931471805599453,1.3862943611198906,0.0,3.1354942159291497,3.1780538303479458,1.791759469228055
Cell_1268,200-Year (Mature),200,Developing Secondary Xylem (VND6/7+),0.9589013192451695,44,1,9,0,0,2,3,35,40,40,15,7,2,2,3,8,10,7,0.6931471805599453,2.302585092994046,0.0,0.0,1.0986122886681096,1.3862943611198906,3.58351893845611,3.713572066704308,3.713572066704308,2.772588722239781,2.0794415416798357,1.0986122886681096,1.0986122886681096,1.3862943611198906,2.1972245773362196,2.3978952727983707,2.0794415416798357
Cell_1269,200-Year (Mature),200,Developing Secondary Xylem (VND6/7+),0.3288410271559704,29,0,4,0,0,0,0,23,33,43,16,4,0,0,0,6,13,8,0.0,1.6094379124341003,0.0,0.0,0.0,0.0,3.1780538303479458,3.5263605246161616,3.784189633918261,2.833213344056216,1.6094379124341003,0.0,0.0,0.0,1.9459101490553132,2.639057329615259,2.1972245773362196
Cell_1270,200-Year (Mature),200,Developing Secondary Xylem (VND6/7+),0.9607541064091721,33,1,1,0,1,1,3,34,39,33,31,7,1,5,0,9,5,3,0.6931471805599453,0.6931471805599453,0.0,0.6931471805599453,0.6931471805599453,1.3862943611198906,3.5553480614894135,3.6888794541139363,3.5263605246161616,3.4657359027997265,2.0794415416798357,0.6931471805599453,1.791759469228055,0.0,2.302585092994046,1.791759469228055,1.3862943611198906
Cell_1271,200-Year (Mature),200,Developing Secondary Xylem (VND6/7+),0.6615224448615193,36,2,4,0,0,0,1,20,17,52,14,3,3,7,0,4,13,2,1.0986122886681096,1.6094379124341003,0.0,0.0,0.0,0.6931471805599453,3.044522437723423,2.8903717578961645,3.970291913552122,2.70805020110221,1.3862943611198906,1.3862943611198906,2.0794415416798357,0.0,1.6094379124341003,2.639057329615259,1.0986122886681096
Cell_1272,200-Year (Mature),200,Developing Secondary Xylem (VND6/7+),0.7163952000191955,35,0,4,0,0,3,0,31,15,39,16,2,0,5,0,4,8,6,0.0,1.6094379124341003,0.0,0.0,1.3862943611198906,0.0,3.4657359027997265,2.772588722239781,3.6888794541139363,2.833213344056216,1.0986122886681096,0.0,1.791759469228055,0.0,1.6094379124341003,2.1972245773362196,1.9459101490553132
Cell_1273,200-Year (Mature),200,Developing Secondary Xylem (VND6/7+),0.8509662055807787,30,4,4,0,0,0,0,24,16,31,3,3,3,1,3,3,17,3,1.6094379124341003,1.6094379124341003,0.0,0.0,0.0,0.0,3.2188758248682006,2.833213344056216,3.4657359027997265,1.3862943611198906,1.3862943611198906,1.3862943611198906,0.6931471805599453,1.3862943611198906,1.3862943611198906,2.8903717578961645,1.3862943611198906
Cell_1274,200-Year (Mature),200,Developing Secondary Xylem (VND6/7+),0.9740820868481088,53,0,2,3,0,1,1,36,22,57,18,4,0,2,3,2,7,9,0.0,1.0986122886681096,1.3862943611198906,0.0,0.6931471805599453,0.6931471805599453,3.6109179126442243,3.1354942159291497,4.060443010546419,2.9444389791664403,1.6094379124341003,0.0,1.0986122886681096,1.3862943611198906,1.0986122886681096,2.0794415416798357,2.302585092994046
Cell_1275,200-Year (Mature),200,Developing Secondary Xylem (VND6/7+),0.7763587327310575,39,5,0,0,0,0,0,27,18,33,14,2,0,4,4,13,17,9,1.791759469228055,0.0,0.0,0.0,0.0,0.0,3.332204510175204,2.9444389791664403,3.5263605246161616,2.70805020110221,1.0986122886681096,0.0,1.6094379124341003,1.6094379124341003,2.639057329615259,2.8903717578961645,2.302585092994046
Cell_1276,200-Year (Mature),200,Developing Secondary Xylem (VND6/7+),0.9562739023489848,42,0,1,0,0,1,0,20,18,25,8,2,5,4,3,8,12,6,0.0,0.6931471805599453,0.0,0.0,0.6931471805599453,0.0,3.044522437723423,2.9444389791664403,3.258096538021482,2.1972245773362196,1.0986122886681096,1.791759469228055,1.6094379124341003,1.3862943611198906,2.1972245773362196,2.5649493574615367,1.9459101490553132
Cell_1277,200-Year (Mature),200,Developing Secondary Xylem (VND6/7+),0.9418616521556739,38,1,1,0,0,3,1,31,22,39,13,5,0,3,2,5,11,5,0.6931471805599453,0.6931471805599453,0.0,0.0,1.3862943611198906,0.6931471805599453,3.4657359027997265,3.1354942159291497,3.6888794541139363,2.639057329615259,1.791759469228055,0.0,1.3862943611198906,1.0986122886681096,1.791759469228055,2.4849066497880004,1.791759469228055
Cell_1278,200-Year (Mature),200,Developing Secondary Xylem (VND6/7+),0.7058850650132,34,0,1,0,0,1,3,30,25,34,10,3,2,2,1,5,11,8,0.0,0.6931471805599453,0.0,0.0,0.6931471805599453,1.3862943611198906,3.4339872044851463,3.258096538021482,3.5553480614894135,2.3978952727983707,1.3862943611198906,1.0986122886681096,1.0986122886681096,0.6931471805599453,1.791759469228055,2.4849066497880004,2.1972245773362196
Cell_1279,200-Year (Mature),200,Developing Secondary Xylem (VND6/7+),0.4775185757932636,30,0,4,1,0,1,1,23,31,31,10,10,4,12,0,3,21,6,0.0,1.6094379124341003,0.6931471805599453,0.0,0.6931471805599453,0.6931471805599453,3.1780538303479458,3.4657359027997265,3.4657359027997265,2.3978952727983707,2.3978952727983707,1.6094379124341003,2.5649493574615367,0.0,1.3862943611198906,3.091042453358316,1.9459101490553132
Cell_1280,200-Year (Mature),200,Developing Secondary Xylem (VND6/7+),0.9627667496931224,30,1,2,0,0,2,5,21,19,43,14,3,1,4,0,18,10,1,0.6931471805599453,1.0986122886681096,0.0,0.0,1.0986122886681096,1.791759469228055,3.091042453358316,2.995732273553991,3.784189633918261,2.70805020110221,1.3862943611198906,0.6931471805599453,1.6094379124341003,0.0,2.9444389791664403,2.3978952727983707,0.6931471805599453
Cell_1281,200-Year (Mature),200,Developing Secondary Xylem (VND6/7+),0.663431815970957,34,2,1,0,0,1,2,18,25,21,9,5,2,4,1,5,15,11,1.0986122886681096,0.6931471805599453,0.0,0.0,0.6931471805599453,1.0986122886681096,2.9444389791664403,3.258096538021482,3.091042453358316,2.302585092994046,1.791759469228055,1.0986122886681096,1.6094379124341003,0.6931471805599453,1.791759469228055,2.772588722239781,2.4849066497880004
Cell_1282,200-Year (Mature),200,Developing Secondary Xylem (VND6/7+),0.684978229854372,34,0,0,1,0,0,1,31,15,32,20,3,1,7,0,5,8,4,0.0,0.0,0.6931471805599453,0.0,0.0,0.6931471805599453,3.4657359027997265,2.772588722239781,3.4965075614664802,3.044522437723423,1.3862943611198906,0.6931471805599453,2.0794415416798357,0.0,1.791759469228055,2.1972245773362196,1.6094379124341003
Cell_1283,200-Year (Mature),200,Developing Secondary Xylem (VND6/7+),0.35456807585029687,38,4,5,0,0,1,1,27,19,42,29,5,3,4,0,8,18,2,1.6094379124341003,1.791759469228055,0.0,0.0,0.6931471805599453,0.6931471805599453,3.332204510175204,2.995732273553991,3.7612001156935624,3.4011973816621555,1.791759469228055,1.3862943611198906,1.6094379124341003,0.0,2.1972245773362196,2.9444389791664403,1.0986122886681096
Cell_1284,200-Year (Mature),200,Developing Secondary Xylem (VND6/7+),0.3935477943072177,37,0,6,0,1,0,3,18,13,36,17,8,0,0,0,11,10,6,0.0,1.9459101490553132,0.0,0.6931471805599453,0.0,1.3862943611198906,2.9444389791664403,2.639057329615259,3.6109179126442243,2.8903717578961645,2.1972245773362196,0.0,0.0,0.0,2.4849066497880004,2.3978952727983707,1.9459101490553132
Cell_1285,200-Year (Mature),200,Developing Secondary Xylem (VND6/7+),0.5429115902867382,24,1,1,0,0,0,5,41,9,45,16,5,1,4,1,12,13,3,0.6931471805599453,0.6931471805599453,0.0,0.0,0.0,1.791759469228055,3.7376696182833684,2.302585092994046,3.828641396489095,2.833213344056216,1.791759469228055,0.6931471805599453,1.6094379124341003,0.6931471805599453,2.5649493574615367,2.639057329615259,1.3862943611198906
Cell_1286,200-Year (Mature),200,Developing Secondary Xylem (VND6/7+),0.6802042853995387,34,1,1,0,0,2,1,38,9,31,16,6,4,4,0,9,23,1,0.6931471805599453,0.6931471805599453,0.0,0.0,1.0986122886681096,0.6931471805599453,3.6635616461296463,2.302585092994046,3.4657359027997265,2.833213344056216,1.9459101490553132,1.6094379124341003,1.6094379124341003,0.0,2.302585092994046,3.1780538303479458,0.6931471805599453
Cell_1287,200-Year (Mature),200,Developing Secondary Xylem (VND6/7+),0.35067030470609595,22,1,5,0,0,0,1,30,27,28,4,2,4,1,0,6,21,3,0.6931471805599453,1.791759469228055,0.0,0.0,0.0,0.6931471805599453,3.4339872044851463,3.332204510175204,3.367295829986474,1.6094379124341003,1.0986122886681096,1.6094379124341003,0.6931471805599453,0.0,1.9459101490553132,3.091042453358316,1.3862943611198906
Cell_1288,200-Year (Mature),200,Developing Secondary Xylem (VND6/7+),0.35628215404252933,35,3,4,0,0,1,0,31,31,46,11,1,3,4,1,6,19,1,1.3862943611198906,1.6094379124341003,0.0,0.0,0.6931471805599453,0.0,3.4657359027997265,3.4657359027997265,3.8501476017100584,2.4849066497880004,0.6931471805599453,1.3862943611198906,1.6094379124341003,0.6931471805599453,1.9459101490553132,2.995732273553991,0.6931471805599453
Cell_1289,200-Year (Mature),200,Developing Secondary Xylem (VND6/7+),0.5547859187225518,27,5,8,0,0,5,2,12,34,31,26,9,1,5,2,8,17,5,1.791759469228055,2.1972245773362196,0.0,0.0,1.791759469228055,1.0986122886681096,2.5649493574615367,3.5553480614894135,3.4657359027997265,3.295836866004329,2.302585092994046,0.6931471805599453,1.791759469228055,1.0986122886681096,2.1972245773362196,2.8903717578961645,1.791759469228055
Cell_1290,200-Year (Mature),200,Developing Secondary Xylem (VND6/7+),0.655727375297221,40,0,3,0,1,4,2,28,22,82,23,3,2,3,0,2,14,6,0.0,1.3862943611198906,0.0,0.6931471805599453,1.6094379124341003,1.0986122886681096,3.367295829986474,3.1354942159291497,4.418840607796598,3.1780538303479458,1.3862943611198906,1.0986122886681096,1.3862943611198906,0.0,1.0986122886681096,2.70805020110221,1.9459101490553132
Cell_1291,200-Year (Mature),200,Developing Secondary Xylem (VND6/7+),0.747259497279522,40,5,0,2,0,0,0,40,13,27,13,9,2,4,1,4,23,2,1.791759469228055,0.0,1.0986122886681096,0.0,0.0,0.0,3.713572066704308,2.639057329615259,3.332204510175204,2.639057329615259,2.302585092994046,1.0986122886681096,1.6094379124341003,0.6931471805599453,1.6094379124341003,3.1780538303479458,1.0986122886681096
Cell_1292,200-Year (Mature),200,Developing Secondary Xylem (VND6/7+),0.36378717611378913,38,2,3,0,1,0,1,26,25,35,30,4,4,4,0,5,20,2,1.0986122886681096,1.3862943611198906,0.0,0.6931471805599453,0.0,0.6931471805599453,3.295836866004329,3.258096538021482,3.58351893845611,3.4339872044851463,1.6094379124341003,1.6094379124341003,1.6094379124341003,0.0,1.791759469228055,3.044522437723423,1.0986122886681096
Cell_1293,200-Year (Mature),200,Developing Secondary Xylem (VND6/7+),0.5620339786241197,36,1,1,1,0,0,3,41,18,31,7,3,1,1,1,6,21,5,0.6931471805599453,0.6931471805599453,0.6931471805599453,0.0,0.0,1.3862943611198906,3.7376696182833684,2.9444389791664403,3.4657359027997265,2.0794415416798357,1.3862943611198906,0.6931471805599453,0.6931471805599453,0.6931471805599453,1.9459101490553132,3.091042453358316,1.791759469228055
Cell_1294,200-Year (Mature),200,Developing Secondary Xylem (VND6/7+),0.7694956321482942,35,3,3,7,2,6,0,17,20,22,18,3,2,0,2,9,17,3,1.3862943611198906,1.3862943611198906,2.0794415416798357,1.0986122886681096,1.9459101490553132,0.0,2.8903717578961645,3.044522437723423,3.1354942159291497,2.9444389791664403,1.3862943611198906,1.0986122886681096,0.0,1.0986122886681096,2.302585092994046,2.8903717578961645,1.3862943611198906
Cell_1295,200-Year (Mature),200,Developing Secondary Xylem (VND6/7+),0.28332676690706343,31,2,0,1,0,1,2,26,34,25,17,8,4,1,2,7,18,3,1.0986122886681096,0.0,0.6931471805599453,0.0,0.6931471805599453,1.0986122886681096,3.295836866004329,3.5553480614894135,3.258096538021482,2.8903717578961645,2.1972245773362196,1.6094379124341003,0.6931471805599453,1.0986122886681096,2.0794415416798357,2.9444389791664403,1.3862943611198906
Cell_1296,200-Year (Mature),200,Developing Secondary Xylem (VND6/7+),0.7979950800608852,34,5,4,0,0,0,1,26,42,55,18,4,1,0,1,5,10,3,1.791759469228055,1.6094379124341003,0.0,0.0,0.0,0.6931471805599453,3.295836866004329,3.7612001156935624,4.02535169073515,2.9444389791664403,1.6094379124341003,0.6931471805599453,0.0,0.6931471805599453,1.791759469228055,2.3978952727983707,1.3862943611198906
Cell_1297,200-Year (Mature),200,Developing Secondary Xylem (VND6/7+),0.9062072895026474,30,2,1,0,0,3,2,41,30,31,22,8,4,0,0,6,12,10,1.0986122886681096,0.6931471805599453,0.0,0.0,1.3862943611198906,1.0986122886681096,3.7376696182833684,3.4339872044851463,3.4657359027997265,3.1354942159291497,2.1972245773362196,1.6094379124341003,0.0,0.0,1.9459101490553132,2.5649493574615367,2.3978952727983707
Cell_1298,200-Year (Mature),200,Developing Secondary Xylem (VND6/7+),0.526514439033499,43,2,4,0,1,2,6,26,33,36,10,6,1,5,3,11,6,8,1.0986122886681096,1.6094379124341003,0.0,0.6931471805599453,1.0986122886681096,1.9459101490553132,3.295836866004329,3.5263605246161616,3.6109179126442243,2.3978952727983707,1.9459101490553132,0.6931471805599453,1.791759469228055,1.3862943611198906,2.4849066497880004,1.9459101490553132,2.1972245773362196
Cell_1299,200-Year (Mature),200,Developing Secondary Xylem (VND6/7+),0.5786665692713674,27,0,6,0,1,2,4,27,17,39,12,3,11,5,3,9,9,6,0.0,1.9459101490553132,0.0,0.6931471805599453,1.0986122886681096,1.6094379124341003,3.332204510175204,2.8903717578961645,3.6888794541139363,2.5649493574615367,1.3862943611198906,2.4849066497880004,1.791759469228055,1.3862943611198906,2.302585092994046,2.302585092994046,1.9459101490553132
Cell_1300,200-Year (Mature),200,Developing Secondary Xylem (VND6/7+),0.5079183174075289,25,5,7,0,1,5,0,29,5,22,30,3,2,4,3,2,14,2,1.791759469228055,2.0794415416798357,0.0,0.6931471805599453,1.791759469228055,0.0,3.4011973816621555,1.791759469228055,3.1354942159291497,3.4339872044851463,1.3862943611198906,1.0986122886681096,1.6094379124341003,1.3862943611198906,1.0986122886681096,2.70805020110221,1.0986122886681096
Cell_1301,200-Year (Mature),200,Developing Secondary Xylem (VND6/7+),0.5609853821818439,38,1,1,0,0,0,1,24,42,42,12,4,1,1,0,20,18,2,0.6931471805599453,0.6931471805599453,0.0,0.0,0.0,0.6931471805599453,3.2188758248682006,3.7612001156935624,3.7612001156935624,2.5649493574615367,1.6094379124341003,0.6931471805599453,0.6931471805599453,0.0,3.044522437723423,2.9444389791664403,1.0986122886681096
Cell_1302,200-Year (Mature),200,Developing Secondary Xylem (VND6/7+),0.9107723759104891,44,2,2,0,0,1,4,17,19,40,21,3,5,4,7,12,4,3,1.0986122886681096,1.0986122886681096,0.0,0.0,0.6931471805599453,1.6094379124341003,2.8903717578961645,2.995732273553991,3.713572066704308,3.091042453358316,1.3862943611198906,1.791759469228055,1.6094379124341003,2.0794415416798357,2.5649493574615367,1.6094379124341003,1.3862943611198906
Cell_1303,200-Year (Mature),200,Developing Secondary Xylem (VND6/7+),0.8117815730532617,37,0,1,0,0,0,0,14,31,50,9,6,7,6,1,5,16,2,0.0,0.6931471805599453,0.0,0.0,0.0,0.0,2.70805020110221,3.4657359027997265,3.9318256327243257,2.302585092994046,1.9459101490553132,2.0794415416798357,1.9459101490553132,0.6931471805599453,1.791759469228055,2.833213344056216,1.0986122886681096
Cell_1304,200-Year (Mature),200,Developing Secondary Xylem (VND6/7+),0.8473524148510329,51,2,3,1,0,1,2,23,11,37,15,6,1,0,1,6,10,2,1.0986122886681096,1.3862943611198906,0.6931471805599453,0.0,0.6931471805599453,1.0986122886681096,3.1780538303479458,2.4849066497880004,3.6375861597263857,2.772588722239781,1.9459101490553132,0.6931471805599453,0.0,0.6931471805599453,1.9459101490553132,2.3978952727983707,1.0986122886681096
Cell_1305,200-Year (Mature),200,Developing Secondary Xylem (VND6/7+),0.613016127532808,44,6,1,1,1,0,0,24,24,28,27,7,4,0,1,6,26,5,1.9459101490553132,0.6931471805599453,0.6931471805599453,0.6931471805599453,0.0,0.0,3.2188758248682006,3.2188758248682006,3.367295829986474,3.332204510175204,2.0794415416798357,1.6094379124341003,0.0,0.6931471805599453,1.9459101490553132,3.295836866004329,1.791759469228055
Cell_1306,200-Year (Mature),200,Developing Secondary Xylem (VND6/7+),0.7141767243450192,41,0,2,1,0,0,0,7,18,27,13,4,0,0,1,6,16,3,0.0,1.0986122886681096,0.6931471805599453,0.0,0.0,0.0,2.0794415416798357,2.9444389791664403,3.332204510175204,2.639057329615259,1.6094379124341003,0.0,0.0,0.6931471805599453,1.9459101490553132,2.833213344056216,1.3862943611198906
Cell_1307,200-Year (Mature),200,Developing Secondary Xylem (VND6/7+),0.7716468052469511,43,1,1,0,0,2,1,30,15,39,18,2,1,5,1,3,7,4,0.6931471805599453,0.6931471805599453,0.0,0.0,1.0986122886681096,0.6931471805599453,3.4339872044851463,2.772588722239781,3.6888794541139363,2.9444389791664403,1.0986122886681096,0.6931471805599453,1.791759469228055,0.6931471805599453,1.3862943611198906,2.0794415416798357,1.6094379124341003
Cell_1308,200-Year (Mature),200,Developing Secondary Xylem (VND6/7+),0.353741730973158,40,1,4,0,0,0,0,16,39,51,12,2,1,2,2,10,7,8,0.6931471805599453,1.6094379124341003,0.0,0.0,0.0,0.0,2.833213344056216,3.6888794541139363,3.9512437185814275,2.5649493574615367,1.0986122886681096,0.6931471805599453,1.0986122886681096,1.0986122886681096,2.3978952727983707,2.0794415416798357,2.1972245773362196
Cell_1309,200-Year (Mature),200,Developing Secondary Xylem (VND6/7+),0.6954259365626061,40,1,5,0,0,1,0,17,34,29,20,2,3,5,2,9,9,4,0.6931471805599453,1.791759469228055,0.0,0.0,0.6931471805599453,0.0,2.8903717578961645,3.5553480614894135,3.4011973816621555,3.044522437723423,1.0986122886681096,1.3862943611198906,1.791759469228055,1.0986122886681096,2.302585092994046,2.302585092994046,1.6094379124341003
Cell_1310,200-Year (Mature),200,Developing Secondary Xylem (VND6/7+),0.8941062595397266,37,4,2,0,0,3,1,19,28,42,25,4,2,5,2,6,17,8,1.6094379124341003,1.0986122886681096,0.0,0.0,1.3862943611198906,0.6931471805599453,2.995732273553991,3.367295829986474,3.7612001156935624,3.258096538021482,1.6094379124341003,1.0986122886681096,1.791759469228055,1.0986122886681096,1.9459101490553132,2.8903717578961645,2.1972245773362196
Cell_1311,200-Year (Mature),200,Developing Secondary Xylem (VND6/7+),0.8969548554859291,26,6,2,0,0,3,0,24,23,46,21,2,5,2,4,7,18,6,1.9459101490553132,1.0986122886681096,0.0,0.0,1.3862943611198906,0.0,3.2188758248682006,3.1780538303479458,3.8501476017100584,3.091042453358316,1.0986122886681096,1.791759469228055,1.0986122886681096,1.6094379124341003,2.0794415416798357,2.9444389791664403,1.9459101490553132
Cell_1312,200-Year (Mature),200,Developing Secondary Xylem (VND6/7+),0.48615419893825673,31,2,3,0,0,0,1,24,26,34,19,1,1,2,0,20,4,1,1.0986122886681096,1.3862943611198906,0.0,0.0,0.0,0.6931471805599453,3.2188758248682006,3.295836866004329,3.5553480614894135,2.995732273553991,0.6931471805599453,0.6931471805599453,1.0986122886681096,0.0,3.044522437723423,1.6094379124341003,0.6931471805599453
Cell_1313,200-Year (Mature),200,Developing Secondary Xylem (VND6/7+),0.10416419170707987,33,0,4,0,0,1,0,27,20,37,10,3,6,1,0,13,7,5,0.0,1.6094379124341003,0.0,0.0,0.6931471805599453,0.0,3.332204510175204,3.044522437723423,3.6375861597263857,2.3978952727983707,1.3862943611198906,1.9459101490553132,0.6931471805599453,0.0,2.639057329615259,2.0794415416798357,1.791759469228055
Cell_1314,200-Year (Mature),200,Developing Secondary Xylem (VND6/7+),0.589266883071751,32,3,0,0,0,3,0,13,42,68,17,3,2,3,2,6,6,5,1.3862943611198906,0.0,0.0,0.0,1.3862943611198906,0.0,2.639057329615259,3.7612001156935624,4.23410650459726,2.8903717578961645,1.3862943611198906,1.0986122886681096,1.3862943611198906,1.0986122886681096,1.9459101490553132,1.9459101490553132,1.791759469228055
Cell_1315,200-Year (Mature),200,Developing Secondary Xylem (VND6/7+),0.6514970833286823,33,4,6,0,0,2,4,33,9,32,12,17,1,6,1,3,13,2,1.6094379124341003,1.9459101490553132,0.0,0.0,1.0986122886681096,1.6094379124341003,3.5263605246161616,2.302585092994046,3.4965075614664802,2.5649493574615367,2.8903717578961645,0.6931471805599453,1.9459101490553132,0.6931471805599453,1.3862943611198906,2.639057329615259,1.0986122886681096
Cell_1316,200-Year (Mature),200,Developing Secondary Xylem (VND6/7+),0.6891441203010791,47,5,4,0,1,0,1,17,11,60,16,6,6,5,1,11,14,6,1.791759469228055,1.6094379124341003,0.0,0.6931471805599453,0.0,0.6931471805599453,2.8903717578961645,2.4849066497880004,4.110873864173311,2.833213344056216,1.9459101490553132,1.9459101490553132,1.791759469228055,0.6931471805599453,2.4849066497880004,2.70805020110221,1.9459101490553132
Cell_1317,200-Year (Mature),200,Developing Secondary Xylem (VND6/7+),0.2641265456395236,40,1,4,0,0,3,1,37,9,38,15,1,5,1,0,0,9,2,0.6931471805599453,1.6094379124341003,0.0,0.0,1.3862943611198906,0.6931471805599453,3.6375861597263857,2.302585092994046,3.6635616461296463,2.772588722239781,0.6931471805599453,1.791759469228055,0.6931471805599453,0.0,0.0,2.302585092994046,1.0986122886681096
Cell_1318,200-Year (Mature),200,Developing Secondary Xylem (VND6/7+),0.9479076465657549,30,8,2,0,0,2,0,17,14,36,14,5,1,1,1,11,6,2,2.1972245773362196,1.0986122886681096,0.0,0.0,1.0986122886681096,0.0,2.8903717578961645,2.70805020110221,3.6109179126442243,2.70805020110221,1.791759469228055,0.6931471805599453,0.6931471805599453,0.6931471805599453,2.4849066497880004,1.9459101490553132,1.0986122886681096
Cell_1319,200-Year (Mature),200,Developing Secondary Xylem (VND6/7+),0.7715445530335756,40,0,1,0,0,1,0,19,37,32,10,3,1,0,1,7,10,8,0.0,0.6931471805599453,0.0,0.0,0.6931471805599453,0.0,2.995732273553991,3.6375861597263857,3.4965075614664802,2.3978952727983707,1.3862943611198906,0.6931471805599453,0.0,0.6931471805599453,2.0794415416798357,2.3978952727983707,2.1972245773362196
Cell_1320,200-Year (Mature),200,Developing Secondary Xylem (VND6/7+),0.5036301552561875,37,1,3,0,0,4,1,31,30,18,12,4,0,4,2,10,12,5,0.6931471805599453,1.3862943611198906,0.0,0.0,1.6094379124341003,0.6931471805599453,3.4657359027997265,3.4339872044851463,2.9444389791664403,2.5649493574615367,1.6094379124341003,0.0,1.6094379124341003,1.0986122886681096,2.3978952727983707,2.5649493574615367,1.791759469228055
Cell_1321,200-Year (Mature),200,Developing Secondary Phloem (APL+),0.49679017207107307,28,2,1,0,0,1,0,21,31,24,7,1,1,1,2,2,19,4,1.0986122886681096,0.6931471805599453,0.0,0.0,0.6931471805599453,0.0,3.091042453358316,3.4657359027997265,3.2188758248682006,2.0794415416798357,0.6931471805599453,0.6931471805599453,0.6931471805599453,1.0986122886681096,1.0986122886681096,2.995732273553991,1.6094379124341003
Cell_1322,200-Year (Mature),200,Developing Secondary Phloem (APL+),0.5669581341847681,41,0,3,1,0,0,3,21,18,68,15,6,2,8,8,9,12,4,0.0,1.3862943611198906,0.6931471805599453,0.0,0.0,1.3862943611198906,3.091042453358316,2.9444389791664403,4.23410650459726,2.772588722239781,1.9459101490553132,1.0986122886681096,2.1972245773362196,2.1972245773362196,2.302585092994046,2.5649493574615367,1.6094379124341003
Cell_1323,200-Year (Mature),200,Developing Secondary Phloem (APL+),0.5429983181252488,35,0,6,1,0,0,2,33,36,68,10,5,3,3,1,11,27,3,0.0,1.9459101490553132,0.6931471805599453,0.0,0.0,1.0986122886681096,3.5263605246161616,3.6109179126442243,4.23410650459726,2.3978952727983707,1.791759469228055,1.3862943611198906,1.3862943611198906,0.6931471805599453,2.4849066497880004,3.332204510175204,1.3862943611198906
Cell_1324,200-Year (Mature),200,Developing Secondary Phloem (APL+),0.6514646792895267,38,1,0,0,1,2,1,19,27,43,16,0,3,9,1,8,26,3,0.6931471805599453,0.0,0.0,0.6931471805599453,1.0986122886681096,0.6931471805599453,2.995732273553991,3.332204510175204,3.784189633918261,2.833213344056216,0.0,1.3862943611198906,2.302585092994046,0.6931471805599453,2.1972245773362196,3.295836866004329,1.3862943611198906
Cell_1325,200-Year (Mature),200,Developing Secondary Phloem (APL+),0.8032363889540293,31,5,3,1,0,0,3,22,51,39,17,6,2,3,4,10,21,3,1.791759469228055,1.3862943611198906,0.6931471805599453,0.0,0.0,1.3862943611198906,3.1354942159291497,3.9512437185814275,3.6888794541139363,2.8903717578961645,1.9459101490553132,1.0986122886681096,1.3862943611198906,1.6094379124341003,2.3978952727983707,3.091042453358316,1.3862943611198906
Cell_1326,200-Year (Mature),200,Developing Secondary Phloem (APL+),0.7040665788142093,46,6,2,0,1,1,3,30,19,50,24,4,5,2,0,6,12,4,1.9459101490553132,1.0986122886681096,0.0,0.6931471805599453,0.6931471805599453,1.3862943611198906,3.4339872044851463,2.995732273553991,3.9318256327243257,3.2188758248682006,1.6094379124341003,1.791759469228055,1.0986122886681096,0.0,1.9459101490553132,2.5649493574615367,1.6094379124341003
Cell_1327,200-Year (Mature),200,Developing Secondary Phloem (APL+),0.6356995422558971,36,4,2,0,0,0,0,44,15,26,28,3,4,0,1,7,11,5,1.6094379124341003,1.0986122886681096,0.0,0.0,0.0,0.0,3.8066624897703196,2.772588722239781,3.295836866004329,3.367295829986474,1.3862943611198906,1.6094379124341003,0.0,0.6931471805599453,2.0794415416798357,2.4849066497880004,1.791759469228055
Cell_1328,200-Year (Mature),200,Developing Secondary Phloem (APL+),0.5960007091737333,45,1,6,1,0,0,1,27,22,24,12,5,6,0,2,3,17,8,0.6931471805599453,1.9459101490553132,0.6931471805599453,0.0,0.0,0.6931471805599453,3.332204510175204,3.1354942159291497,3.2188758248682006,2.5649493574615367,1.791759469228055,1.9459101490553132,0.0,1.0986122886681096,1.3862943611198906,2.8903717578961645,2.1972245773362196
Cell_1329,200-Year (Mature),200,Developing Secondary Phloem (APL+),0.519073441607928,41,3,0,0,0,2,0,36,32,27,15,1,5,4,0,5,13,1,1.3862943611198906,0.0,0.0,0.0,1.0986122886681096,0.0,3.6109179126442243,3.4965075614664802,3.332204510175204,2.772588722239781,0.6931471805599453,1.791759469228055,1.6094379124341003,0.0,1.791759469228055,2.639057329615259,0.6931471805599453
Cell_1330,200-Year (Mature),200,Developing Secondary Phloem (APL+),0.9166254604580103,25,3,3,0,2,4,1,38,19,42,21,8,2,11,1,12,8,3,1.3862943611198906,1.3862943611198906,0.0,1.0986122886681096,1.6094379124341003,0.6931471805599453,3.6635616461296463,2.995732273553991,3.7612001156935624,3.091042453358316,2.1972245773362196,1.0986122886681096,2.4849066497880004,0.6931471805599453,2.5649493574615367,2.1972245773362196,1.3862943611198906
Cell_1331,200-Year (Mature),200,Developing Secondary Phloem (APL+),0.711499930668596,31,2,1,0,0,0,3,27,21,54,22,6,7,5,1,8,9,2,1.0986122886681096,0.6931471805599453,0.0,0.0,0.0,1.3862943611198906,3.332204510175204,3.091042453358316,4.007333185232471,3.1354942159291497,1.9459101490553132,2.0794415416798357,1.791759469228055,0.6931471805599453,2.1972245773362196,2.302585092994046,1.0986122886681096
Cell_1332,200-Year (Mature),200,Developing Secondary Phloem (APL+),0.8398239237407712,38,2,13,0,0,1,4,24,24,43,11,2,2,3,2,3,25,4,1.0986122886681096,2.639057329615259,0.0,0.0,0.6931471805599453,1.6094379124341003,3.2188758248682006,3.2188758248682006,3.784189633918261,2.4849066497880004,1.0986122886681096,1.0986122886681096,1.3862943611198906,1.0986122886681096,1.3862943611198906,3.258096538021482,1.6094379124341003
Cell_1333,200-Year (Mature),200,Developing Secondary Phloem (APL+),0.48262350467233495,37,0,5,0,1,0,1,32,38,33,4,7,4,4,0,5,7,3,0.0,1.791759469228055,0.0,0.6931471805599453,0.0,0.6931471805599453,3.4965075614664802,3.6635616461296463,3.5263605246161616,1.6094379124341003,2.0794415416798357,1.6094379124341003,1.6094379124341003,0.0,1.791759469228055,2.0794415416798357,1.3862943611198906
Cell_1334,200-Year (Mature),200,Developing Secondary Phloem (APL+),0.3404488371090452,37,3,0,0,0,2,3,52,20,31,17,3,1,7,2,7,21,2,1.3862943611198906,0.0,0.0,0.0,1.0986122886681096,1.3862943611198906,3.970291913552122,3.044522437723423,3.4657359027997265,2.8903717578961645,1.3862943611198906,0.6931471805599453,2.0794415416798357,1.0986122886681096,2.0794415416798357,3.091042453358316,1.0986122886681096
Cell_1335,200-Year (Mature),200,Developing Secondary Phloem (APL+),0.8891192983280679,39,0,8,0,1,2,2,35,22,30,20,4,7,3,1,12,5,2,0.0,2.1972245773362196,0.0,0.6931471805599453,1.0986122886681096,1.0986122886681096,3.58351893845611,3.1354942159291497,3.4339872044851463,3.044522437723423,1.6094379124341003,2.0794415416798357,1.3862943611198906,0.6931471805599453,2.5649493574615367,1.791759469228055,1.0986122886681096
Cell_1336,200-Year (Mature),200,Developing Secondary Phloem (APL+),0.9383636296695135,42,1,2,0,0,0,1,32,36,31,20,2,3,1,2,4,15,3,0.6931471805599453,1.0986122886681096,0.0,0.0,0.0,0.6931471805599453,3.4965075614664802,3.6109179126442243,3.4657359027997265,3.044522437723423,1.0986122886681096,1.3862943611198906,0.6931471805599453,1.0986122886681096,1.6094379124341003,2.772588722239781,1.3862943611198906
Cell_1337,200-Year (Mature),200,Developing Secondary Phloem (APL+),0.2763121387534908,46,0,2,0,0,0,2,26,30,20,7,2,3,0,0,1,7,8,0.0,1.0986122886681096,0.0,0.0,0.0,1.0986122886681096,3.295836866004329,3.4339872044851463,3.044522437723423,2.0794415416798357,1.0986122886681096,1.3862943611198906,0.0,0.0,0.6931471805599453,2.0794415416798357,2.1972245773362196
Cell_1338,200-Year (Mature),200,Developing Secondary Phloem (APL+),0.6747988535501255,33,2,1,1,0,1,5,53,16,48,9,2,4,3,0,19,19,4,1.0986122886681096,0.6931471805599453,0.6931471805599453,0.0,0.6931471805599453,1.791759469228055,3.9889840465642745,2.833213344056216,3.8918202981106265,2.302585092994046,1.0986122886681096,1.6094379124341003,1.3862943611198906,0.0,2.995732273553991,2.995732273553991,1.6094379124341003
Cell_1339,200-Year (Mature),200,Developing Secondary Phloem (APL+),0.7579981476475889,38,5,3,0,0,0,0,20,18,65,23,2,0,6,1,8,18,12,1.791759469228055,1.3862943611198906,0.0,0.0,0.0,0.0,3.044522437723423,2.9444389791664403,4.189654742026425,3.1780538303479458,1.0986122886681096,0.0,1.9459101490553132,0.6931471805599453,2.1972245773362196,2.9444389791664403,2.5649493574615367
Cell_1340,200-Year (Mature),200,Developing Secondary Phloem (APL+),0.5302630129604035,32,1,1,1,0,2,3,35,26,32,7,4,2,2,4,6,13,5,0.6931471805599453,0.6931471805599453,0.6931471805599453,0.0,1.0986122886681096,1.3862943611198906,3.58351893845611,3.295836866004329,3.4965075614664802,2.0794415416798357,1.6094379124341003,1.0986122886681096,1.0986122886681096,1.6094379124341003,1.9459101490553132,2.639057329615259,1.791759469228055
Cell_1341,200-Year (Mature),200,Developing Secondary Phloem (APL+),0.4726105977134331,34,0,5,1,0,0,3,20,13,44,23,6,2,2,1,4,28,8,0.0,1.791759469228055,0.6931471805599453,0.0,0.0,1.3862943611198906,3.044522437723423,2.639057329615259,3.8066624897703196,3.1780538303479458,1.9459101490553132,1.0986122886681096,1.0986122886681096,0.6931471805599453,1.6094379124341003,3.367295829986474,2.1972245773362196
Cell_1342,200-Year (Mature),200,Developing Secondary Phloem (APL+),0.6788474219507129,38,2,2,0,2,0,0,27,20,50,12,11,4,2,1,10,11,5,1.0986122886681096,1.0986122886681096,0.0,1.0986122886681096,0.0,0.0,3.332204510175204,3.044522437723423,3.9318256327243257,2.5649493574615367,2.4849066497880004,1.6094379124341003,1.0986122886681096,0.6931471805599453,2.3978952727983707,2.4849066497880004,1.791759469228055
Cell_1343,200-Year (Mature),200,Developing Secondary Phloem (APL+),0.5929029143712826,34,2,2,0,0,0,0,23,23,39,28,2,1,0,0,6,22,6,1.0986122886681096,1.0986122886681096,0.0,0.0,0.0,0.0,3.1780538303479458,3.1780538303479458,3.6888794541139363,3.367295829986474,1.0986122886681096,0.6931471805599453,0.0,0.0,1.9459101490553132,3.1354942159291497,1.9459101490553132
Cell_1344,200-Year (Mature),200,Developing Secondary Phloem (APL+),0.5683401313530465,28,1,0,0,0,1,0,23,11,49,20,9,5,1,1,4,8,9,0.6931471805599453,0.0,0.0,0.0,0.6931471805599453,0.0,3.1780538303479458,2.4849066497880004,3.912023005428146,3.044522437723423,2.302585092994046,1.791759469228055,0.6931471805599453,0.6931471805599453,1.6094379124341003,2.1972245773362196,2.302585092994046
Cell_1345,200-Year (Mature),200,Developing Secondary Phloem (APL+),0.5524141138412,35,4,7,0,0,2,0,49,10,47,12,3,4,1,0,6,7,8,1.6094379124341003,2.0794415416798357,0.0,0.0,1.0986122886681096,0.0,3.912023005428146,2.3978952727983707,3.8712010109078907,2.5649493574615367,1.3862943611198906,1.6094379124341003,0.6931471805599453,0.0,1.9459101490553132,2.0794415416798357,2.1972245773362196
Cell_1346,200-Year (Mature),200,Developing Secondary Phloem (APL+),0.6074010201589936,32,1,2,1,0,2,0,26,30,24,21,5,4,1,1,10,18,5,0.6931471805599453,1.0986122886681096,0.6931471805599453,0.0,1.0986122886681096,0.0,3.295836866004329,3.4339872044851463,3.2188758248682006,3.091042453358316,1.791759469228055,1.6094379124341003,0.6931471805599453,0.6931471805599453,2.3978952727983707,2.9444389791664403,1.791759469228055
Cell_1347,200-Year (Mature),200,Developing Secondary Phloem (APL+),0.590524177152312,39,0,6,0,1,1,9,17,26,48,30,3,7,1,2,6,10,1,0.0,1.9459101490553132,0.0,0.6931471805599453,0.6931471805599453,2.302585092994046,2.8903717578961645,3.295836866004329,3.8918202981106265,3.4339872044851463,1.3862943611198906,2.0794415416798357,0.6931471805599453,1.0986122886681096,1.9459101490553132,2.3978952727983707,0.6931471805599453
Cell_1348,200-Year (Mature),200,Developing Secondary Phloem (APL+),0.5195077946700568,46,0,1,0,1,2,0,19,18,32,6,0,2,3,2,6,10,7,0.0,0.6931471805599453,0.0,0.6931471805599453,1.0986122886681096,0.0,2.995732273553991,2.9444389791664403,3.4965075614664802,1.9459101490553132,0.0,1.0986122886681096,1.3862943611198906,1.0986122886681096,1.9459101490553132,2.3978952727983707,2.0794415416798357
Cell_1349,200-Year (Mature),200,Developing Secondary Phloem (APL+),0.522785151248151,34,0,7,0,1,4,1,27,14,44,17,3,1,4,5,16,8,6,0.0,2.0794415416798357,0.0,0.6931471805599453,1.6094379124341003,0.6931471805599453,3.332204510175204,2.70805020110221,3.8066624897703196,2.8903717578961645,1.3862943611198906,0.6931471805599453,1.6094379124341003,1.791759469228055,2.833213344056216,2.1972245773362196,1.9459101490553132
Cell_1350,200-Year (Mature),200,Developing Secondary Phloem (APL+),0.7211876101147457,30,1,2,0,0,1,3,26,15,66,12,7,12,6,2,10,18,4,0.6931471805599453,1.0986122886681096,0.0,0.0,0.6931471805599453,1.3862943611198906,3.295836866004329,2.772588722239781,4.204692619390966,2.5649493574615367,2.0794415416798357,2.5649493574615367,1.9459101490553132,1.0986122886681096,2.3978952727983707,2.9444389791664403,1.6094379124341003
Cell_1351,200-Year (Mature),200,Developing Secondary Phloem (APL+),0.7524751401495521,31,5,1,1,0,1,1,27,27,55,14,4,0,4,3,9,14,3,1.791759469228055,0.6931471805599453,0.6931471805599453,0.0,0.6931471805599453,0.6931471805599453,3.332204510175204,3.332204510175204,4.02535169073515,2.70805020110221,1.6094379124341003,0.0,1.6094379124341003,1.3862943611198906,2.302585092994046,2.70805020110221,1.3862943611198906
Cell_1352,200-Year (Mature),200,Developing Secondary Phloem (APL+),0.5992500053916702,45,3,6,0,0,0,3,37,26,60,16,6,2,3,2,4,13,6,1.3862943611198906,1.9459101490553132,0.0,0.0,0.0,1.3862943611198906,3.6375861597263857,3.295836866004329,4.110873864173311,2.833213344056216,1.9459101490553132,1.0986122886681096,1.3862943611198906,1.0986122886681096,1.6094379124341003,2.639057329615259,1.9459101490553132
Cell_1353,200-Year (Mature),200,Developing Secondary Phloem (APL+),0.4712230202455759,31,3,4,0,0,2,1,23,25,29,20,1,2,1,3,5,8,1,1.3862943611198906,1.6094379124341003,0.0,0.0,1.0986122886681096,0.6931471805599453,3.1780538303479458,3.258096538021482,3.4011973816621555,3.044522437723423,0.6931471805599453,1.0986122886681096,0.6931471805599453,1.3862943611198906,1.791759469228055,2.1972245773362196,0.6931471805599453
Cell_1354,200-Year (Mature),200,Developing Secondary Phloem (APL+),0.7994405787814968,37,3,8,0,0,3,2,30,22,44,6,8,0,6,1,5,27,4,1.3862943611198906,2.1972245773362196,0.0,0.0,1.3862943611198906,1.0986122886681096,3.4339872044851463,3.1354942159291497,3.8066624897703196,1.9459101490553132,2.1972245773362196,0.0,1.9459101490553132,0.6931471805599453,1.791759469228055,3.332204510175204,1.6094379124341003
Cell_1355,200-Year (Mature),200,Developing Secondary Phloem (APL+),0.4251640279760096,23,2,2,0,0,2,3,31,21,40,12,3,0,5,1,8,18,10,1.0986122886681096,1.0986122886681096,0.0,0.0,1.0986122886681096,1.3862943611198906,3.4657359027997265,3.091042453358316,3.713572066704308,2.5649493574615367,1.3862943611198906,0.0,1.791759469228055,0.6931471805599453,2.1972245773362196,2.9444389791664403,2.3978952727983707
Cell_1356,200-Year (Mature),200,Developing Secondary Phloem (APL+),0.797187371890061,42,7,1,1,0,1,0,34,41,36,12,5,3,2,1,7,10,8,2.0794415416798357,0.6931471805599453,0.6931471805599453,0.0,0.6931471805599453,0.0,3.5553480614894135,3.7376696182833684,3.6109179126442243,2.5649493574615367,1.791759469228055,1.3862943611198906,1.0986122886681096,0.6931471805599453,2.0794415416798357,2.3978952727983707,2.1972245773362196
Cell_1357,200-Year (Mature),200,Developing Secondary Phloem (APL+),0.8692418743077416,34,5,2,0,0,1,0,24,19,38,20,1,1,2,6,8,10,9,1.791759469228055,1.0986122886681096,0.0,0.0,0.6931471805599453,0.0,3.2188758248682006,2.995732273553991,3.6635616461296463,3.044522437723423,0.6931471805599453,0.6931471805599453,1.0986122886681096,1.9459101490553132,2.1972245773362196,2.3978952727983707,2.302585092994046
Cell_1358,200-Year (Mature),200,Developing Secondary Phloem (APL+),0.92358983711542,36,2,0,0,0,2,2,17,18,50,20,7,7,3,0,7,15,7,1.0986122886681096,0.0,0.0,0.0,1.0986122886681096,1.0986122886681096,2.8903717578961645,2.9444389791664403,3.9318256327243257,3.044522437723423,2.0794415416798357,2.0794415416798357,1.3862943611198906,0.0,2.0794415416798357,2.772588722239781,2.0794415416798357
Cell_1359,200-Year (Mature),200,Developing Secondary Phloem (APL+),0.5513369938972026,29,1,2,0,0,3,0,14,25,47,10,4,3,8,0,10,15,11,0.6931471805599453,1.0986122886681096,0.0,0.0,1.3862943611198906,0.0,2.70805020110221,3.258096538021482,3.8712010109078907,2.3978952727983707,1.6094379124341003,1.3862943611198906,2.1972245773362196,0.0,2.3978952727983707,2.772588722239781,2.4849066497880004
Cell_1360,200-Year (Mature),200,Developing Secondary Phloem (APL+),0.5021804491822973,40,6,0,0,0,1,1,29,13,20,4,11,1,4,0,5,23,6,1.9459101490553132,0.0,0.0,0.0,0.6931471805599453,0.6931471805599453,3.4011973816621555,2.639057329615259,3.044522437723423,1.6094379124341003,2.4849066497880004,0.6931471805599453,1.6094379124341003,0.0,1.791759469228055,3.1780538303479458,1.9459101490553132
Cell_1361,200-Year (Mature),200,Developing Secondary Phloem (APL+),0.5643662263797831,32,1,2,0,0,3,6,26,13,35,7,1,3,1,2,4,11,2,0.6931471805599453,1.0986122886681096,0.0,0.0,1.3862943611198906,1.9459101490553132,3.295836866004329,2.639057329615259,3.58351893845611,2.0794415416798357,0.6931471805599453,1.3862943611198906,0.6931471805599453,1.0986122886681096,1.6094379124341003,2.4849066497880004,1.0986122886681096
Cell_1362,200-Year (Mature),200,Developing Secondary Phloem (APL+),0.7498741513504928,30,6,2,1,0,1,0,15,30,47,16,4,3,2,5,12,13,3,1.9459101490553132,1.0986122886681096,0.6931471805599453,0.0,0.6931471805599453,0.0,2.772588722239781,3.4339872044851463,3.8712010109078907,2.833213344056216,1.6094379124341003,1.3862943611198906,1.0986122886681096,1.791759469228055,2.5649493574615367,2.639057329615259,1.3862943611198906
Cell_1363,200-Year (Mature),200,Developing Secondary Phloem (APL+),0.5790719885001526,35,1,5,0,0,0,0,18,29,41,10,9,1,4,3,12,18,5,0.6931471805599453,1.791759469228055,0.0,0.0,0.0,0.0,2.9444389791664403,3.4011973816621555,3.7376696182833684,2.3978952727983707,2.302585092994046,0.6931471805599453,1.6094379124341003,1.3862943611198906,2.5649493574615367,2.9444389791664403,1.791759469228055
Cell_1364,200-Year (Mature),200,Developing Secondary Phloem (APL+),0.3881561107388321,27,1,1,0,0,3,3,21,25,37,8,5,2,11,1,3,10,1,0.6931471805599453,0.6931471805599453,0.0,0.0,1.3862943611198906,1.3862943611198906,3.091042453358316,3.258096538021482,3.6375861597263857,2.1972245773362196,1.791759469228055,1.0986122886681096,2.4849066497880004,0.6931471805599453,1.3862943611198906,2.3978952727983707,0.6931471805599453
Cell_1365,200-Year (Mature),200,Developing Secondary Phloem (APL+),0.8871396792757954,34,1,1,0,0,0,2,34,17,52,18,4,0,3,3,16,11,4,0.6931471805599453,0.6931471805599453,0.0,0.0,0.0,1.0986122886681096,3.5553480614894135,2.8903717578961645,3.970291913552122,2.9444389791664403,1.6094379124341003,0.0,1.3862943611198906,1.3862943611198906,2.833213344056216,2.4849066497880004,1.6094379124341003
Cell_1366,200-Year (Mature),200,Developing Secondary Phloem (APL+),0.40309397780522027,38,0,2,1,0,1,2,28,3,25,12,3,3,0,1,8,4,5,0.0,1.0986122886681096,0.6931471805599453,0.0,0.6931471805599453,1.0986122886681096,3.367295829986474,1.3862943611198906,3.258096538021482,2.5649493574615367,1.3862943611198906,1.3862943611198906,0.0,0.6931471805599453,2.1972245773362196,1.6094379124341003,1.791759469228055
Cell_1367,200-Year (Mature),200,Developing Secondary Phloem (APL+),0.28800875772765394,31,3,1,0,1,5,4,13,10,52,14,1,6,3,1,5,19,5,1.3862943611198906,0.6931471805599453,0.0,0.6931471805599453,1.791759469228055,1.6094379124341003,2.639057329615259,2.3978952727983707,3.970291913552122,2.70805020110221,0.6931471805599453,1.9459101490553132,1.3862943611198906,0.6931471805599453,1.791759469228055,2.995732273553991,1.791759469228055
Cell_1368,200-Year (Mature),200,Developing Secondary Phloem (APL+),0.5286085316450804,26,3,9,0,0,2,1,19,33,34,18,4,5,2,1,4,10,2,1.3862943611198906,2.302585092994046,0.0,0.0,1.0986122886681096,0.6931471805599453,2.995732273553991,3.5263605246161616,3.5553480614894135,2.9444389791664403,1.6094379124341003,1.791759469228055,1.0986122886681096,0.6931471805599453,1.6094379124341003,2.3978952727983707,1.0986122886681096
Cell_1369,200-Year (Mature),200,Developing Secondary Phloem (APL+),0.6775822227106396,45,3,3,1,0,2,0,13,26,35,14,3,2,4,5,9,18,4,1.3862943611198906,1.3862943611198906,0.6931471805599453,0.0,1.0986122886681096,0.0,2.639057329615259,3.295836866004329,3.58351893845611,2.70805020110221,1.3862943611198906,1.0986122886681096,1.6094379124341003,1.791759469228055,2.302585092994046,2.9444389791664403,1.6094379124341003
Cell_1370,200-Year (Mature),200,Developing Secondary Phloem (APL+),0.577848695886697,41,1,2,0,0,2,1,21,42,39,16,4,2,4,0,7,11,6,0.6931471805599453,1.0986122886681096,0.0,0.0,1.0986122886681096,0.6931471805599453,3.091042453358316,3.7612001156935624,3.6888794541139363,2.833213344056216,1.6094379124341003,1.0986122886681096,1.6094379124341003,0.0,2.0794415416798357,2.4849066497880004,1.9459101490553132
Cell_1371,200-Year (Mature),200,Developing Secondary Phloem (APL+),0.7742907824472027,39,2,4,0,0,0,0,26,13,49,10,2,3,0,0,6,18,5,1.0986122886681096,1.6094379124341003,0.0,0.0,0.0,0.0,3.295836866004329,2.639057329615259,3.912023005428146,2.3978952727983707,1.0986122886681096,1.3862943611198906,0.0,0.0,1.9459101490553132,2.9444389791664403,1.791759469228055
Cell_1372,200-Year (Mature),200,Developing Secondary Phloem (APL+),0.5441037531457348,31,1,2,0,0,0,0,17,17,33,9,3,3,3,2,9,17,4,0.6931471805599453,1.0986122886681096,0.0,0.0,0.0,0.0,2.8903717578961645,2.8903717578961645,3.5263605246161616,2.302585092994046,1.3862943611198906,1.3862943611198906,1.3862943611198906,1.0986122886681096,2.302585092994046,2.8903717578961645,1.6094379124341003
Cell_1373,200-Year (Mature),200,Developing Secondary Phloem (APL+),0.5373362972148116,33,1,4,0,0,0,1,25,21,35,22,5,5,5,3,5,22,2,0.6931471805599453,1.6094379124341003,0.0,0.0,0.0,0.6931471805599453,3.258096538021482,3.091042453358316,3.58351893845611,3.1354942159291497,1.791759469228055,1.791759469228055,1.791759469228055,1.3862943611198906,1.791759469228055,3.1354942159291497,1.0986122886681096
Cell_1374,200-Year (Mature),200,Developing Secondary Phloem (APL+),0.49151906892290825,32,4,0,1,0,0,1,35,15,17,22,4,3,1,1,6,10,6,1.6094379124341003,0.0,0.6931471805599453,0.0,0.0,0.6931471805599453,3.58351893845611,2.772588722239781,2.8903717578961645,3.1354942159291497,1.6094379124341003,1.3862943611198906,0.6931471805599453,0.6931471805599453,1.9459101490553132,2.3978952727983707,1.9459101490553132
Cell_1375,200-Year (Mature),200,Developing Secondary Phloem (APL+),0.45753356448219873,31,0,1,0,0,0,1,23,42,38,12,5,4,1,0,2,5,2,0.0,0.6931471805599453,0.0,0.0,0.0,0.6931471805599453,3.1780538303479458,3.7612001156935624,3.6635616461296463,2.5649493574615367,1.791759469228055,1.6094379124341003,0.6931471805599453,0.0,1.0986122886681096,1.791759469228055,1.0986122886681096
Cell_1376,200-Year (Mature),200,Developing Secondary Phloem (APL+),0.5517782353584813,23,8,0,1,0,0,1,34,27,33,21,8,3,2,2,1,12,3,2.1972245773362196,0.0,0.6931471805599453,0.0,0.0,0.6931471805599453,3.5553480614894135,3.332204510175204,3.5263605246161616,3.091042453358316,2.1972245773362196,1.3862943611198906,1.0986122886681096,1.0986122886681096,0.6931471805599453,2.5649493574615367,1.3862943611198906
Cell_1377,200-Year (Mature),200,Developing Secondary Phloem (APL+),0.4361382974225374,48,5,5,0,0,0,1,30,31,31,12,5,0,3,1,6,11,10,1.791759469228055,1.791759469228055,0.0,0.0,0.0,0.6931471805599453,3.4339872044851463,3.4657359027997265,3.4657359027997265,2.5649493574615367,1.791759469228055,0.0,1.3862943611198906,0.6931471805599453,1.9459101490553132,2.4849066497880004,2.3978952727983707
Cell_1378,200-Year (Mature),200,Developing Secondary Phloem (APL+),0.7903907510810558,42,0,7,0,0,0,0,27,17,39,7,1,0,3,2,11,8,3,0.0,2.0794415416798357,0.0,0.0,0.0,0.0,3.332204510175204,2.8903717578961645,3.6888794541139363,2.0794415416798357,0.6931471805599453,0.0,1.3862943611198906,1.0986122886681096,2.4849066497880004,2.1972245773362196,1.3862943611198906
Cell_1379,200-Year (Mature),200,Developing Secondary Phloem (APL+),0.5073099947790155,30,1,5,2,2,1,1,9,20,30,17,6,5,4,1,11,10,5,0.6931471805599453,1.791759469228055,1.0986122886681096,1.0986122886681096,0.6931471805599453,0.6931471805599453,2.302585092994046,3.044522437723423,3.4339872044851463,2.8903717578961645,1.9459101490553132,1.791759469228055,1.6094379124341003,0.6931471805599453,2.4849066497880004,2.3978952727983707,1.791759469228055
Cell_1380,200-Year (Mature),200,Developing Secondary Phloem (APL+),0.7606593809327808,33,0,2,0,0,0,3,20,19,29,14,4,3,1,1,5,22,5,0.0,1.0986122886681096,0.0,0.0,0.0,1.3862943611198906,3.044522437723423,2.995732273553991,3.4011973816621555,2.70805020110221,1.6094379124341003,1.3862943611198906,0.6931471805599453,0.6931471805599453,1.791759469228055,3.1354942159291497,1.791759469228055
Cell_1381,200-Year (Mature),200,Developing Secondary Phloem (APL+),0.5243180605645446,30,1,4,0,0,2,6,25,44,47,14,9,2,1,0,1,23,5,0.6931471805599453,1.6094379124341003,0.0,0.0,1.0986122886681096,1.9459101490553132,3.258096538021482,3.8066624897703196,3.8712010109078907,2.70805020110221,2.302585092994046,1.0986122886681096,0.6931471805599453,0.0,0.6931471805599453,3.1780538303479458,1.791759469228055
Cell_1382,200-Year (Mature),200,Developing Secondary Phloem (APL+),0.9446472069228149,37,1,5,0,0,1,0,32,30,26,29,3,0,0,0,6,17,6,0.6931471805599453,1.791759469228055,0.0,0.0,0.6931471805599453,0.0,3.4965075614664802,3.4339872044851463,3.295836866004329,3.4011973816621555,1.3862943611198906,0.0,0.0,0.0,1.9459101490553132,2.8903717578961645,1.9459101490553132
Cell_1383,200-Year (Mature),200,Developing Secondary Phloem (APL+),0.8506133122532961,32,0,0,2,1,2,0,29,14,58,19,6,2,6,0,7,12,4,0.0,0.0,1.0986122886681096,0.6931471805599453,1.0986122886681096,0.0,3.4011973816621555,2.70805020110221,4.07753744390572,2.995732273553991,1.9459101490553132,1.0986122886681096,1.9459101490553132,0.0,2.0794415416798357,2.5649493574615367,1.6094379124341003
Cell_1384,200-Year (Mature),200,Developing Secondary Phloem (APL+),0.6431147857330693,32,4,3,0,0,1,1,32,26,33,11,3,5,4,0,8,15,5,1.6094379124341003,1.3862943611198906,0.0,0.0,0.6931471805599453,0.6931471805599453,3.4965075614664802,3.295836866004329,3.5263605246161616,2.4849066497880004,1.3862943611198906,1.791759469228055,1.6094379124341003,0.0,2.1972245773362196,2.772588722239781,1.791759469228055
Cell_1385,200-Year (Mature),200,Developing Secondary Phloem (APL+),0.407199153217031,32,5,0,0,0,1,6,21,23,41,9,4,5,6,1,13,13,2,1.791759469228055,0.0,0.0,0.0,0.6931471805599453,1.9459101490553132,3.091042453358316,3.1780538303479458,3.7376696182833684,2.302585092994046,1.6094379124341003,1.791759469228055,1.9459101490553132,0.6931471805599453,2.639057329615259,2.639057329615259,1.0986122886681096
Cell_1386,200-Year (Mature),200,Developing Secondary Phloem (APL+),0.7628783701341131,36,0,2,0,1,3,0,36,16,38,21,10,6,3,0,8,13,11,0.0,1.0986122886681096,0.0,0.6931471805599453,1.3862943611198906,0.0,3.6109179126442243,2.833213344056216,3.6635616461296463,3.091042453358316,2.3978952727983707,1.9459101490553132,1.3862943611198906,0.0,2.1972245773362196,2.639057329615259,2.4849066497880004
Cell_1387,200-Year (Mature),200,Developing Secondary Phloem (APL+),0.14659162237499818,25,0,1,0,0,4,5,18,22,30,12,7,7,3,1,9,9,8,0.0,0.6931471805599453,0.0,0.0,1.6094379124341003,1.791759469228055,2.9444389791664403,3.1354942159291497,3.4339872044851463,2.5649493574615367,2.0794415416798357,2.0794415416798357,1.3862943611198906,0.6931471805599453,2.302585092994046,2.302585092994046,2.1972245773362196
Cell_1388,200-Year (Mature),200,Developing Secondary Phloem (APL+),0.912685375166362,29,0,4,0,0,2,2,23,14,60,21,4,5,0,2,7,12,2,0.0,1.6094379124341003,0.0,0.0,1.0986122886681096,1.0986122886681096,3.1780538303479458,2.70805020110221,4.110873864173311,3.091042453358316,1.6094379124341003,1.791759469228055,0.0,1.0986122886681096,2.0794415416798357,2.5649493574615367,1.0986122886681096
Cell_1389,200-Year (Mature),200,Developing Secondary Phloem (APL+),0.44134137043347577,38,2,3,0,0,1,1,24,13,39,19,1,3,3,0,12,9,4,1.0986122886681096,1.3862943611198906,0.0,0.0,0.6931471805599453,0.6931471805599453,3.2188758248682006,2.639057329615259,3.6888794541139363,2.995732273553991,0.6931471805599453,1.3862943611198906,1.3862943611198906,0.0,2.5649493574615367,2.302585092994046,1.6094379124341003
Cell_1390,200-Year (Mature),200,Developing Secondary Phloem (APL+),0.5028307053900428,30,2,1,1,0,0,7,25,33,38,11,5,2,2,9,3,16,10,1.0986122886681096,0.6931471805599453,0.6931471805599453,0.0,0.0,2.0794415416798357,3.258096538021482,3.5263605246161616,3.6635616461296463,2.4849066497880004,1.791759469228055,1.0986122886681096,1.0986122886681096,2.302585092994046,1.3862943611198906,2.833213344056216,2.3978952727983707
Cell_1391,200-Year (Mature),200,Developing Secondary Phloem (APL+),0.3119982825432003,36,0,4,0,0,1,1,31,17,52,10,0,5,4,1,3,14,2,0.0,1.6094379124341003,0.0,0.0,0.6931471805599453,0.6931471805599453,3.4657359027997265,2.8903717578961645,3.970291913552122,2.3978952727983707,0.0,1.791759469228055,1.6094379124341003,0.6931471805599453,1.3862943611198906,2.70805020110221,1.0986122886681096
Cell_1392,200-Year (Mature),200,Developing Secondary Phloem (APL+),0.3629472143535161,35,2,1,0,0,1,2,35,27,32,10,1,7,1,0,10,20,10,1.0986122886681096,0.6931471805599453,0.0,0.0,0.6931471805599453,1.0986122886681096,3.58351893845611,3.332204510175204,3.4965075614664802,2.3978952727983707,0.6931471805599453,2.0794415416798357,0.6931471805599453,0.0,2.3978952727983707,3.044522437723423,2.3978952727983707
Cell_1393,200-Year (Mature),200,Developing Secondary Phloem (APL+),0.9202829298099352,31,6,1,0,0,2,6,26,16,18,21,5,3,1,1,4,18,0,1.9459101490553132,0.6931471805599453,0.0,0.0,1.0986122886681096,1.9459101490553132,3.295836866004329,2.833213344056216,2.9444389791664403,3.091042453358316,1.791759469228055,1.3862943611198906,0.6931471805599453,0.6931471805599453,1.6094379124341003,2.9444389791664403,0.0
Cell_1394,200-Year (Mature),200,Developing Secondary Phloem (APL+),0.6291530629907798,41,3,3,0,1,0,1,44,25,33,12,9,2,3,1,11,16,2,1.3862943611198906,1.3862943611198906,0.0,0.6931471805599453,0.0,0.6931471805599453,3.8066624897703196,3.258096538021482,3.5263605246161616,2.5649493574615367,2.302585092994046,1.0986122886681096,1.3862943611198906,0.6931471805599453,2.4849066497880004,2.833213344056216,1.0986122886681096
Cell_1395,200-Year (Mature),200,Developing Secondary Phloem (APL+),0.9099523841952558,39,2,2,0,0,2,1,18,18,31,15,7,1,1,0,5,11,4,1.0986122886681096,1.0986122886681096,0.0,0.0,1.0986122886681096,0.6931471805599453,2.9444389791664403,2.9444389791664403,3.4657359027997265,2.772588722239781,2.0794415416798357,0.6931471805599453,0.6931471805599453,0.0,1.791759469228055,2.4849066497880004,1.6094379124341003
Cell_1396,200-Year (Mature),200,Developing Secondary Phloem (APL+),0.6556234224580375,32,5,0,3,0,1,2,31,15,38,16,2,0,1,0,3,10,5,1.791759469228055,0.0,1.3862943611198906,0.0,0.6931471805599453,1.0986122886681096,3.4657359027997265,2.772588722239781,3.6635616461296463,2.833213344056216,1.0986122886681096,0.0,0.6931471805599453,0.0,1.3862943611198906,2.3978952727983707,1.791759469228055
Cell_1397,200-Year (Mature),200,Developing Secondary Phloem (APL+),0.809472976909474,30,3,4,0,0,0,2,23,19,33,13,2,5,4,4,17,8,2,1.3862943611198906,1.6094379124341003,0.0,0.0,0.0,1.0986122886681096,3.1780538303479458,2.995732273553991,3.5263605246161616,2.639057329615259,1.0986122886681096,1.791759469228055,1.6094379124341003,1.6094379124341003,2.8903717578961645,2.1972245773362196,1.0986122886681096
Cell_1398,200-Year (Mature),200,Developing Secondary Phloem (APL+),0.5708469335583128,30,2,4,0,1,0,2,11,27,24,19,7,3,3,2,8,9,6,1.0986122886681096,1.6094379124341003,0.0,0.6931471805599453,0.0,1.0986122886681096,2.4849066497880004,3.332204510175204,3.2188758248682006,2.995732273553991,2.0794415416798357,1.3862943611198906,1.3862943611198906,1.0986122886681096,2.1972245773362196,2.302585092994046,1.9459101490553132
Cell_1399,200-Year (Mature),200,Developing Secondary Phloem (APL+),0.30723555297644545,35,1,2,1,0,2,2,30,45,40,15,6,1,3,2,2,20,8,0.6931471805599453,1.0986122886681096,0.6931471805599453,0.0,1.0986122886681096,1.0986122886681096,3.4339872044851463,3.828641396489095,3.713572066704308,2.772588722239781,1.9459101490553132,0.6931471805599453,1.3862943611198906,1.0986122886681096,1.0986122886681096,3.044522437723423,2.1972245773362196
Cell_1400,200-Year (Mature),200,Developing Secondary Phloem (APL+),0.4245485702833511,44,4,2,0,0,0,0,16,19,42,13,3,4,2,0,6,16,3,1.6094379124341003,1.0986122886681096,0.0,0.0,0.0,0.0,2.833213344056216,2.995732273553991,3.7612001156935624,2.639057329615259,1.3862943611198906,1.6094379124341003,1.0986122886681096,0.0,1.9459101490553132,2.833213344056216,1.3862943611198906
Cell_1401,200-Year (Mature),200,Developing Secondary Phloem (APL+),0.5870790638721313,37,3,2,0,1,7,0,21,16,33,9,6,4,2,1,8,6,3,1.3862943611198906,1.0986122886681096,0.0,0.6931471805599453,2.0794415416798357,0.0,3.091042453358316,2.833213344056216,3.5263605246161616,2.302585092994046,1.9459101490553132,1.6094379124341003,1.0986122886681096,0.6931471805599453,2.1972245773362196,1.9459101490553132,1.3862943611198906
Cell_1402,200-Year (Mature),200,Developing Secondary Phloem (APL+),0.7573417924346095,23,5,5,1,0,0,0,19,14,32,14,3,3,4,0,5,8,5,1.791759469228055,1.791759469228055,0.6931471805599453,0.0,0.0,0.0,2.995732273553991,2.70805020110221,3.4965075614664802,2.70805020110221,1.3862943611198906,1.3862943611198906,1.6094379124341003,0.0,1.791759469228055,2.1972245773362196,1.791759469228055
Cell_1403,200-Year (Mature),200,Developing Secondary Phloem (APL+),0.6636528984889727,26,1,2,0,0,2,0,30,28,27,20,6,7,3,1,7,21,8,0.6931471805599453,1.0986122886681096,0.0,0.0,1.0986122886681096,0.0,3.4339872044851463,3.367295829986474,3.332204510175204,3.044522437723423,1.9459101490553132,2.0794415416798357,1.3862943611198906,0.6931471805599453,2.0794415416798357,3.091042453358316,2.1972245773362196
Cell_1404,200-Year (Mature),200,Developing Secondary Phloem (APL+),0.6011925457816527,43,4,3,1,0,1,0,23,22,39,14,2,1,0,0,8,19,1,1.6094379124341003,1.3862943611198906,0.6931471805599453,0.0,0.6931471805599453,0.0,3.1780538303479458,3.1354942159291497,3.6888794541139363,2.70805020110221,1.0986122886681096,0.6931471805599453,0.0,0.0,2.1972245773362196,2.995732273553991,0.6931471805599453
Cell_1405,200-Year (Mature),200,Developing Secondary Phloem (APL+),0.48668599330959145,29,6,4,0,0,0,1,22,33,71,10,2,0,3,1,10,13,4,1.9459101490553132,1.6094379124341003,0.0,0.0,0.0,0.6931471805599453,3.1354942159291497,3.5263605246161616,4.276666119016055,2.3978952727983707,1.0986122886681096,0.0,1.3862943611198906,0.6931471805599453,2.3978952727983707,2.639057329615259,1.6094379124341003
Cell_1406,200-Year (Mature),200,Developing Secondary Phloem (APL+),0.9038954940962806,39,0,2,0,0,1,1,27,27,29,13,8,4,9,2,1,3,8,0.0,1.0986122886681096,0.0,0.0,0.6931471805599453,0.6931471805599453,3.332204510175204,3.332204510175204,3.4011973816621555,2.639057329615259,2.1972245773362196,1.6094379124341003,2.302585092994046,1.0986122886681096,0.6931471805599453,1.3862943611198906,2.1972245773362196
Cell_1407,200-Year (Mature),200,Developing Secondary Phloem (APL+),0.39058852212462936,36,3,0,0,0,1,1,28,21,61,13,6,4,0,2,10,23,3,1.3862943611198906,0.0,0.0,0.0,0.6931471805599453,0.6931471805599453,3.367295829986474,3.091042453358316,4.127134385045092,2.639057329615259,1.9459101490553132,1.6094379124341003,0.0,1.0986122886681096,2.3978952727983707,3.1780538303479458,1.3862943611198906
Cell_1408,200-Year (Mature),200,Developing Secondary Phloem (APL+),0.6670424363411197,34,3,4,0,0,4,2,19,25,53,19,2,3,5,2,5,12,8,1.3862943611198906,1.6094379124341003,0.0,0.0,1.6094379124341003,1.0986122886681096,2.995732273553991,3.258096538021482,3.9889840465642745,2.995732273553991,1.0986122886681096,1.3862943611198906,1.791759469228055,1.0986122886681096,1.791759469228055,2.5649493574615367,2.1972245773362196
Cell_1409,200-Year (Mature),200,Developing Secondary Phloem (APL+),0.5548617154033556,36,6,6,0,0,0,2,20,12,46,16,1,8,6,1,25,13,6,1.9459101490553132,1.9459101490553132,0.0,0.0,0.0,1.0986122886681096,3.044522437723423,2.5649493574615367,3.8501476017100584,2.833213344056216,0.6931471805599453,2.1972245773362196,1.9459101490553132,0.6931471805599453,3.258096538021482,2.639057329615259,1.9459101490553132
Cell_1410,200-Year (Mature),200,Developing Secondary Phloem (APL+),0.5719251168309017,32,4,3,0,0,3,1,14,15,54,9,5,3,2,5,4,32,1,1.6094379124341003,1.3862943611198906,0.0,0.0,1.3862943611198906,0.6931471805599453,2.70805020110221,2.772588722239781,4.007333185232471,2.302585092994046,1.791759469228055,1.3862943611198906,1.0986122886681096,1.791759469228055,1.6094379124341003,3.4965075614664802,0.6931471805599453
Cell_1411,200-Year (Mature),200,Developing Secondary Phloem (APL+),0.6799684177352159,38,2,0,1,0,0,2,38,26,42,13,13,2,3,1,5,17,4,1.0986122886681096,0.0,0.6931471805599453,0.0,0.0,1.0986122886681096,3.6635616461296463,3.295836866004329,3.7612001156935624,2.639057329615259,2.639057329615259,1.0986122886681096,1.3862943611198906,0.6931471805599453,1.791759469228055,2.8903717578961645,1.6094379124341003
Cell_1412,200-Year (Mature),200,Developing Secondary Phloem (APL+),0.4110678006864799,27,1,4,0,0,0,1,14,37,36,23,2,8,1,0,4,10,0,0.6931471805599453,1.6094379124341003,0.0,0.0,0.0,0.6931471805599453,2.70805020110221,3.6375861597263857,3.6109179126442243,3.1780538303479458,1.0986122886681096,2.1972245773362196,0.6931471805599453,0.0,1.6094379124341003,2.3978952727983707,0.0
Cell_1413,200-Year (Mature),200,Developing Secondary Phloem (APL+),0.4177487119149656,42,2,1,1,0,2,0,27,29,56,11,8,4,6,0,1,26,9,1.0986122886681096,0.6931471805599453,0.6931471805599453,0.0,1.0986122886681096,0.0,3.332204510175204,3.4011973816621555,4.04305126783455,2.4849066497880004,2.1972245773362196,1.6094379124341003,1.9459101490553132,0.0,0.6931471805599453,3.295836866004329,2.302585092994046
Cell_1414,200-Year (Mature),200,Developing Secondary Phloem (APL+),0.5037925518028296,38,3,4,0,1,5,2,27,25,38,14,0,0,2,2,11,22,7,1.3862943611198906,1.6094379124341003,0.0,0.6931471805599453,1.791759469228055,1.0986122886681096,3.332204510175204,3.258096538021482,3.6635616461296463,2.70805020110221,0.0,0.0,1.0986122886681096,1.0986122886681096,2.4849066497880004,3.1354942159291497,2.0794415416798357
Cell_1415,200-Year (Mature),200,Developing Secondary Phloem (APL+),0.8814061566916497,35,1,5,0,1,1,0,34,28,69,24,4,3,0,0,3,11,3,0.6931471805599453,1.791759469228055,0.0,0.6931471805599453,0.6931471805599453,0.0,3.5553480614894135,3.367295829986474,4.248495242049359,3.2188758248682006,1.6094379124341003,1.3862943611198906,0.0,0.0,1.3862943611198906,2.4849066497880004,1.3862943611198906
Cell_1416,200-Year (Mature),200,Developing Secondary Phloem (APL+),0.7201116613378611,21,4,1,1,0,8,0,28,17,20,12,3,4,3,1,5,22,3,1.6094379124341003,0.6931471805599453,0.6931471805599453,0.0,2.1972245773362196,0.0,3.367295829986474,2.8903717578961645,3.044522437723423,2.5649493574615367,1.3862943611198906,1.6094379124341003,1.3862943611198906,0.6931471805599453,1.791759469228055,3.1354942159291497,1.3862943611198906
Cell_1417,200-Year (Mature),200,Developing Secondary Phloem (APL+),0.5470744865231524,28,4,3,0,0,0,4,34,23,28,28,2,0,4,2,13,15,0,1.6094379124341003,1.3862943611198906,0.0,0.0,0.0,1.6094379124341003,3.5553480614894135,3.1780538303479458,3.367295829986474,3.367295829986474,1.0986122886681096,0.0,1.6094379124341003,1.0986122886681096,2.639057329615259,2.772588722239781,0.0
Cell_1418,200-Year (Mature),200,Developing Secondary Phloem (APL+),0.9306175710815382,37,0,7,0,0,1,0,19,28,38,10,6,1,2,3,4,19,10,0.0,2.0794415416798357,0.0,0.0,0.6931471805599453,0.0,2.995732273553991,3.367295829986474,3.6635616461296463,2.3978952727983707,1.9459101490553132,0.6931471805599453,1.0986122886681096,1.3862943611198906,1.6094379124341003,2.995732273553991,2.3978952727983707
Cell_1419,200-Year (Mature),200,Developing Secondary Phloem (APL+),0.2088628313649717,34,0,0,2,1,1,2,25,21,39,14,6,6,5,2,11,9,7,0.0,0.0,1.0986122886681096,0.6931471805599453,0.6931471805599453,1.0986122886681096,3.258096538021482,3.091042453358316,3.6888794541139363,2.70805020110221,1.9459101490553132,1.9459101490553132,1.791759469228055,1.0986122886681096,2.4849066497880004,2.302585092994046,2.0794415416798357
Cell_1420,200-Year (Mature),200,Developing Secondary Phloem (APL+),0.3347236136926733,44,0,0,0,0,1,4,47,32,27,8,10,2,5,1,6,22,3,0.0,0.0,0.0,0.0,0.6931471805599453,1.6094379124341003,3.8712010109078907,3.4965075614664802,3.332204510175204,2.1972245773362196,2.3978952727983707,1.0986122886681096,1.791759469228055,0.6931471805599453,1.9459101490553132,3.1354942159291497,1.3862943611198906
Cell_1421,200-Year (Mature),200,Developing Secondary Phloem (APL+),0.6341872909664884,41,0,3,0,0,2,0,22,33,66,18,3,1,1,1,7,10,12,0.0,1.3862943611198906,0.0,0.0,1.0986122886681096,0.0,3.1354942159291497,3.5263605246161616,4.204692619390966,2.9444389791664403,1.3862943611198906,0.6931471805599453,0.6931471805599453,0.6931471805599453,2.0794415416798357,2.3978952727983707,2.5649493574615367
Cell_1422,200-Year (Mature),200,Developing Secondary Phloem (APL+),0.8962391109591896,34,1,0,0,0,0,0,20,27,28,9,2,1,6,0,5,10,5,0.6931471805599453,0.0,0.0,0.0,0.0,0.0,3.044522437723423,3.332204510175204,3.367295829986474,2.302585092994046,1.0986122886681096,0.6931471805599453,1.9459101490553132,0.0,1.791759469228055,2.3978952727983707,1.791759469228055
Cell_1423,200-Year (Mature),200,Developing Secondary Phloem (APL+),0.5998435765894337,42,2,8,1,2,0,4,40,32,59,16,4,8,2,0,25,11,5,1.0986122886681096,2.1972245773362196,0.6931471805599453,1.0986122886681096,0.0,1.6094379124341003,3.713572066704308,3.4965075614664802,4.0943445622221,2.833213344056216,1.6094379124341003,2.1972245773362196,1.0986122886681096,0.0,3.258096538021482,2.4849066497880004,1.791759469228055
Cell_1424,200-Year (Mature),200,Developing Secondary Phloem (APL+),0.345356769366303,34,1,3,0,0,1,0,24,18,34,14,13,1,1,0,5,12,6,0.6931471805599453,1.3862943611198906,0.0,0.0,0.6931471805599453,0.0,3.2188758248682006,2.9444389791664403,3.5553480614894135,2.70805020110221,2.639057329615259,0.6931471805599453,0.6931471805599453,0.0,1.791759469228055,2.5649493574615367,1.9459101490553132
Cell_1425,200-Year (Mature),200,Developing Secondary Phloem (APL+),0.5109465991979113,36,0,3,2,0,0,2,24,27,36,16,5,0,0,1,5,16,6,0.0,1.3862943611198906,1.0986122886681096,0.0,0.0,1.0986122886681096,3.2188758248682006,3.332204510175204,3.6109179126442243,2.833213344056216,1.791759469228055,0.0,0.0,0.6931471805599453,1.791759469228055,2.833213344056216,1.9459101490553132
Cell_1426,200-Year (Mature),200,Developing Secondary Phloem (APL+),0.3064000604755088,25,1,2,0,0,0,0,19,21,51,5,9,0,2,0,12,36,4,0.6931471805599453,1.0986122886681096,0.0,0.0,0.0,0.0,2.995732273553991,3.091042453358316,3.9512437185814275,1.791759469228055,2.302585092994046,0.0,1.0986122886681096,0.0,2.5649493574615367,3.6109179126442243,1.6094379124341003
Cell_1427,200-Year (Mature),200,Developing Secondary Phloem (APL+),0.2713231337958013,27,1,1,0,0,0,1,18,15,49,12,6,4,1,0,19,19,11,0.6931471805599453,0.6931471805599453,0.0,0.0,0.0,0.6931471805599453,2.9444389791664403,2.772588722239781,3.912023005428146,2.5649493574615367,1.9459101490553132,1.6094379124341003,0.6931471805599453,0.0,2.995732273553991,2.995732273553991,2.4849066497880004
Cell_1428,200-Year (Mature),200,Developing Secondary Phloem (APL+),0.4412504637786084,35,1,3,0,0,2,2,29,18,29,13,6,2,2,4,8,11,4,0.6931471805599453,1.3862943611198906,0.0,0.0,1.0986122886681096,1.0986122886681096,3.4011973816621555,2.9444389791664403,3.4011973816621555,2.639057329615259,1.9459101490553132,1.0986122886681096,1.0986122886681096,1.6094379124341003,2.1972245773362196,2.4849066497880004,1.6094379124341003
Cell_1429,200-Year (Mature),200,Developing Secondary Phloem (APL+),0.5984216107596801,35,0,10,2,0,3,1,23,35,37,14,3,1,6,3,7,9,6,0.0,2.3978952727983707,1.0986122886681096,0.0,1.3862943611198906,0.6931471805599453,3.1780538303479458,3.58351893845611,3.6375861597263857,2.70805020110221,1.3862943611198906,0.6931471805599453,1.9459101490553132,1.3862943611198906,2.0794415416798357,2.302585092994046,1.9459101490553132
Cell_1430,200-Year (Mature),200,Developing Secondary Phloem (APL+),0.7696440541677015,38,0,0,0,0,3,1,34,19,28,18,1,3,1,0,8,11,3,0.0,0.0,0.0,0.0,1.3862943611198906,0.6931471805599453,3.5553480614894135,2.995732273553991,3.367295829986474,2.9444389791664403,0.6931471805599453,1.3862943611198906,0.6931471805599453,0.0,2.1972245773362196,2.4849066497880004,1.3862943611198906
Cell_1431,200-Year (Mature),200,Developing Secondary Phloem (APL+),0.24915059609280993,38,3,2,0,0,4,2,19,19,31,24,4,1,4,2,2,17,6,1.3862943611198906,1.0986122886681096,0.0,0.0,1.6094379124341003,1.0986122886681096,2.995732273553991,2.995732273553991,3.4657359027997265,3.2188758248682006,1.6094379124341003,0.6931471805599453,1.6094379124341003,1.0986122886681096,1.0986122886681096,2.8903717578961645,1.9459101490553132
Cell_1432,200-Year (Mature),200,Developing Secondary Phloem (APL+),0.7139792043824043,36,3,6,1,0,0,0,20,21,57,24,1,0,0,4,8,15,3,1.3862943611198906,1.9459101490553132,0.6931471805599453,0.0,0.0,0.0,3.044522437723423,3.091042453358316,4.060443010546419,3.2188758248682006,0.6931471805599453,0.0,0.0,1.6094379124341003,2.1972245773362196,2.772588722239781,1.3862943611198906
Cell_1433,200-Year (Mature),200,Developing Secondary Phloem (APL+),0.8189013220557614,29,1,3,0,1,8,2,35,21,67,20,5,1,2,3,9,13,11,0.6931471805599453,1.3862943611198906,0.0,0.6931471805599453,2.1972245773362196,1.0986122886681096,3.58351893845611,3.091042453358316,4.219507705176107,3.044522437723423,1.791759469228055,0.6931471805599453,1.0986122886681096,1.3862943611198906,2.302585092994046,2.639057329615259,2.4849066497880004
Cell_1434,200-Year (Mature),200,Developing Secondary Phloem (APL+),0.7465660988401251,36,3,3,0,0,2,2,17,25,33,9,4,1,3,0,5,10,3,1.3862943611198906,1.3862943611198906,0.0,0.0,1.0986122886681096,1.0986122886681096,2.8903717578961645,3.258096538021482,3.5263605246161616,2.302585092994046,1.6094379124341003,0.6931471805599453,1.3862943611198906,0.0,1.791759469228055,2.3978952727983707,1.3862943611198906
Cell_1435,200-Year (Mature),200,Developing Secondary Phloem (APL+),0.44006815042244524,35,1,1,0,1,0,1,32,40,28,18,1,0,1,2,7,16,8,0.6931471805599453,0.6931471805599453,0.0,0.6931471805599453,0.0,0.6931471805599453,3.4965075614664802,3.713572066704308,3.367295829986474,2.9444389791664403,0.6931471805599453,0.0,0.6931471805599453,1.0986122886681096,2.0794415416798357,2.833213344056216,2.1972245773362196
Cell_1436,200-Year (Mature),200,Developing Secondary Phloem (APL+),0.274465318289149,30,3,0,0,0,2,0,23,27,47,20,2,4,3,4,5,6,6,1.3862943611198906,0.0,0.0,0.0,1.0986122886681096,0.0,3.1780538303479458,3.332204510175204,3.8712010109078907,3.044522437723423,1.0986122886681096,1.6094379124341003,1.3862943611198906,1.6094379124341003,1.791759469228055,1.9459101490553132,1.9459101490553132
Cell_1437,200-Year (Mature),200,Developing Secondary Phloem (APL+),0.7843682152355239,38,2,2,1,0,3,0,28,17,27,10,2,0,2,0,5,8,6,1.0986122886681096,1.0986122886681096,0.6931471805599453,0.0,1.3862943611198906,0.0,3.367295829986474,2.8903717578961645,3.332204510175204,2.3978952727983707,1.0986122886681096,0.0,1.0986122886681096,0.0,1.791759469228055,2.1972245773362196,1.9459101490553132
Cell_1438,200-Year (Mature),200,Developing Secondary Phloem (APL+),0.7780903613225026,43,1,7,0,1,0,1,24,15,31,26,0,1,3,0,7,16,8,0.6931471805599453,2.0794415416798357,0.0,0.6931471805599453,0.0,0.6931471805599453,3.2188758248682006,2.772588722239781,3.4657359027997265,3.295836866004329,0.0,0.6931471805599453,1.3862943611198906,0.0,2.0794415416798357,2.833213344056216,2.1972245773362196
Cell_1439,200-Year (Mature),200,Developing Secondary Phloem (APL+),0.4637598882052653,35,2,2,0,0,1,0,20,36,37,16,0,2,2,2,10,23,2,1.0986122886681096,1.0986122886681096,0.0,0.0,0.6931471805599453,0.0,3.044522437723423,3.6109179126442243,3.6375861597263857,2.833213344056216,0.0,1.0986122886681096,1.0986122886681096,1.0986122886681096,2.3978952727983707,3.1780538303479458,1.0986122886681096
Cell_1440,200-Year (Mature),200,Developing Secondary Phloem (APL+),0.8349748655956737,38,0,4,0,0,1,0,37,16,32,23,0,2,5,1,6,13,7,0.0,1.6094379124341003,0.0,0.0,0.6931471805599453,0.0,3.6375861597263857,2.833213344056216,3.4965075614664802,3.1780538303479458,0.0,1.0986122886681096,1.791759469228055,0.6931471805599453,1.9459101490553132,2.639057329615259,2.0794415416798357
Cell_1441,200-Year (Mature),200,Developing Secondary Phloem (APL+),0.5853413057183066,28,1,1,1,0,2,0,38,30,41,11,1,1,4,0,3,17,6,0.6931471805599453,0.6931471805599453,0.6931471805599453,0.0,1.0986122886681096,0.0,3.6635616461296463,3.4339872044851463,3.7376696182833684,2.4849066497880004,0.6931471805599453,0.6931471805599453,1.6094379124341003,0.0,1.3862943611198906,2.8903717578961645,1.9459101490553132
Cell_1442,200-Year (Mature),200,Developing Secondary Phloem (APL+),0.5446125163083573,33,4,2,0,0,0,4,34,36,24,16,8,6,1,2,8,7,4,1.6094379124341003,1.0986122886681096,0.0,0.0,0.0,1.6094379124341003,3.5553480614894135,3.6109179126442243,3.2188758248682006,2.833213344056216,2.1972245773362196,1.9459101490553132,0.6931471805599453,1.0986122886681096,2.1972245773362196,2.0794415416798357,1.6094379124341003
Cell_1443,200-Year (Mature),200,Developing Secondary Phloem (APL+),0.6117530372330833,31,1,2,2,0,0,0,47,9,39,11,4,2,6,1,5,23,8,0.6931471805599453,1.0986122886681096,1.0986122886681096,0.0,0.0,0.0,3.8712010109078907,2.302585092994046,3.6888794541139363,2.4849066497880004,1.6094379124341003,1.0986122886681096,1.9459101490553132,0.6931471805599453,1.791759469228055,3.1780538303479458,2.1972245773362196
Cell_1444,200-Year (Mature),200,Developing Secondary Phloem (APL+),0.545983108242085,37,3,2,0,1,0,0,35,15,33,15,2,3,2,0,15,6,5,1.3862943611198906,1.0986122886681096,0.0,0.6931471805599453,0.0,0.0,3.58351893845611,2.772588722239781,3.5263605246161616,2.772588722239781,1.0986122886681096,1.3862943611198906,1.0986122886681096,0.0,2.772588722239781,1.9459101490553132,1.791759469228055
Cell_1445,200-Year (Mature),200,Developing Secondary Phloem (APL+),0.876697170952128,27,5,5,0,0,2,1,29,26,15,13,5,6,1,0,10,15,3,1.791759469228055,1.791759469228055,0.0,0.0,1.0986122886681096,0.6931471805599453,3.4011973816621555,3.295836866004329,2.772588722239781,2.639057329615259,1.791759469228055,1.9459101490553132,0.6931471805599453,0.0,2.3978952727983707,2.772588722239781,1.3862943611198906
Cell_1446,200-Year (Mature),200,Developing Secondary Phloem (APL+),0.5471892641839763,37,2,3,1,1,1,5,22,23,24,15,8,1,1,0,7,12,4,1.0986122886681096,1.3862943611198906,0.6931471805599453,0.6931471805599453,0.6931471805599453,1.791759469228055,3.1354942159291497,3.1780538303479458,3.2188758248682006,2.772588722239781,2.1972245773362196,0.6931471805599453,0.6931471805599453,0.0,2.0794415416798357,2.5649493574615367,1.6094379124341003
Cell_1447,200-Year (Mature),200,Developing Secondary Phloem (APL+),0.3141116459831099,38,6,0,0,0,0,1,26,22,41,11,2,0,6,0,5,10,7,1.9459101490553132,0.0,0.0,0.0,0.0,0.6931471805599453,3.295836866004329,3.1354942159291497,3.7376696182833684,2.4849066497880004,1.0986122886681096,0.0,1.9459101490553132,0.0,1.791759469228055,2.3978952727983707,2.0794415416798357
Cell_1448,200-Year (Mature),200,Developing Secondary Phloem (APL+),0.41854241499211337,34,1,7,1,0,1,5,40,14,35,9,7,6,5,1,3,21,2,0.6931471805599453,2.0794415416798357,0.6931471805599453,0.0,0.6931471805599453,1.791759469228055,3.713572066704308,2.70805020110221,3.58351893845611,2.302585092994046,2.0794415416798357,1.9459101490553132,1.791759469228055,0.6931471805599453,1.3862943611198906,3.091042453358316,1.0986122886681096
Cell_1449,200-Year (Mature),200,Developing Secondary Phloem (APL+),0.7501774308806932,33,0,1,0,0,0,0,24,25,38,27,6,5,1,1,2,8,2,0.0,0.6931471805599453,0.0,0.0,0.0,0.0,3.2188758248682006,3.258096538021482,3.6635616461296463,3.332204510175204,1.9459101490553132,1.791759469228055,0.6931471805599453,0.6931471805599453,1.0986122886681096,2.1972245773362196,1.0986122886681096
Cell_1450,200-Year (Mature),200,Developing Secondary Phloem (APL+),0.5252124624875317,31,4,4,0,0,1,0,32,18,25,19,5,5,3,1,2,21,2,1.6094379124341003,1.6094379124341003,0.0,0.0,0.6931471805599453,0.0,3.4965075614664802,2.9444389791664403,3.258096538021482,2.995732273553991,1.791759469228055,1.791759469228055,1.3862943611198906,0.6931471805599453,1.0986122886681096,3.091042453358316,1.0986122886681096
Cell_1451,200-Year (Mature),200,Developing Secondary Phloem (APL+),0.8275895861417725,26,0,2,0,0,3,3,42,24,29,8,3,0,1,0,3,12,2,0.0,1.0986122886681096,0.0,0.0,1.3862943611198906,1.3862943611198906,3.7612001156935624,3.2188758248682006,3.4011973816621555,2.1972245773362196,1.3862943611198906,0.0,0.6931471805599453,0.0,1.3862943611198906,2.5649493574615367,1.0986122886681096
Cell_1452,200-Year (Mature),200,Developing Secondary Phloem (APL+),0.4195255173304099,25,1,7,0,0,3,2,34,24,30,11,1,2,0,0,8,20,8,0.6931471805599453,2.0794415416798357,0.0,0.0,1.3862943611198906,1.0986122886681096,3.5553480614894135,3.2188758248682006,3.4339872044851463,2.4849066497880004,0.6931471805599453,1.0986122886681096,0.0,0.0,2.1972245773362196,3.044522437723423,2.1972245773362196
Cell_1453,200-Year (Mature),200,Developing Secondary Phloem (APL+),0.8831373874494752,42,2,5,0,0,0,0,26,22,51,17,6,2,2,2,6,13,7,1.0986122886681096,1.791759469228055,0.0,0.0,0.0,0.0,3.295836866004329,3.1354942159291497,3.9512437185814275,2.8903717578961645,1.9459101490553132,1.0986122886681096,1.0986122886681096,1.0986122886681096,1.9459101490553132,2.639057329615259,2.0794415416798357
Cell_1454,200-Year (Mature),200,Developing Secondary Phloem (APL+),0.4924752622729791,36,0,5,0,0,1,2,17,28,55,8,2,4,3,3,2,13,6,0.0,1.791759469228055,0.0,0.0,0.6931471805599453,1.0986122886681096,2.8903717578961645,3.367295829986474,4.02535169073515,2.1972245773362196,1.0986122886681096,1.6094379124341003,1.3862943611198906,1.3862943611198906,1.0986122886681096,2.639057329615259,1.9459101490553132
Cell_1455,200-Year (Mature),200,Developing Secondary Phloem (APL+),0.6258243713733047,52,2,3,5,0,2,0,24,24,37,19,5,4,3,0,12,11,11,1.0986122886681096,1.3862943611198906,1.791759469228055,0.0,1.0986122886681096,0.0,3.2188758248682006,3.2188758248682006,3.6375861597263857,2.995732273553991,1.791759469228055,1.6094379124341003,1.3862943611198906,0.0,2.5649493574615367,2.4849066497880004,2.4849066497880004
Cell_1456,200-Year (Mature),200,Developing Secondary Phloem (APL+),0.6179416677324407,30,1,2,0,0,0,6,51,19,56,21,4,0,0,2,12,7,6,0.6931471805599453,1.0986122886681096,0.0,0.0,0.0,1.9459101490553132,3.9512437185814275,2.995732273553991,4.04305126783455,3.091042453358316,1.6094379124341003,0.0,0.0,1.0986122886681096,2.5649493574615367,2.0794415416798357,1.9459101490553132
Cell_1457,200-Year (Mature),200,Developing Secondary Phloem (APL+),0.9099789847031455,37,1,7,0,0,2,0,12,14,26,23,1,2,2,1,9,13,4,0.6931471805599453,2.0794415416798357,0.0,0.0,1.0986122886681096,0.0,2.5649493574615367,2.70805020110221,3.295836866004329,3.1780538303479458,0.6931471805599453,1.0986122886681096,1.0986122886681096,0.6931471805599453,2.302585092994046,2.639057329615259,1.6094379124341003
Cell_1458,200-Year (Mature),200,Developing Secondary Phloem (APL+),0.7042216203552827,31,1,0,0,0,1,2,35,29,31,11,11,3,3,4,5,24,2,0.6931471805599453,0.0,0.0,0.0,0.6931471805599453,1.0986122886681096,3.58351893845611,3.4011973816621555,3.4657359027997265,2.4849066497880004,2.4849066497880004,1.3862943611198906,1.3862943611198906,1.6094379124341003,1.791759469228055,3.2188758248682006,1.0986122886681096
Cell_1459,200-Year (Mature),200,Developing Secondary Phloem (APL+),0.7891193951884117,32,0,0,0,1,2,0,26,33,25,16,6,3,2,2,3,19,13,0.0,0.0,0.0,0.6931471805599453,1.0986122886681096,0.0,3.295836866004329,3.5263605246161616,3.258096538021482,2.833213344056216,1.9459101490553132,1.3862943611198906,1.0986122886681096,1.0986122886681096,1.3862943611198906,2.995732273553991,2.639057329615259
Cell_1460,200-Year (Mature),200,Developing Secondary Phloem (APL+),0.8735022995005606,44,0,1,0,0,1,1,20,13,55,11,4,2,2,0,4,9,6,0.0,0.6931471805599453,0.0,0.0,0.6931471805599453,0.6931471805599453,3.044522437723423,2.639057329615259,4.02535169073515,2.4849066497880004,1.6094379124341003,1.0986122886681096,1.0986122886681096,0.0,1.6094379124341003,2.302585092994046,1.9459101490553132
Cell_1461,200-Year (Mature),200,Developing Secondary Phloem (APL+),0.6449290266102242,41,0,1,2,0,1,3,38,34,37,11,9,5,4,0,7,17,1,0.0,0.6931471805599453,1.0986122886681096,0.0,0.6931471805599453,1.3862943611198906,3.6635616461296463,3.5553480614894135,3.6375861597263857,2.4849066497880004,2.302585092994046,1.791759469228055,1.6094379124341003,0.0,2.0794415416798357,2.8903717578961645,0.6931471805599453
Cell_1462,200-Year (Mature),200,Developing Secondary Phloem (APL+),0.5565794198956523,25,4,3,1,0,2,1,22,21,49,28,5,1,4,1,1,11,2,1.6094379124341003,1.3862943611198906,0.6931471805599453,0.0,1.0986122886681096,0.6931471805599453,3.1354942159291497,3.091042453358316,3.912023005428146,3.367295829986474,1.791759469228055,0.6931471805599453,1.6094379124341003,0.6931471805599453,0.6931471805599453,2.4849066497880004,1.0986122886681096
Cell_1463,200-Year (Mature),200,Developing Secondary Phloem (APL+),0.4597306580065771,41,1,1,1,0,2,4,23,32,36,13,3,2,0,1,0,19,4,0.6931471805599453,0.6931471805599453,0.6931471805599453,0.0,1.0986122886681096,1.6094379124341003,3.1780538303479458,3.4965075614664802,3.6109179126442243,2.639057329615259,1.3862943611198906,1.0986122886681096,0.0,0.6931471805599453,0.0,2.995732273553991,1.6094379124341003
Cell_1464,200-Year (Mature),200,Developing Secondary Phloem (APL+),0.724667914084769,36,1,6,0,0,1,2,29,24,49,8,4,5,2,1,10,15,3,0.6931471805599453,1.9459101490553132,0.0,0.0,0.6931471805599453,1.0986122886681096,3.4011973816621555,3.2188758248682006,3.912023005428146,2.1972245773362196,1.6094379124341003,1.791759469228055,1.0986122886681096,0.6931471805599453,2.3978952727983707,2.772588722239781,1.3862943611198906
Cell_1465,200-Year (Mature),200,Developing Secondary Phloem (APL+),0.16166000962126972,39,1,3,0,1,5,2,27,19,54,14,7,3,4,1,4,19,5,0.6931471805599453,1.3862943611198906,0.0,0.6931471805599453,1.791759469228055,1.0986122886681096,3.332204510175204,2.995732273553991,4.007333185232471,2.70805020110221,2.0794415416798357,1.3862943611198906,1.6094379124341003,0.6931471805599453,1.6094379124341003,2.995732273553991,1.791759469228055
Cell_1466,200-Year (Mature),200,Developing Secondary Phloem (APL+),0.5984998124691735,41,3,6,0,1,0,3,20,32,39,13,9,3,2,2,7,16,6,1.3862943611198906,1.9459101490553132,0.0,0.6931471805599453,0.0,1.3862943611198906,3.044522437723423,3.4965075614664802,3.6888794541139363,2.639057329615259,2.302585092994046,1.3862943611198906,1.0986122886681096,1.0986122886681096,2.0794415416798357,2.833213344056216,1.9459101490553132
Cell_1467,200-Year (Mature),200,Developing Secondary Phloem (APL+),0.6713515410594029,30,2,4,0,0,3,8,26,24,32,18,3,0,4,2,9,20,0,1.0986122886681096,1.6094379124341003,0.0,0.0,1.3862943611198906,2.1972245773362196,3.295836866004329,3.2188758248682006,3.4965075614664802,2.9444389791664403,1.3862943611198906,0.0,1.6094379124341003,1.0986122886681096,2.302585092994046,3.044522437723423,0.0
Cell_1468,200-Year (Mature),200,Developing Secondary Phloem (APL+),0.2719695653683789,36,1,1,0,1,2,2,24,34,32,23,7,1,7,1,8,7,2,0.6931471805599453,0.6931471805599453,0.0,0.6931471805599453,1.0986122886681096,1.0986122886681096,3.2188758248682006,3.5553480614894135,3.4965075614664802,3.1780538303479458,2.0794415416798357,0.6931471805599453,2.0794415416798357,0.6931471805599453,2.1972245773362196,2.0794415416798357,1.0986122886681096
Cell_1469,200-Year (Mature),200,Developing Secondary Phloem (APL+),0.6510946740048693,31,0,2,0,0,0,3,37,22,40,11,7,0,3,2,5,12,3,0.0,1.0986122886681096,0.0,0.0,0.0,1.3862943611198906,3.6375861597263857,3.1354942159291497,3.713572066704308,2.4849066497880004,2.0794415416798357,0.0,1.3862943611198906,1.0986122886681096,1.791759469228055,2.5649493574615367,1.3862943611198906
Cell_1470,200-Year (Mature),200,Developing Secondary Phloem (APL+),0.7082487499772333,41,1,4,0,0,0,3,51,15,33,17,13,2,1,1,5,21,5,0.6931471805599453,1.6094379124341003,0.0,0.0,0.0,1.3862943611198906,3.9512437185814275,2.772588722239781,3.5263605246161616,2.8903717578961645,2.639057329615259,1.0986122886681096,0.6931471805599453,0.6931471805599453,1.791759469228055,3.091042453358316,1.791759469228055
Cell_1471,200-Year (Mature),200,Developing Secondary Phloem (APL+),0.7919965001961934,36,2,2,0,0,0,0,30,14,30,15,7,1,0,3,1,18,6,1.0986122886681096,1.0986122886681096,0.0,0.0,0.0,0.0,3.4339872044851463,2.70805020110221,3.4339872044851463,2.772588722239781,2.0794415416798357,0.6931471805599453,0.0,1.3862943611198906,0.6931471805599453,2.9444389791664403,1.9459101490553132
Cell_1472,200-Year (Mature),200,Developing Secondary Phloem (APL+),0.40405090201622407,41,4,3,3,1,3,0,15,14,70,6,0,3,1,2,4,9,3,1.6094379124341003,1.3862943611198906,1.3862943611198906,0.6931471805599453,1.3862943611198906,0.0,2.772588722239781,2.70805020110221,4.2626798770413155,1.9459101490553132,0.0,1.3862943611198906,0.6931471805599453,1.0986122886681096,1.6094379124341003,2.302585092994046,1.3862943611198906
Cell_1473,200-Year (Mature),200,Developing Secondary Phloem (APL+),0.7639319600955022,32,1,3,0,0,0,0,26,19,30,10,1,5,1,2,5,19,3,0.6931471805599453,1.3862943611198906,0.0,0.0,0.0,0.0,3.295836866004329,2.995732273553991,3.4339872044851463,2.3978952727983707,0.6931471805599453,1.791759469228055,0.6931471805599453,1.0986122886681096,1.791759469228055,2.995732273553991,1.3862943611198906
Cell_1474,200-Year (Mature),200,Developing Secondary Phloem (APL+),0.5444950860833051,44,0,2,0,0,1,3,19,17,40,9,0,6,1,0,0,15,6,0.0,1.0986122886681096,0.0,0.0,0.6931471805599453,1.3862943611198906,2.995732273553991,2.8903717578961645,3.713572066704308,2.302585092994046,0.0,1.9459101490553132,0.6931471805599453,0.0,0.0,2.772588722239781,1.9459101490553132
Cell_1475,200-Year (Mature),200,Developing Secondary Phloem (APL+),0.7353883998485468,43,0,0,0,0,1,0,28,18,28,36,3,3,3,2,1,13,5,0.0,0.0,0.0,0.0,0.6931471805599453,0.0,3.367295829986474,2.9444389791664403,3.367295829986474,3.6109179126442243,1.3862943611198906,1.3862943611198906,1.3862943611198906,1.0986122886681096,0.6931471805599453,2.639057329615259,1.791759469228055
Cell_1476,200-Year (Mature),200,Developing Secondary Phloem (APL+),0.41471667963399406,42,3,9,0,0,1,2,36,23,40,5,7,7,3,0,5,9,3,1.3862943611198906,2.302585092994046,0.0,0.0,0.6931471805599453,1.0986122886681096,3.6109179126442243,3.1780538303479458,3.713572066704308,1.791759469228055,2.0794415416798357,2.0794415416798357,1.3862943611198906,0.0,1.791759469228055,2.302585092994046,1.3862943611198906
Cell_1477,200-Year (Mature),200,Developing Secondary Phloem (APL+),0.6724238325495346,37,1,1,0,0,1,2,34,13,27,8,6,4,4,0,8,8,5,0.6931471805599453,0.6931471805599453,0.0,0.0,0.6931471805599453,1.0986122886681096,3.5553480614894135,2.639057329615259,3.332204510175204,2.1972245773362196,1.9459101490553132,1.6094379124341003,1.6094379124341003,0.0,2.1972245773362196,2.1972245773362196,1.791759469228055
Cell_1478,200-Year (Mature),200,Developing Secondary Phloem (APL+),0.5415825082366361,39,1,5,0,0,1,4,18,16,52,8,6,5,1,0,3,11,0,0.6931471805599453,1.791759469228055,0.0,0.0,0.6931471805599453,1.6094379124341003,2.9444389791664403,2.833213344056216,3.970291913552122,2.1972245773362196,1.9459101490553132,1.791759469228055,0.6931471805599453,0.0,1.3862943611198906,2.4849066497880004,0.0
Cell_1479,200-Year (Mature),200,Developing Secondary Phloem (APL+),0.7809551301011006,30,3,8,0,1,1,0,12,24,54,12,1,1,5,1,8,16,10,1.3862943611198906,2.1972245773362196,0.0,0.6931471805599453,0.6931471805599453,0.0,2.5649493574615367,3.2188758248682006,4.007333185232471,2.5649493574615367,0.6931471805599453,0.6931471805599453,1.791759469228055,0.6931471805599453,2.1972245773362196,2.833213344056216,2.3978952727983707
Cell_1480,200-Year (Mature),200,Developing Secondary Phloem (APL+),0.5005140952274141,44,0,2,1,0,1,1,31,21,50,11,5,6,0,1,4,13,5,0.0,1.0986122886681096,0.6931471805599453,0.0,0.6931471805599453,0.6931471805599453,3.4657359027997265,3.091042453358316,3.9318256327243257,2.4849066497880004,1.791759469228055,1.9459101490553132,0.0,0.6931471805599453,1.6094379124341003,2.639057329615259,1.791759469228055
Cell_1481,200-Year (Mature),200,Developing Secondary Phloem (APL+),0.48645866094166845,41,0,7,0,0,0,2,36,16,16,10,4,2,2,4,14,14,4,0.0,2.0794415416798357,0.0,0.0,0.0,1.0986122886681096,3.6109179126442243,2.833213344056216,2.833213344056216,2.3978952727983707,1.6094379124341003,1.0986122886681096,1.0986122886681096,1.6094379124341003,2.70805020110221,2.70805020110221,1.6094379124341003
Cell_1482,200-Year (Mature),200,Developing Secondary Phloem (APL+),0.30562274648229976,37,0,0,2,1,4,1,38,23,36,11,5,1,6,2,4,25,1,0.0,0.0,1.0986122886681096,0.6931471805599453,1.6094379124341003,0.6931471805599453,3.6635616461296463,3.1780538303479458,3.6109179126442243,2.4849066497880004,1.791759469228055,0.6931471805599453,1.9459101490553132,1.0986122886681096,1.6094379124341003,3.258096538021482,0.6931471805599453
Cell_1483,200-Year (Mature),200,Developing Secondary Phloem (APL+),0.6450151864870536,36,1,0,0,1,2,6,14,25,44,16,6,3,2,0,5,13,2,0.6931471805599453,0.0,0.0,0.6931471805599453,1.0986122886681096,1.9459101490553132,2.70805020110221,3.258096538021482,3.8066624897703196,2.833213344056216,1.9459101490553132,1.3862943611198906,1.0986122886681096,0.0,1.791759469228055,2.639057329615259,1.0986122886681096
Cell_1484,200-Year (Mature),200,Developing Secondary Phloem (APL+),0.6031717412934394,35,1,5,0,0,0,4,42,23,42,16,3,0,3,0,2,10,4,0.6931471805599453,1.791759469228055,0.0,0.0,0.0,1.6094379124341003,3.7612001156935624,3.1780538303479458,3.7612001156935624,2.833213344056216,1.3862943611198906,0.0,1.3862943611198906,0.0,1.0986122886681096,2.3978952727983707,1.6094379124341003
Cell_1485,200-Year (Mature),200,Developing Secondary Phloem (APL+),0.7077678183075942,44,7,3,6,1,0,1,26,12,34,9,2,2,2,1,8,21,2,2.0794415416798357,1.3862943611198906,1.9459101490553132,0.6931471805599453,0.0,0.6931471805599453,3.295836866004329,2.5649493574615367,3.5553480614894135,2.302585092994046,1.0986122886681096,1.0986122886681096,1.0986122886681096,0.6931471805599453,2.1972245773362196,3.091042453358316,1.0986122886681096
Cell_1486,200-Year (Mature),200,Developing Secondary Phloem (APL+),0.8094309223475016,26,0,1,1,0,0,1,40,23,34,20,1,0,1,5,3,23,8,0.0,0.6931471805599453,0.6931471805599453,0.0,0.0,0.6931471805599453,3.713572066704308,3.1780538303479458,3.5553480614894135,3.044522437723423,0.6931471805599453,0.0,0.6931471805599453,1.791759469228055,1.3862943611198906,3.1780538303479458,2.1972245773362196
Cell_1487,200-Year (Mature),200,Developing Secondary Phloem (APL+),0.5072995622532943,35,0,3,0,1,0,5,29,13,27,12,2,5,0,1,5,12,1,0.0,1.3862943611198906,0.0,0.6931471805599453,0.0,1.791759469228055,3.4011973816621555,2.639057329615259,3.332204510175204,2.5649493574615367,1.0986122886681096,1.791759469228055,0.0,0.6931471805599453,1.791759469228055,2.5649493574615367,0.6931471805599453
Cell_1488,200-Year (Mature),200,Developing Secondary Phloem (APL+),0.2594860926100468,36,3,1,0,0,2,1,32,31,26,13,5,3,5,0,2,18,2,1.3862943611198906,0.6931471805599453,0.0,0.0,1.0986122886681096,0.6931471805599453,3.4965075614664802,3.4657359027997265,3.295836866004329,2.639057329615259,1.791759469228055,1.3862943611198906,1.791759469228055,0.0,1.0986122886681096,2.9444389791664403,1.0986122886681096
Cell_1489,200-Year (Mature),200,Developing Secondary Phloem (APL+),0.9068070099278377,31,2,10,0,2,0,3,19,22,30,13,3,2,2,3,7,18,3,1.0986122886681096,2.3978952727983707,0.0,1.0986122886681096,0.0,1.3862943611198906,2.995732273553991,3.1354942159291497,3.4339872044851463,2.639057329615259,1.3862943611198906,1.0986122886681096,1.0986122886681096,1.3862943611198906,2.0794415416798357,2.9444389791664403,1.3862943611198906
Cell_1490,200-Year (Mature),200,Developing Secondary Phloem (APL+),0.7035411244377119,46,0,1,0,0,6,0,29,23,36,24,7,4,0,0,8,7,4,0.0,0.6931471805599453,0.0,0.0,1.9459101490553132,0.0,3.4011973816621555,3.1780538303479458,3.6109179126442243,3.2188758248682006,2.0794415416798357,1.6094379124341003,0.0,0.0,2.1972245773362196,2.0794415416798357,1.6094379124341003
Cell_1491,200-Year (Mature),200,Developing Secondary Phloem (APL+),0.7868385246602794,32,0,5,2,0,2,1,31,22,20,11,3,3,3,1,5,10,5,0.0,1.791759469228055,1.0986122886681096,0.0,1.0986122886681096,0.6931471805599453,3.4657359027997265,3.1354942159291497,3.044522437723423,2.4849066497880004,1.3862943611198906,1.3862943611198906,1.3862943611198906,0.6931471805599453,1.791759469228055,2.3978952727983707,1.791759469228055
Cell_1492,200-Year (Mature),200,Developing Secondary Phloem (APL+),0.6437977708394953,41,1,4,1,0,0,1,31,17,43,20,0,1,4,1,5,19,2,0.6931471805599453,1.6094379124341003,0.6931471805599453,0.0,0.0,0.6931471805599453,3.4657359027997265,2.8903717578961645,3.784189633918261,3.044522437723423,0.0,0.6931471805599453,1.6094379124341003,0.6931471805599453,1.791759469228055,2.995732273553991,1.0986122886681096
Cell_1493,200-Year (Mature),200,Developing Secondary Phloem (APL+),0.49888671086139635,33,1,0,0,0,0,1,16,32,56,18,5,4,0,3,9,18,3,0.6931471805599453,0.0,0.0,0.0,0.0,0.6931471805599453,2.833213344056216,3.4965075614664802,4.04305126783455,2.9444389791664403,1.791759469228055,1.6094379124341003,0.0,1.3862943611198906,2.302585092994046,2.9444389791664403,1.3862943611198906
Cell_1494,200-Year (Mature),200,Developing Secondary Phloem (APL+),0.47786957999516533,38,3,9,0,3,0,2,28,27,33,5,4,2,12,0,7,14,4,1.3862943611198906,2.302585092994046,0.0,1.3862943611198906,0.0,1.0986122886681096,3.367295829986474,3.332204510175204,3.5263605246161616,1.791759469228055,1.6094379124341003,1.0986122886681096,2.5649493574615367,0.0,2.0794415416798357,2.70805020110221,1.6094379124341003
Cell_1495,200-Year (Mature),200,Developing Secondary Phloem (APL+),0.19150618050023252,31,2,5,1,0,0,0,26,25,33,7,3,2,2,1,6,25,6,1.0986122886681096,1.791759469228055,0.6931471805599453,0.0,0.0,0.0,3.295836866004329,3.258096538021482,3.5263605246161616,2.0794415416798357,1.3862943611198906,1.0986122886681096,1.0986122886681096,0.6931471805599453,1.9459101490553132,3.258096538021482,1.9459101490553132
Cell_1496,200-Year (Mature),200,Developing Secondary Phloem (APL+),0.6448353632489624,47,2,7,0,0,0,1,33,21,33,8,2,7,3,1,9,17,9,1.0986122886681096,2.0794415416798357,0.0,0.0,0.0,0.6931471805599453,3.5263605246161616,3.091042453358316,3.5263605246161616,2.1972245773362196,1.0986122886681096,2.0794415416798357,1.3862943611198906,0.6931471805599453,2.302585092994046,2.8903717578961645,2.302585092994046
Cell_1497,200-Year (Mature),200,Developing Secondary Phloem (APL+),0.26077053246032916,34,7,4,0,1,2,1,24,30,25,10,4,1,2,2,8,15,1,2.0794415416798357,1.6094379124341003,0.0,0.6931471805599453,1.0986122886681096,0.6931471805599453,3.2188758248682006,3.4339872044851463,3.258096538021482,2.3978952727983707,1.6094379124341003,0.6931471805599453,1.0986122886681096,1.0986122886681096,2.1972245773362196,2.772588722239781,0.6931471805599453
Cell_1498,200-Year (Mature),200,Developing Secondary Phloem (APL+),0.5742584445078075,36,2,2,1,0,1,2,23,27,45,5,1,2,1,0,3,13,9,1.0986122886681096,1.0986122886681096,0.6931471805599453,0.0,0.6931471805599453,1.0986122886681096,3.1780538303479458,3.332204510175204,3.828641396489095,1.791759469228055,0.6931471805599453,1.0986122886681096,0.6931471805599453,0.0,1.3862943611198906,2.639057329615259,2.302585092994046
Cell_1499,200-Year (Mature),200,Developing Secondary Phloem (APL+),0.6396177773938552,28,0,4,0,0,1,0,19,20,18,21,5,2,1,0,15,18,3,0.0,1.6094379124341003,0.0,0.0,0.6931471805599453,0.0,2.995732273553991,3.044522437723423,2.9444389791664403,3.091042453358316,1.791759469228055,1.0986122886681096,0.6931471805599453,0.0,2.772588722239781,2.9444389791664403,1.3862943611198906
Cell_1500,200-Year (Mature),200,Developing Secondary Phloem (APL+),0.6389247724136625,30,2,2,2,0,0,5,25,24,33,13,9,0,3,3,6,7,1,1.0986122886681096,1.0986122886681096,1.0986122886681096,0.0,0.0,1.791759469228055,3.258096538021482,3.2188758248682006,3.5263605246161616,2.639057329615259,2.302585092994046,0.0,1.3862943611198906,1.3862943611198906,1.9459101490553132,2.0794415416798357,0.6931471805599453
Cell_1501,200-Year (Mature),200,Developing Secondary Phloem (APL+),0.26803155089481584,33,0,1,0,0,1,0,6,31,36,15,1,2,6,2,8,8,8,0.0,0.6931471805599453,0.0,0.0,0.6931471805599453,0.0,1.9459101490553132,3.4657359027997265,3.6109179126442243,2.772588722239781,0.6931471805599453,1.0986122886681096,1.9459101490553132,1.0986122886681096,2.1972245773362196,2.1972245773362196,2.1972245773362196
Cell_1502,200-Year (Mature),200,Developing Secondary Phloem (APL+),0.648957900555596,29,2,4,0,0,0,7,26,22,44,13,1,1,2,4,2,16,3,1.0986122886681096,1.6094379124341003,0.0,0.0,0.0,2.0794415416798357,3.295836866004329,3.1354942159291497,3.8066624897703196,2.639057329615259,0.6931471805599453,0.6931471805599453,1.0986122886681096,1.6094379124341003,1.0986122886681096,2.833213344056216,1.3862943611198906
Cell_1503,200-Year (Mature),200,Developing Secondary Phloem (APL+),0.8404326409595381,41,2,3,0,0,4,0,11,21,34,11,5,4,6,1,5,8,3,1.0986122886681096,1.3862943611198906,0.0,0.0,1.6094379124341003,0.0,2.4849066497880004,3.091042453358316,3.5553480614894135,2.4849066497880004,1.791759469228055,1.6094379124341003,1.9459101490553132,0.6931471805599453,1.791759469228055,2.1972245773362196,1.3862943611198906
Cell_1504,200-Year (Mature),200,Developing Secondary Phloem (APL+),0.5569868942802844,29,2,7,0,1,2,0,22,15,20,12,1,5,3,1,10,6,2,1.0986122886681096,2.0794415416798357,0.0,0.6931471805599453,1.0986122886681096,0.0,3.1354942159291497,2.772588722239781,3.044522437723423,2.5649493574615367,0.6931471805599453,1.791759469228055,1.3862943611198906,0.6931471805599453,2.3978952727983707,1.9459101490553132,1.0986122886681096
Cell_1505,200-Year (Mature),200,Developing Secondary Phloem (APL+),0.8250768835857175,41,2,2,1,0,0,2,31,23,49,12,2,0,0,2,6,10,1,1.0986122886681096,1.0986122886681096,0.6931471805599453,0.0,0.0,1.0986122886681096,3.4657359027997265,3.1780538303479458,3.912023005428146,2.5649493574615367,1.0986122886681096,0.0,0.0,1.0986122886681096,1.9459101490553132,2.3978952727983707,0.6931471805599453
Cell_1506,200-Year (Mature),200,Developing Secondary Phloem (APL+),0.47853561812304435,28,2,5,0,0,1,0,24,29,39,9,2,5,3,3,12,18,3,1.0986122886681096,1.791759469228055,0.0,0.0,0.6931471805599453,0.0,3.2188758248682006,3.4011973816621555,3.6888794541139363,2.302585092994046,1.0986122886681096,1.791759469228055,1.3862943611198906,1.3862943611198906,2.5649493574615367,2.9444389791664403,1.3862943611198906
Cell_1507,200-Year (Mature),200,Developing Secondary Phloem (APL+),0.8238355266914096,32,1,5,1,1,0,1,19,23,25,10,1,3,1,3,5,3,11,0.6931471805599453,1.791759469228055,0.6931471805599453,0.6931471805599453,0.0,0.6931471805599453,2.995732273553991,3.1780538303479458,3.258096538021482,2.3978952727983707,0.6931471805599453,1.3862943611198906,0.6931471805599453,1.3862943611198906,1.791759469228055,1.3862943611198906,2.4849066497880004
Cell_1508,200-Year (Mature),200,Developing Secondary Phloem (APL+),0.551262618625265,38,6,0,0,0,0,1,39,16,35,17,0,1,0,1,14,14,10,1.9459101490553132,0.0,0.0,0.0,0.0,0.6931471805599453,3.6888794541139363,2.833213344056216,3.58351893845611,2.8903717578961645,0.0,0.6931471805599453,0.0,0.6931471805599453,2.70805020110221,2.70805020110221,2.3978952727983707
Cell_1509,200-Year (Mature),200,Developing Secondary Phloem (APL+),0.9055799334887062,31,0,1,4,0,1,1,37,30,35,20,4,0,3,2,26,10,7,0.0,0.6931471805599453,1.6094379124341003,0.0,0.6931471805599453,0.6931471805599453,3.6375861597263857,3.4339872044851463,3.58351893845611,3.044522437723423,1.6094379124341003,0.0,1.3862943611198906,1.0986122886681096,3.295836866004329,2.3978952727983707,2.0794415416798357
Cell_1510,200-Year (Mature),200,Developing Secondary Phloem (APL+),0.565022346204757,32,2,2,0,0,0,1,23,29,34,20,1,1,2,1,5,15,4,1.0986122886681096,1.0986122886681096,0.0,0.0,0.0,0.6931471805599453,3.1780538303479458,3.4011973816621555,3.5553480614894135,3.044522437723423,0.6931471805599453,0.6931471805599453,1.0986122886681096,0.6931471805599453,1.791759469228055,2.772588722239781,1.6094379124341003
Cell_1511,200-Year (Mature),200,Developing Secondary Phloem (APL+),0.30759164205516065,34,0,1,0,0,1,3,24,15,59,11,3,5,1,1,13,19,7,0.0,0.6931471805599453,0.0,0.0,0.6931471805599453,1.3862943611198906,3.2188758248682006,2.772588722239781,4.0943445622221,2.4849066497880004,1.3862943611198906,1.791759469228055,0.6931471805599453,0.6931471805599453,2.639057329615259,2.995732273553991,2.0794415416798357
Cell_1512,200-Year (Mature),200,Developing Secondary Phloem (APL+),0.273040110249124,48,0,1,0,0,0,1,7,23,43,19,2,2,1,4,11,15,3,0.0,0.6931471805599453,0.0,0.0,0.0,0.6931471805599453,2.0794415416798357,3.1780538303479458,3.784189633918261,2.995732273553991,1.0986122886681096,1.0986122886681096,0.6931471805599453,1.6094379124341003,2.4849066497880004,2.772588722239781,1.3862943611198906
Cell_1513,200-Year (Mature),200,Developing Secondary Phloem (APL+),0.28313530325809144,37,2,2,0,0,1,1,15,19,45,21,1,0,2,3,7,10,8,1.0986122886681096,1.0986122886681096,0.0,0.0,0.6931471805599453,0.6931471805599453,2.772588722239781,2.995732273553991,3.828641396489095,3.091042453358316,0.6931471805599453,0.0,1.0986122886681096,1.3862943611198906,2.0794415416798357,2.3978952727983707,2.1972245773362196
Cell_1514,200-Year (Mature),200,Developing Secondary Phloem (APL+),0.5415314808718054,29,3,2,0,0,0,0,37,18,28,17,8,3,2,1,10,13,2,1.3862943611198906,1.0986122886681096,0.0,0.0,0.0,0.0,3.6375861597263857,2.9444389791664403,3.367295829986474,2.8903717578961645,2.1972245773362196,1.3862943611198906,1.0986122886681096,0.6931471805599453,2.3978952727983707,2.639057329615259,1.0986122886681096
Cell_1515,200-Year (Mature),200,Developing Secondary Phloem (APL+),0.4339805185499137,36,0,5,0,0,3,3,29,42,46,11,3,1,2,1,11,13,5,0.0,1.791759469228055,0.0,0.0,1.3862943611198906,1.3862943611198906,3.4011973816621555,3.7612001156935624,3.8501476017100584,2.4849066497880004,1.3862943611198906,0.6931471805599453,1.0986122886681096,0.6931471805599453,2.4849066497880004,2.639057329615259,1.791759469228055
Cell_1516,200-Year (Mature),200,Developing Secondary Phloem (APL+),0.3621369062768666,42,1,1,0,0,0,0,14,37,11,18,4,3,5,1,9,20,8,0.6931471805599453,0.6931471805599453,0.0,0.0,0.0,0.0,2.70805020110221,3.6375861597263857,2.4849066497880004,2.9444389791664403,1.6094379124341003,1.3862943611198906,1.791759469228055,0.6931471805599453,2.302585092994046,3.044522437723423,2.1972245773362196
Cell_1517,200-Year (Mature),200,Developing Secondary Phloem (APL+),0.7109249638753635,20,0,4,0,0,1,0,22,29,29,27,1,5,6,1,11,13,7,0.0,1.6094379124341003,0.0,0.0,0.6931471805599453,0.0,3.1354942159291497,3.4011973816621555,3.4011973816621555,3.332204510175204,0.6931471805599453,1.791759469228055,1.9459101490553132,0.6931471805599453,2.4849066497880004,2.639057329615259,2.0794415416798357
Cell_1518,200-Year (Mature),200,Developing Secondary Phloem (APL+),0.6300540674252333,37,10,1,3,0,0,4,6,30,38,16,1,2,1,0,0,8,3,2.3978952727983707,0.6931471805599453,1.3862943611198906,0.0,0.0,1.6094379124341003,1.9459101490553132,3.4339872044851463,3.6635616461296463,2.833213344056216,0.6931471805599453,1.0986122886681096,0.6931471805599453,0.0,0.0,2.1972245773362196,1.3862943611198906
Cell_1519,200-Year (Mature),200,Developing Secondary Phloem (APL+),0.2137025281124024,37,2,4,1,1,1,2,30,22,46,8,7,1,1,0,5,11,5,1.0986122886681096,1.6094379124341003,0.6931471805599453,0.6931471805599453,0.6931471805599453,1.0986122886681096,3.4339872044851463,3.1354942159291497,3.8501476017100584,2.1972245773362196,2.0794415416798357,0.6931471805599453,0.6931471805599453,0.0,1.791759469228055,2.4849066497880004,1.791759469228055
Cell_1520,200-Year (Mature),200,Developing Secondary Phloem (APL+),0.766928886249838,28,1,2,0,0,0,1,36,26,44,17,4,3,5,0,13,21,4,0.6931471805599453,1.0986122886681096,0.0,0.0,0.0,0.6931471805599453,3.6109179126442243,3.295836866004329,3.8066624897703196,2.8903717578961645,1.6094379124341003,1.3862943611198906,1.791759469228055,0.0,2.639057329615259,3.091042453358316,1.6094379124341003
Cell_1521,200-Year (Mature),200,Mitotic Checkpoint Primed Cells (TPX2+/CDC20.1+),0.5677762673126884,34,2,1,0,0,12,3,15,27,32,24,41,25,22,18,6,17,4,1.0986122886681096,0.6931471805599453,0.0,0.0,2.5649493574615367,1.3862943611198906,2.772588722239781,3.332204510175204,3.4965075614664802,3.2188758248682006,3.7376696182833684,3.258096538021482,3.1354942159291497,2.9444389791664403,1.9459101490553132,2.8903717578961645,1.6094379124341003
Cell_1522,200-Year (Mature),200,Mitotic Checkpoint Primed Cells (TPX2+/CDC20.1+),0.6434328067321075,39,3,4,0,0,17,0,48,9,88,13,54,35,26,22,11,9,9,1.3862943611198906,1.6094379124341003,0.0,0.0,2.8903717578961645,0.0,3.8918202981106265,2.302585092994046,4.48863636973214,2.639057329615259,4.007333185232471,3.58351893845611,3.295836866004329,3.1354942159291497,2.4849066497880004,2.302585092994046,2.302585092994046
Cell_1523,200-Year (Mature),200,Mitotic Checkpoint Primed Cells (TPX2+/CDC20.1+),0.4199772055999452,41,1,1,3,0,23,5,25,16,55,10,37,45,29,22,6,4,4,0.6931471805599453,0.6931471805599453,1.3862943611198906,0.0,3.1780538303479458,1.791759469228055,3.258096538021482,2.833213344056216,4.02535169073515,2.3978952727983707,3.6375861597263857,3.828641396489095,3.4011973816621555,3.1354942159291497,1.9459101490553132,1.6094379124341003,1.6094379124341003
Cell_1524,200-Year (Mature),200,Mitotic Checkpoint Primed Cells (TPX2+/CDC20.1+),0.5681567096779824,33,2,4,1,0,14,4,32,36,20,35,67,38,43,6,10,10,3,1.0986122886681096,1.6094379124341003,0.6931471805599453,0.0,2.70805020110221,1.6094379124341003,3.4965075614664802,3.6109179126442243,3.044522437723423,3.58351893845611,4.219507705176107,3.6635616461296463,3.784189633918261,1.9459101490553132,2.3978952727983707,2.3978952727983707,1.3862943611198906
Cell_1525,200-Year (Mature),200,Mitotic Checkpoint Primed Cells (TPX2+/CDC20.1+),0.7857624992688819,41,2,2,0,0,10,2,35,40,38,24,77,27,44,29,7,11,4,1.0986122886681096,1.0986122886681096,0.0,0.0,2.3978952727983707,1.0986122886681096,3.58351893845611,3.713572066704308,3.6635616461296463,3.2188758248682006,4.356708826689592,3.332204510175204,3.8066624897703196,3.4011973816621555,2.0794415416798357,2.4849066497880004,1.6094379124341003
Cell_1526,200-Year (Mature),200,Mitotic Checkpoint Primed Cells (TPX2+/CDC20.1+),0.4740707107492682,40,5,5,1,0,27,2,55,51,25,18,66,16,18,18,1,13,7,1.791759469228055,1.791759469228055,0.6931471805599453,0.0,3.332204510175204,1.0986122886681096,4.02535169073515,3.9512437185814275,3.258096538021482,2.9444389791664403,4.204692619390966,2.833213344056216,2.9444389791664403,2.9444389791664403,0.6931471805599453,2.639057329615259,2.0794415416798357
Cell_1527,200-Year (Mature),200,Mitotic Checkpoint Primed Cells (TPX2+/CDC20.1+),0.6158473815809492,23,5,4,0,0,13,3,37,20,62,25,71,42,33,29,9,26,6,1.791759469228055,1.6094379124341003,0.0,0.0,2.639057329615259,1.3862943611198906,3.6375861597263857,3.044522437723423,4.143134726391533,3.258096538021482,4.276666119016055,3.7612001156935624,3.5263605246161616,3.4011973816621555,2.302585092994046,3.295836866004329,1.9459101490553132
Cell_1528,200-Year (Mature),200,Mitotic Checkpoint Primed Cells (TPX2+/CDC20.1+),0.25377158367593133,29,0,0,2,1,16,2,35,13,48,16,45,23,35,13,16,13,7,0.0,0.0,1.0986122886681096,0.6931471805599453,2.833213344056216,1.0986122886681096,3.58351893845611,2.639057329615259,3.8918202981106265,2.833213344056216,3.828641396489095,3.1780538303479458,3.58351893845611,2.639057329615259,2.833213344056216,2.639057329615259,2.0794415416798357
Cell_1529,200-Year (Mature),200,Mitotic Checkpoint Primed Cells (TPX2+/CDC20.1+),0.514047577120126,37,1,0,0,1,10,1,15,12,68,4,49,15,36,14,7,8,4,0.6931471805599453,0.0,0.0,0.6931471805599453,2.3978952727983707,0.6931471805599453,2.772588722239781,2.5649493574615367,4.23410650459726,1.6094379124341003,3.912023005428146,2.772588722239781,3.6109179126442243,2.70805020110221,2.0794415416798357,2.1972245773362196,1.6094379124341003
Cell_1530,200-Year (Mature),200,Mitotic Checkpoint Primed Cells (TPX2+/CDC20.1+),0.6008278232153493,43,2,5,1,0,8,0,38,18,20,21,45,49,31,22,16,7,2,1.0986122886681096,1.791759469228055,0.6931471805599453,0.0,2.1972245773362196,0.0,3.6635616461296463,2.9444389791664403,3.044522437723423,3.091042453358316,3.828641396489095,3.912023005428146,3.4657359027997265,3.1354942159291497,2.833213344056216,2.0794415416798357,1.0986122886681096
Cell_1531,200-Year (Mature),200,Mitotic Checkpoint Primed Cells (TPX2+/CDC20.1+),0.3647792524040392,25,2,6,1,0,16,3,37,21,56,15,55,56,42,19,10,8,5,1.0986122886681096,1.9459101490553132,0.6931471805599453,0.0,2.833213344056216,1.3862943611198906,3.6375861597263857,3.091042453358316,4.04305126783455,2.772588722239781,4.02535169073515,4.04305126783455,3.7612001156935624,2.995732273553991,2.3978952727983707,2.1972245773362196,1.791759469228055
Cell_1532,200-Year (Mature),200,Mitotic Checkpoint Primed Cells (TPX2+/CDC20.1+),0.04276603237740848,35,0,9,0,1,17,1,39,28,50,27,77,28,19,35,7,23,3,0.0,2.302585092994046,0.0,0.6931471805599453,2.8903717578961645,0.6931471805599453,3.6888794541139363,3.367295829986474,3.9318256327243257,3.332204510175204,4.356708826689592,3.367295829986474,2.995732273553991,3.58351893845611,2.0794415416798357,3.1780538303479458,1.3862943611198906
Cell_1533,200-Year (Mature),200,Mitotic Checkpoint Primed Cells (TPX2+/CDC20.1+),0.6977897904291975,30,1,0,0,0,27,3,23,12,35,9,64,22,35,18,17,9,7,0.6931471805599453,0.0,0.0,0.0,3.332204510175204,1.3862943611198906,3.1780538303479458,2.5649493574615367,3.58351893845611,2.302585092994046,4.174387269895637,3.1354942159291497,3.58351893845611,2.9444389791664403,2.8903717578961645,2.302585092994046,2.0794415416798357
Cell_1534,200-Year (Mature),200,Mitotic Checkpoint Primed Cells (TPX2+/CDC20.1+),0.6967330569883738,32,3,2,0,1,14,1,35,12,27,14,59,25,33,5,4,9,2,1.3862943611198906,1.0986122886681096,0.0,0.6931471805599453,2.70805020110221,0.6931471805599453,3.58351893845611,2.5649493574615367,3.332204510175204,2.70805020110221,4.0943445622221,3.258096538021482,3.5263605246161616,1.791759469228055,1.6094379124341003,2.302585092994046,1.0986122886681096
Cell_1535,200-Year (Mature),200,Mitotic Checkpoint Primed Cells (TPX2+/CDC20.1+),0.25243897180708574,37,2,3,1,0,5,0,42,17,38,17,47,22,44,31,8,8,7,1.0986122886681096,1.3862943611198906,0.6931471805599453,0.0,1.791759469228055,0.0,3.7612001156935624,2.8903717578961645,3.6635616461296463,2.8903717578961645,3.8712010109078907,3.1354942159291497,3.8066624897703196,3.4657359027997265,2.1972245773362196,2.1972245773362196,2.0794415416798357
Cell_1536,200-Year (Mature),200,Mitotic Checkpoint Primed Cells (TPX2+/CDC20.1+),0.3795403878535101,37,4,1,1,0,17,4,25,22,46,19,59,36,30,24,20,14,2,1.6094379124341003,0.6931471805599453,0.6931471805599453,0.0,2.8903717578961645,1.6094379124341003,3.258096538021482,3.1354942159291497,3.8501476017100584,2.995732273553991,4.0943445622221,3.6109179126442243,3.4339872044851463,3.2188758248682006,3.044522437723423,2.70805020110221,1.0986122886681096
Cell_1537,200-Year (Mature),200,Mitotic Checkpoint Primed Cells (TPX2+/CDC20.1+),0.1906918427489354,25,0,1,0,0,25,2,32,21,31,10,56,31,55,22,2,22,1,0.0,0.6931471805599453,0.0,0.0,3.258096538021482,1.0986122886681096,3.4965075614664802,3.091042453358316,3.4657359027997265,2.3978952727983707,4.04305126783455,3.4657359027997265,4.02535169073515,3.1354942159291497,1.0986122886681096,3.1354942159291497,0.6931471805599453
Cell_1538,200-Year (Mature),200,Mitotic Checkpoint Primed Cells (TPX2+/CDC20.1+),0.34981357847972505,27,1,2,0,1,11,0,19,33,27,12,63,23,37,16,6,7,6,0.6931471805599453,1.0986122886681096,0.0,0.6931471805599453,2.4849066497880004,0.0,2.995732273553991,3.5263605246161616,3.332204510175204,2.5649493574615367,4.1588830833596715,3.1780538303479458,3.6375861597263857,2.833213344056216,1.9459101490553132,2.0794415416798357,1.9459101490553132
Cell_1539,200-Year (Mature),200,Mitotic Checkpoint Primed Cells (TPX2+/CDC20.1+),0.3437004538795002,42,4,5,0,0,18,2,13,9,37,20,55,26,37,21,12,18,3,1.6094379124341003,1.791759469228055,0.0,0.0,2.9444389791664403,1.0986122886681096,2.639057329615259,2.302585092994046,3.6375861597263857,3.044522437723423,4.02535169073515,3.295836866004329,3.6375861597263857,3.091042453358316,2.5649493574615367,2.9444389791664403,1.3862943611198906
Cell_1540,200-Year (Mature),200,Mitotic Checkpoint Primed Cells (TPX2+/CDC20.1+),0.5379195403919369,36,4,1,1,1,9,2,29,33,40,19,59,29,13,20,2,11,4,1.6094379124341003,0.6931471805599453,0.6931471805599453,0.6931471805599453,2.302585092994046,1.0986122886681096,3.4011973816621555,3.5263605246161616,3.713572066704308,2.995732273553991,4.0943445622221,3.4011973816621555,2.639057329615259,3.044522437723423,1.0986122886681096,2.4849066497880004,1.6094379124341003
Cell_1541,200-Year (Mature),200,Mitotic Checkpoint Primed Cells (TPX2+/CDC20.1+),0.23024019270604337,25,2,2,0,0,8,1,34,38,45,5,44,45,39,14,10,18,2,1.0986122886681096,1.0986122886681096,0.0,0.0,2.1972245773362196,0.6931471805599453,3.5553480614894135,3.6635616461296463,3.828641396489095,1.791759469228055,3.8066624897703196,3.828641396489095,3.6888794541139363,2.70805020110221,2.3978952727983707,2.9444389791664403,1.0986122886681096
Cell_1542,200-Year (Mature),200,Mitotic Checkpoint Primed Cells (TPX2+/CDC20.1+),0.032406119887450555,32,4,3,1,0,19,0,14,13,49,22,67,34,21,18,8,15,13,1.6094379124341003,1.3862943611198906,0.6931471805599453,0.0,2.995732273553991,0.0,2.70805020110221,2.639057329615259,3.912023005428146,3.1354942159291497,4.219507705176107,3.5553480614894135,3.091042453358316,2.9444389791664403,2.1972245773362196,2.772588722239781,2.639057329615259
Cell_1543,200-Year (Mature),200,Mitotic Checkpoint Primed Cells (TPX2+/CDC20.1+),0.6160322297925208,31,0,2,0,0,22,1,33,15,55,11,48,37,50,40,3,25,2,0.0,1.0986122886681096,0.0,0.0,3.1354942159291497,0.6931471805599453,3.5263605246161616,2.772588722239781,4.02535169073515,2.4849066497880004,3.8918202981106265,3.6375861597263857,3.9318256327243257,3.713572066704308,1.3862943611198906,3.258096538021482,1.0986122886681096
Cell_1544,200-Year (Mature),200,Mitotic Checkpoint Primed Cells (TPX2+/CDC20.1+),0.5998109512611408,37,1,0,0,2,12,2,41,31,28,7,57,45,58,25,5,9,5,0.6931471805599453,0.0,0.0,1.0986122886681096,2.5649493574615367,1.0986122886681096,3.7376696182833684,3.4657359027997265,3.367295829986474,2.0794415416798357,4.060443010546419,3.828641396489095,4.07753744390572,3.258096538021482,1.791759469228055,2.302585092994046,1.791759469228055
Cell_1545,200-Year (Mature),200,Mitotic Checkpoint Primed Cells (TPX2+/CDC20.1+),0.35409563390688525,35,2,3,0,0,16,2,19,17,50,7,62,36,25,30,11,8,3,1.0986122886681096,1.3862943611198906,0.0,0.0,2.833213344056216,1.0986122886681096,2.995732273553991,2.8903717578961645,3.9318256327243257,2.0794415416798357,4.143134726391533,3.6109179126442243,3.258096538021482,3.4339872044851463,2.4849066497880004,2.1972245773362196,1.3862943611198906
Cell_1546,200-Year (Mature),200,Mitotic Checkpoint Primed Cells (TPX2+/CDC20.1+),0.2799226801691966,28,3,1,0,0,14,0,24,28,66,19,50,41,47,15,0,16,1,1.3862943611198906,0.6931471805599453,0.0,0.0,2.70805020110221,0.0,3.2188758248682006,3.367295829986474,4.204692619390966,2.995732273553991,3.9318256327243257,3.7376696182833684,3.8712010109078907,2.772588722239781,0.0,2.833213344056216,0.6931471805599453
Cell_1547,200-Year (Mature),200,Mitotic Checkpoint Primed Cells (TPX2+/CDC20.1+),0.5306061313744282,32,0,4,2,0,12,3,37,29,39,25,49,37,22,38,8,5,8,0.0,1.6094379124341003,1.0986122886681096,0.0,2.5649493574615367,1.3862943611198906,3.6375861597263857,3.4011973816621555,3.6888794541139363,3.258096538021482,3.912023005428146,3.6375861597263857,3.1354942159291497,3.6635616461296463,2.1972245773362196,1.791759469228055,2.1972245773362196
Cell_1548,200-Year (Mature),200,Mitotic Checkpoint Primed Cells (TPX2+/CDC20.1+),0.3348099289454019,43,1,0,0,0,10,1,31,17,19,13,58,43,29,20,4,20,5,0.6931471805599453,0.0,0.0,0.0,2.3978952727983707,0.6931471805599453,3.4657359027997265,2.8903717578961645,2.995732273553991,2.639057329615259,4.07753744390572,3.784189633918261,3.4011973816621555,3.044522437723423,1.6094379124341003,3.044522437723423,1.791759469228055
Cell_1549,200-Year (Mature),200,Mitotic Checkpoint Primed Cells (TPX2+/CDC20.1+),0.06312474563988718,31,0,6,0,0,16,1,32,41,55,20,61,28,20,23,6,14,6,0.0,1.9459101490553132,0.0,0.0,2.833213344056216,0.6931471805599453,3.4965075614664802,3.7376696182833684,4.02535169073515,3.044522437723423,4.127134385045092,3.367295829986474,3.044522437723423,3.1780538303479458,1.9459101490553132,2.70805020110221,1.9459101490553132
Cell_1550,200-Year (Mature),200,Mitotic Checkpoint Primed Cells (TPX2+/CDC20.1+),0.24348276117852996,31,0,3,0,0,15,1,32,27,52,22,65,54,27,23,3,7,3,0.0,1.3862943611198906,0.0,0.0,2.772588722239781,0.6931471805599453,3.4965075614664802,3.332204510175204,3.970291913552122,3.1354942159291497,4.189654742026425,4.007333185232471,3.332204510175204,3.1780538303479458,1.3862943611198906,2.0794415416798357,1.3862943611198906
Cell_1551,200-Year (Mature),200,Mitotic Checkpoint Primed Cells (TPX2+/CDC20.1+),0.18832811482087786,33,3,1,1,0,10,1,32,15,25,28,47,27,16,28,7,18,2,1.3862943611198906,0.6931471805599453,0.6931471805599453,0.0,2.3978952727983707,0.6931471805599453,3.4965075614664802,2.772588722239781,3.258096538021482,3.367295829986474,3.8712010109078907,3.332204510175204,2.833213344056216,3.367295829986474,2.0794415416798357,2.9444389791664403,1.0986122886681096
Cell_1552,200-Year (Mature),200,Mitotic Checkpoint Primed Cells (TPX2+/CDC20.1+),0.556889591594985,35,5,1,0,0,15,0,25,17,27,18,59,27,36,25,13,15,7,1.791759469228055,0.6931471805599453,0.0,0.0,2.772588722239781,0.0,3.258096538021482,2.8903717578961645,3.332204510175204,2.9444389791664403,4.0943445622221,3.332204510175204,3.6109179126442243,3.258096538021482,2.639057329615259,2.772588722239781,2.0794415416798357
Cell_1553,200-Year (Mature),200,Mitotic Checkpoint Primed Cells (TPX2+/CDC20.1+),0.6799930619271052,33,3,3,0,0,15,0,21,17,29,17,60,47,21,24,7,6,4,1.3862943611198906,1.3862943611198906,0.0,0.0,2.772588722239781,0.0,3.091042453358316,2.8903717578961645,3.4011973816621555,2.8903717578961645,4.110873864173311,3.8712010109078907,3.091042453358316,3.2188758248682006,2.0794415416798357,1.9459101490553132,1.6094379124341003
Cell_1554,200-Year (Mature),200,Mitotic Checkpoint Primed Cells (TPX2+/CDC20.1+),0.03311664463771379,44,5,4,0,2,12,0,12,30,27,10,47,49,40,25,8,18,2,1.791759469228055,1.6094379124341003,0.0,1.0986122886681096,2.5649493574615367,0.0,2.5649493574615367,3.4339872044851463,3.332204510175204,2.3978952727983707,3.8712010109078907,3.912023005428146,3.713572066704308,3.258096538021482,2.1972245773362196,2.9444389791664403,1.0986122886681096
Cell_1555,200-Year (Mature),200,Mitotic Checkpoint Primed Cells (TPX2+/CDC20.1+),0.46744739683107356,33,1,2,1,0,13,0,26,38,49,12,51,21,25,16,6,6,8,0.6931471805599453,1.0986122886681096,0.6931471805599453,0.0,2.639057329615259,0.0,3.295836866004329,3.6635616461296463,3.912023005428146,2.5649493574615367,3.9512437185814275,3.091042453358316,3.258096538021482,2.833213344056216,1.9459101490553132,1.9459101490553132,2.1972245773362196
Cell_1556,200-Year (Mature),200,Mitotic Checkpoint Primed Cells (TPX2+/CDC20.1+),0.596044043251595,31,7,3,0,0,9,1,28,26,27,10,50,31,40,15,6,26,12,2.0794415416798357,1.3862943611198906,0.0,0.0,2.302585092994046,0.6931471805599453,3.367295829986474,3.295836866004329,3.332204510175204,2.3978952727983707,3.9318256327243257,3.4657359027997265,3.713572066704308,2.772588722239781,1.9459101490553132,3.295836866004329,2.5649493574615367
Cell_1557,200-Year (Mature),200,Mitotic Checkpoint Primed Cells (TPX2+/CDC20.1+),0.6929845660085082,26,1,4,0,4,13,1,28,18,34,28,34,58,31,9,11,12,6,0.6931471805599453,1.6094379124341003,0.0,1.6094379124341003,2.639057329615259,0.6931471805599453,3.367295829986474,2.9444389791664403,3.5553480614894135,3.367295829986474,3.5553480614894135,4.07753744390572,3.4657359027997265,2.302585092994046,2.4849066497880004,2.5649493574615367,1.9459101490553132
Cell_1558,200-Year (Mature),200,Mitotic Checkpoint Primed Cells (TPX2+/CDC20.1+),0.28018294526055926,31,0,8,0,0,17,0,18,11,56,23,86,38,30,13,4,17,4,0.0,2.1972245773362196,0.0,0.0,2.8903717578961645,0.0,2.9444389791664403,2.4849066497880004,4.04305126783455,3.1780538303479458,4.465908118654584,3.6635616461296463,3.4339872044851463,2.639057329615259,1.6094379124341003,2.8903717578961645,1.6094379124341003
Cell_1559,200-Year (Mature),200,Mitotic Checkpoint Primed Cells (TPX2+/CDC20.1+),0.4538807218271393,31,0,10,1,0,9,1,29,13,24,8,46,29,30,19,9,10,3,0.0,2.3978952727983707,0.6931471805599453,0.0,2.302585092994046,0.6931471805599453,3.4011973816621555,2.639057329615259,3.2188758248682006,2.1972245773362196,3.8501476017100584,3.4011973816621555,3.4339872044851463,2.995732273553991,2.302585092994046,2.3978952727983707,1.3862943611198906
Cell_1560,200-Year (Mature),200,Mitotic Checkpoint Primed Cells (TPX2+/CDC20.1+),0.288850339160234,34,0,2,1,0,10,1,23,38,27,11,59,61,25,21,11,23,6,0.0,1.0986122886681096,0.6931471805599453,0.0,2.3978952727983707,0.6931471805599453,3.1780538303479458,3.6635616461296463,3.332204510175204,2.4849066497880004,4.0943445622221,4.127134385045092,3.258096538021482,3.091042453358316,2.4849066497880004,3.1780538303479458,1.9459101490553132
Cell_1561,200-Year (Mature),200,Mitotic Checkpoint Primed Cells (TPX2+/CDC20.1+),0.844662441597817,42,2,2,1,0,13,0,14,35,36,18,53,39,32,25,2,16,4,1.0986122886681096,1.0986122886681096,0.6931471805599453,0.0,2.639057329615259,0.0,2.70805020110221,3.58351893845611,3.6109179126442243,2.9444389791664403,3.9889840465642745,3.6888794541139363,3.4965075614664802,3.258096538021482,1.0986122886681096,2.833213344056216,1.6094379124341003
Cell_1562,200-Year (Mature),200,Mitotic Checkpoint Primed Cells (TPX2+/CDC20.1+),0.4570327600606617,37,0,0,1,0,12,2,21,25,30,8,34,18,39,26,8,15,6,0.0,0.0,0.6931471805599453,0.0,2.5649493574615367,1.0986122886681096,3.091042453358316,3.258096538021482,3.4339872044851463,2.1972245773362196,3.5553480614894135,2.9444389791664403,3.6888794541139363,3.295836866004329,2.1972245773362196,2.772588722239781,1.9459101490553132
Cell_1563,200-Year (Mature),200,Mitotic Checkpoint Primed Cells (TPX2+/CDC20.1+),0.330227461786903,22,0,2,0,0,16,0,24,28,40,8,65,38,32,31,12,18,7,0.0,1.0986122886681096,0.0,0.0,2.833213344056216,0.0,3.2188758248682006,3.367295829986474,3.713572066704308,2.1972245773362196,4.189654742026425,3.6635616461296463,3.4965075614664802,3.4657359027997265,2.5649493574615367,2.9444389791664403,2.0794415416798357
Cell_1564,200-Year (Mature),200,Mitotic Checkpoint Primed Cells (TPX2+/CDC20.1+),0.25413365833392404,28,3,3,0,0,18,0,12,35,41,17,44,25,33,34,7,11,3,1.3862943611198906,1.3862943611198906,0.0,0.0,2.9444389791664403,0.0,2.5649493574615367,3.58351893845611,3.7376696182833684,2.8903717578961645,3.8066624897703196,3.258096538021482,3.5263605246161616,3.5553480614894135,2.0794415416798357,2.4849066497880004,1.3862943611198906
Cell_1565,200-Year (Mature),200,Mitotic Checkpoint Primed Cells (TPX2+/CDC20.1+),0.15358702412531064,33,4,0,0,0,13,0,38,29,40,12,99,43,38,15,3,7,7,1.6094379124341003,0.0,0.0,0.0,2.639057329615259,0.0,3.6635616461296463,3.4011973816621555,3.713572066704308,2.5649493574615367,4.605170185988092,3.784189633918261,3.6635616461296463,2.772588722239781,1.3862943611198906,2.0794415416798357,2.0794415416798357
Cell_1566,200-Year (Mature),200,Mitotic Checkpoint Primed Cells (TPX2+/CDC20.1+),0.262305926109326,28,3,2,0,0,16,2,30,22,44,15,65,47,30,18,3,11,8,1.3862943611198906,1.0986122886681096,0.0,0.0,2.833213344056216,1.0986122886681096,3.4339872044851463,3.1354942159291497,3.8066624897703196,2.772588722239781,4.189654742026425,3.8712010109078907,3.4339872044851463,2.9444389791664403,1.3862943611198906,2.4849066497880004,2.1972245773362196
Cell_1567,200-Year (Mature),200,Mitotic Checkpoint Primed Cells (TPX2+/CDC20.1+),0.5600615903255594,32,5,5,1,0,9,1,13,26,33,14,81,54,14,31,12,15,5,1.791759469228055,1.791759469228055,0.6931471805599453,0.0,2.302585092994046,0.6931471805599453,2.639057329615259,3.295836866004329,3.5263605246161616,2.70805020110221,4.406719247264253,4.007333185232471,2.70805020110221,3.4657359027997265,2.5649493574615367,2.772588722239781,1.791759469228055
Cell_1568,200-Year (Mature),200,Mitotic Checkpoint Primed Cells (TPX2+/CDC20.1+),0.20263789613617014,36,2,2,1,0,11,2,26,42,32,31,27,54,14,12,11,9,4,1.0986122886681096,1.0986122886681096,0.6931471805599453,0.0,2.4849066497880004,1.0986122886681096,3.295836866004329,3.7612001156935624,3.4965075614664802,3.4657359027997265,3.332204510175204,4.007333185232471,2.70805020110221,2.5649493574615367,2.4849066497880004,2.302585092994046,1.6094379124341003
Cell_1569,200-Year (Mature),200,Mitotic Checkpoint Primed Cells (TPX2+/CDC20.1+),0.3560319569994536,27,0,7,0,0,16,1,35,33,44,25,59,26,35,12,2,13,1,0.0,2.0794415416798357,0.0,0.0,2.833213344056216,0.6931471805599453,3.58351893845611,3.5263605246161616,3.8066624897703196,3.258096538021482,4.0943445622221,3.295836866004329,3.58351893845611,2.5649493574615367,1.0986122886681096,2.639057329615259,0.6931471805599453
Cell_1570,200-Year (Mature),200,Mitotic Checkpoint Primed Cells (TPX2+/CDC20.1+),0.2661455433030735,42,4,4,0,1,11,2,20,25,22,19,66,38,25,11,9,10,2,1.6094379124341003,1.6094379124341003,0.0,0.6931471805599453,2.4849066497880004,1.0986122886681096,3.044522437723423,3.258096538021482,3.1354942159291497,2.995732273553991,4.204692619390966,3.6635616461296463,3.258096538021482,2.4849066497880004,2.302585092994046,2.3978952727983707,1.0986122886681096
Cell_1571,200-Year (Mature),200,Mitotic Checkpoint Primed Cells (TPX2+/CDC20.1+),0.38008526196348646,29,3,1,1,0,11,1,36,36,39,15,61,31,17,35,9,19,1,1.3862943611198906,0.6931471805599453,0.6931471805599453,0.0,2.4849066497880004,0.6931471805599453,3.6109179126442243,3.6109179126442243,3.6888794541139363,2.772588722239781,4.127134385045092,3.4657359027997265,2.8903717578961645,3.58351893845611,2.302585092994046,2.995732273553991,0.6931471805599453
Cell_1572,200-Year (Mature),200,Mitotic Checkpoint Primed Cells (TPX2+/CDC20.1+),0.3298411486539197,32,1,2,0,1,19,0,9,22,19,22,38,59,32,19,9,23,2,0.6931471805599453,1.0986122886681096,0.0,0.6931471805599453,2.995732273553991,0.0,2.302585092994046,3.1354942159291497,2.995732273553991,3.1354942159291497,3.6635616461296463,4.0943445622221,3.4965075614664802,2.995732273553991,2.302585092994046,3.1780538303479458,1.0986122886681096
Cell_1573,200-Year (Mature),200,Mitotic Checkpoint Primed Cells (TPX2+/CDC20.1+),0.4091251490774768,45,3,0,0,1,18,1,29,21,32,7,50,45,27,37,5,14,15,1.3862943611198906,0.0,0.0,0.6931471805599453,2.9444389791664403,0.6931471805599453,3.4011973816621555,3.091042453358316,3.4965075614664802,2.0794415416798357,3.9318256327243257,3.828641396489095,3.332204510175204,3.6375861597263857,1.791759469228055,2.70805020110221,2.772588722239781
Cell_1574,200-Year (Mature),200,Mitotic Checkpoint Primed Cells (TPX2+/CDC20.1+),0.18491199770435304,33,1,2,0,2,10,2,29,24,50,13,56,48,21,13,10,10,9,0.6931471805599453,1.0986122886681096,0.0,1.0986122886681096,2.3978952727983707,1.0986122886681096,3.4011973816621555,3.2188758248682006,3.9318256327243257,2.639057329615259,4.04305126783455,3.8918202981106265,3.091042453358316,2.639057329615259,2.3978952727983707,2.3978952727983707,2.302585092994046
Cell_1575,200-Year (Mature),200,Mitotic Checkpoint Primed Cells (TPX2+/CDC20.1+),0.42163100312967505,40,1,0,0,0,16,1,39,20,31,12,53,29,15,8,3,7,1,0.6931471805599453,0.0,0.0,0.0,2.833213344056216,0.6931471805599453,3.6888794541139363,3.044522437723423,3.4657359027997265,2.5649493574615367,3.9889840465642745,3.4011973816621555,2.772588722239781,2.1972245773362196,1.3862943611198906,2.0794415416798357,0.6931471805599453
Cell_1576,200-Year (Mature),200,Mitotic Checkpoint Primed Cells (TPX2+/CDC20.1+),0.5717965312220692,39,0,0,2,0,16,4,38,19,32,25,56,36,31,37,22,21,1,0.0,0.0,1.0986122886681096,0.0,2.833213344056216,1.6094379124341003,3.6635616461296463,2.995732273553991,3.4965075614664802,3.258096538021482,4.04305126783455,3.6109179126442243,3.4657359027997265,3.6375861597263857,3.1354942159291497,3.091042453358316,0.6931471805599453
Cell_1577,200-Year (Mature),200,Mitotic Checkpoint Primed Cells (TPX2+/CDC20.1+),0.5471032720731485,44,2,1,0,0,12,2,30,16,31,8,63,21,36,17,7,20,3,1.0986122886681096,0.6931471805599453,0.0,0.0,2.5649493574615367,1.0986122886681096,3.4339872044851463,2.833213344056216,3.4657359027997265,2.1972245773362196,4.1588830833596715,3.091042453358316,3.6109179126442243,2.8903717578961645,2.0794415416798357,3.044522437723423,1.3862943611198906
Cell_1578,200-Year (Mature),200,Mitotic Checkpoint Primed Cells (TPX2+/CDC20.1+),0.477853091803843,30,1,3,0,0,13,1,23,27,36,12,61,41,35,26,3,23,6,0.6931471805599453,1.3862943611198906,0.0,0.0,2.639057329615259,0.6931471805599453,3.1780538303479458,3.332204510175204,3.6109179126442243,2.5649493574615367,4.127134385045092,3.7376696182833684,3.58351893845611,3.295836866004329,1.3862943611198906,3.1780538303479458,1.9459101490553132
Cell_1579,200-Year (Mature),200,Mitotic Checkpoint Primed Cells (TPX2+/CDC20.1+),0.4718877260031913,44,1,3,0,0,18,6,19,8,36,18,54,24,23,19,9,15,1,0.6931471805599453,1.3862943611198906,0.0,0.0,2.9444389791664403,1.9459101490553132,2.995732273553991,2.1972245773362196,3.6109179126442243,2.9444389791664403,4.007333185232471,3.2188758248682006,3.1780538303479458,2.995732273553991,2.302585092994046,2.772588722239781,0.6931471805599453
Cell_1580,200-Year (Mature),200,Mitotic Checkpoint Primed Cells (TPX2+/CDC20.1+),0.5270722345360066,26,5,0,1,0,13,1,40,29,44,28,40,39,29,14,1,5,8,1.791759469228055,0.0,0.6931471805599453,0.0,2.639057329615259,0.6931471805599453,3.713572066704308,3.4011973816621555,3.8066624897703196,3.367295829986474,3.713572066704308,3.6888794541139363,3.4011973816621555,2.70805020110221,0.6931471805599453,1.791759469228055,2.1972245773362196
Cell_1581,200-Year (Mature),200,Mitotic Checkpoint Primed Cells (TPX2+/CDC20.1+),0.40349299404381733,45,6,4,1,1,6,1,13,25,49,13,41,54,16,19,4,3,1,1.9459101490553132,1.6094379124341003,0.6931471805599453,0.6931471805599453,1.9459101490553132,0.6931471805599453,2.639057329615259,3.258096538021482,3.912023005428146,2.639057329615259,3.7376696182833684,4.007333185232471,2.833213344056216,2.995732273553991,1.6094379124341003,1.3862943611198906,0.6931471805599453
Cell_1582,200-Year (Mature),200,Mitotic Checkpoint Primed Cells (TPX2+/CDC20.1+),0.2434666225777199,47,5,4,0,0,24,1,27,14,36,9,64,40,46,28,12,6,4,1.791759469228055,1.6094379124341003,0.0,0.0,3.2188758248682006,0.6931471805599453,3.332204510175204,2.70805020110221,3.6109179126442243,2.302585092994046,4.174387269895637,3.713572066704308,3.8501476017100584,3.367295829986474,2.5649493574615367,1.9459101490553132,1.6094379124341003
Cell_1583,200-Year (Mature),200,Mitotic Checkpoint Primed Cells (TPX2+/CDC20.1+),0.6059398835286522,39,0,2,1,0,11,0,13,17,30,12,47,27,34,25,5,13,3,0.0,1.0986122886681096,0.6931471805599453,0.0,2.4849066497880004,0.0,2.639057329615259,2.8903717578961645,3.4339872044851463,2.5649493574615367,3.8712010109078907,3.332204510175204,3.5553480614894135,3.258096538021482,1.791759469228055,2.639057329615259,1.3862943611198906
Cell_1584,200-Year (Mature),200,Mitotic Checkpoint Primed Cells (TPX2+/CDC20.1+),0.5102009688884909,45,4,2,1,0,15,3,15,25,44,23,51,35,41,15,12,20,12,1.6094379124341003,1.0986122886681096,0.6931471805599453,0.0,2.772588722239781,1.3862943611198906,2.772588722239781,3.258096538021482,3.8066624897703196,3.1780538303479458,3.9512437185814275,3.58351893845611,3.7376696182833684,2.772588722239781,2.5649493574615367,3.044522437723423,2.5649493574615367
Cell_1585,200-Year (Mature),200,Mitotic Checkpoint Primed Cells (TPX2+/CDC20.1+),0.3724608233804866,30,4,2,1,0,16,1,31,12,24,14,72,25,43,33,0,16,4,1.6094379124341003,1.0986122886681096,0.6931471805599453,0.0,2.833213344056216,0.6931471805599453,3.4657359027997265,2.5649493574615367,3.2188758248682006,2.70805020110221,4.290459441148391,3.258096538021482,3.784189633918261,3.5263605246161616,0.0,2.833213344056216,1.6094379124341003
Cell_1586,200-Year (Mature),200,Mitotic Checkpoint Primed Cells (TPX2+/CDC20.1+),0.44024913788384,34,2,1,0,0,14,0,32,27,38,20,59,33,29,24,6,12,3,1.0986122886681096,0.6931471805599453,0.0,0.0,2.70805020110221,0.0,3.4965075614664802,3.332204510175204,3.6635616461296463,3.044522437723423,4.0943445622221,3.5263605246161616,3.4011973816621555,3.2188758248682006,1.9459101490553132,2.5649493574615367,1.3862943611198906
Cell_1587,200-Year (Mature),200,Mitotic Checkpoint Primed Cells (TPX2+/CDC20.1+),0.5709010751811254,31,0,6,0,0,15,3,36,22,26,20,64,37,29,18,5,14,11,0.0,1.9459101490553132,0.0,0.0,2.772588722239781,1.3862943611198906,3.6109179126442243,3.1354942159291497,3.295836866004329,3.044522437723423,4.174387269895637,3.6375861597263857,3.4011973816621555,2.9444389791664403,1.791759469228055,2.70805020110221,2.4849066497880004
Cell_1588,200-Year (Mature),200,Mitotic Checkpoint Primed Cells (TPX2+/CDC20.1+),0.29255092907607927,45,5,6,1,0,12,0,19,9,17,14,84,34,26,11,6,10,2,1.791759469228055,1.9459101490553132,0.6931471805599453,0.0,2.5649493574615367,0.0,2.995732273553991,2.302585092994046,2.8903717578961645,2.70805020110221,4.442651256490317,3.5553480614894135,3.295836866004329,2.4849066497880004,1.9459101490553132,2.3978952727983707,1.0986122886681096
Cell_1589,200-Year (Mature),200,Mitotic Checkpoint Primed Cells (TPX2+/CDC20.1+),0.5938524035145737,45,2,1,1,1,5,1,11,12,71,12,62,33,42,20,4,22,4,1.0986122886681096,0.6931471805599453,0.6931471805599453,0.6931471805599453,1.791759469228055,0.6931471805599453,2.4849066497880004,2.5649493574615367,4.276666119016055,2.5649493574615367,4.143134726391533,3.5263605246161616,3.7612001156935624,3.044522437723423,1.6094379124341003,3.1354942159291497,1.6094379124341003
Cell_1590,200-Year (Mature),200,Mitotic Checkpoint Primed Cells (TPX2+/CDC20.1+),0.2230130964251562,36,0,2,0,0,24,0,22,13,34,24,40,33,40,34,5,12,6,0.0,1.0986122886681096,0.0,0.0,3.2188758248682006,0.0,3.1354942159291497,2.639057329615259,3.5553480614894135,3.2188758248682006,3.713572066704308,3.5263605246161616,3.713572066704308,3.5553480614894135,1.791759469228055,2.5649493574615367,1.9459101490553132
Cell_1591,200-Year (Mature),200,Mitotic Checkpoint Primed Cells (TPX2+/CDC20.1+),0.3027229787570781,36,6,1,0,0,11,2,24,4,34,9,61,29,48,20,6,9,6,1.9459101490553132,0.6931471805599453,0.0,0.0,2.4849066497880004,1.0986122886681096,3.2188758248682006,1.6094379124341003,3.5553480614894135,2.302585092994046,4.127134385045092,3.4011973816621555,3.8918202981106265,3.044522437723423,1.9459101490553132,2.302585092994046,1.9459101490553132
Cell_1592,200-Year (Mature),200,Mitotic Checkpoint Primed Cells (TPX2+/CDC20.1+),0.10877563393914828,27,0,2,2,1,15,4,8,18,38,20,50,41,42,15,7,7,14,0.0,1.0986122886681096,1.0986122886681096,0.6931471805599453,2.772588722239781,1.6094379124341003,2.1972245773362196,2.9444389791664403,3.6635616461296463,3.044522437723423,3.9318256327243257,3.7376696182833684,3.7612001156935624,2.772588722239781,2.0794415416798357,2.0794415416798357,2.70805020110221
Cell_1593,200-Year (Mature),200,Mitotic Checkpoint Primed Cells (TPX2+/CDC20.1+),0.36806939704006864,31,0,5,0,0,16,2,31,21,17,15,58,30,31,27,10,13,7,0.0,1.791759469228055,0.0,0.0,2.833213344056216,1.0986122886681096,3.4657359027997265,3.091042453358316,2.8903717578961645,2.772588722239781,4.07753744390572,3.4339872044851463,3.4657359027997265,3.332204510175204,2.3978952727983707,2.639057329615259,2.0794415416798357
Cell_1594,200-Year (Mature),200,Mitotic Checkpoint Primed Cells (TPX2+/CDC20.1+),0.579556833838611,39,0,2,0,0,13,1,17,21,36,18,58,26,22,21,12,4,2,0.0,1.0986122886681096,0.0,0.0,2.639057329615259,0.6931471805599453,2.8903717578961645,3.091042453358316,3.6109179126442243,2.9444389791664403,4.07753744390572,3.295836866004329,3.1354942159291497,3.091042453358316,2.5649493574615367,1.6094379124341003,1.0986122886681096
Cell_1595,200-Year (Mature),200,Mitotic Checkpoint Primed Cells (TPX2+/CDC20.1+),0.20873863087614955,30,0,3,0,2,13,2,26,20,41,23,44,42,19,16,2,21,6,0.0,1.3862943611198906,0.0,1.0986122886681096,2.639057329615259,1.0986122886681096,3.295836866004329,3.044522437723423,3.7376696182833684,3.1780538303479458,3.8066624897703196,3.7612001156935624,2.995732273553991,2.833213344056216,1.0986122886681096,3.091042453358316,1.9459101490553132
Cell_1596,200-Year (Mature),200,Mitotic Checkpoint Primed Cells (TPX2+/CDC20.1+),0.30215823726019075,25,2,2,3,0,7,1,20,11,61,9,43,30,39,24,8,15,4,1.0986122886681096,1.0986122886681096,1.3862943611198906,0.0,2.0794415416798357,0.6931471805599453,3.044522437723423,2.4849066497880004,4.127134385045092,2.302585092994046,3.784189633918261,3.4339872044851463,3.6888794541139363,3.2188758248682006,2.1972245773362196,2.772588722239781,1.6094379124341003
Cell_1597,200-Year (Mature),200,Mitotic Checkpoint Primed Cells (TPX2+/CDC20.1+),0.2807859609067407,40,0,3,1,0,9,8,43,10,53,13,58,48,37,23,5,14,10,0.0,1.3862943611198906,0.6931471805599453,0.0,2.302585092994046,2.1972245773362196,3.784189633918261,2.3978952727983707,3.9889840465642745,2.639057329615259,4.07753744390572,3.8918202981106265,3.6375861597263857,3.1780538303479458,1.791759469228055,2.70805020110221,2.3978952727983707
Cell_1598,200-Year (Mature),200,Mitotic Checkpoint Primed Cells (TPX2+/CDC20.1+),0.1998384172141827,35,2,2,0,0,14,2,22,25,26,8,53,35,22,19,2,11,3,1.0986122886681096,1.0986122886681096,0.0,0.0,2.70805020110221,1.0986122886681096,3.1354942159291497,3.258096538021482,3.295836866004329,2.1972245773362196,3.9889840465642745,3.58351893845611,3.1354942159291497,2.995732273553991,1.0986122886681096,2.4849066497880004,1.3862943611198906
Cell_1599,200-Year (Mature),200,Mitotic Checkpoint Primed Cells (TPX2+/CDC20.1+),0.6156727698205009,28,1,2,1,0,15,0,36,22,33,19,64,62,47,30,10,12,5,0.6931471805599453,1.0986122886681096,0.6931471805599453,0.0,2.772588722239781,0.0,3.6109179126442243,3.1354942159291497,3.5263605246161616,2.995732273553991,4.174387269895637,4.143134726391533,3.8712010109078907,3.4339872044851463,2.3978952727983707,2.5649493574615367,1.791759469228055
Cell_1600,200-Year (Mature),200,Mitotic Checkpoint Primed Cells (TPX2+/CDC20.1+),0.4894656791743547,35,4,2,0,0,21,1,20,21,34,5,107,41,27,34,3,19,5,1.6094379124341003,1.0986122886681096,0.0,0.0,3.091042453358316,0.6931471805599453,3.044522437723423,3.091042453358316,3.5553480614894135,1.791759469228055,4.68213122712422,3.7376696182833684,3.332204510175204,3.5553480614894135,1.3862943611198906,2.995732273553991,1.791759469228055
Cell_1601,600+ Year (Centenarian),600,Central Cambial Stem Cells (WOX4+),0.18725200417173382,2,21,23,6,6,19,7,35,19,57,16,10,4,5,14,32,5,3,3.091042453358316,3.1780538303479458,1.9459101490553132,1.9459101490553132,2.995732273553991,2.0794415416798357,3.58351893845611,2.995732273553991,4.060443010546419,2.833213344056216,2.3978952727983707,1.6094379124341003,1.791759469228055,2.70805020110221,3.4965075614664802,1.791759469228055,1.3862943611198906
Cell_1602,600+ Year (Centenarian),600,Central Cambial Stem Cells (WOX4+),0.024866301347500848,3,36,22,12,7,6,12,25,11,17,17,3,0,0,31,39,12,9,3.6109179126442243,3.1354942159291497,2.5649493574615367,2.0794415416798357,1.9459101490553132,2.5649493574615367,3.258096538021482,2.4849066497880004,2.8903717578961645,2.8903717578961645,1.3862943611198906,0.0,0.0,3.4657359027997265,3.6888794541139363,2.5649493574615367,2.302585092994046
Cell_1603,600+ Year (Centenarian),600,Central Cambial Stem Cells (WOX4+),0.36107199003817486,4,24,15,18,4,25,14,19,29,53,12,1,3,0,21,16,7,9,3.2188758248682006,2.772588722239781,2.9444389791664403,1.6094379124341003,3.258096538021482,2.70805020110221,2.995732273553991,3.4011973816621555,3.9889840465642745,2.5649493574615367,0.6931471805599453,1.3862943611198906,0.0,3.091042453358316,2.833213344056216,2.0794415416798357,2.302585092994046
Cell_1604,600+ Year (Centenarian),600,Central Cambial Stem Cells (WOX4+),0.20057326955691906,7,35,32,10,4,13,16,28,17,36,18,4,2,1,30,54,12,5,3.58351893845611,3.4965075614664802,2.3978952727983707,1.6094379124341003,2.639057329615259,2.833213344056216,3.367295829986474,2.8903717578961645,3.6109179126442243,2.9444389791664403,1.6094379124341003,1.0986122886681096,0.6931471805599453,3.4339872044851463,4.007333185232471,2.5649493574615367,1.791759469228055
Cell_1605,600+ Year (Centenarian),600,Central Cambial Stem Cells (WOX4+),0.42174707778914605,8,50,14,13,11,18,19,28,32,59,37,3,6,9,24,19,13,5,3.9318256327243257,2.70805020110221,2.639057329615259,2.4849066497880004,2.9444389791664403,2.995732273553991,3.367295829986474,3.4965075614664802,4.0943445622221,3.6375861597263857,1.3862943611198906,1.9459101490553132,2.302585092994046,3.2188758248682006,2.995732273553991,2.639057329615259,1.791759469228055
Cell_1606,600+ Year (Centenarian),600,Central Cambial Stem Cells (WOX4+),0.3881853480451972,8,32,11,17,2,15,7,11,30,58,15,3,3,3,12,25,16,3,3.4965075614664802,2.4849066497880004,2.8903717578961645,1.0986122886681096,2.772588722239781,2.0794415416798357,2.4849066497880004,3.4339872044851463,4.07753744390572,2.772588722239781,1.3862943611198906,1.3862943611198906,1.3862943611198906,2.5649493574615367,3.258096538021482,2.833213344056216,1.3862943611198906
Cell_1607,600+ Year (Centenarian),600,Central Cambial Stem Cells (WOX4+),0.02147073784385749,5,42,32,15,6,10,14,20,26,33,10,10,2,2,45,28,15,15,3.7612001156935624,3.4965075614664802,2.772588722239781,1.9459101490553132,2.3978952727983707,2.70805020110221,3.044522437723423,3.295836866004329,3.5263605246161616,2.3978952727983707,2.3978952727983707,1.0986122886681096,1.0986122886681096,3.828641396489095,3.367295829986474,2.772588722239781,2.772588722239781
Cell_1608,600+ Year (Centenarian),600,Central Cambial Stem Cells (WOX4+),0.2564111131582475,3,13,49,6,16,11,6,32,24,18,25,7,4,0,12,23,28,6,2.639057329615259,3.912023005428146,1.9459101490553132,2.833213344056216,2.4849066497880004,1.9459101490553132,3.4965075614664802,3.2188758248682006,2.9444389791664403,3.258096538021482,2.0794415416798357,1.6094379124341003,0.0,2.5649493574615367,3.1780538303479458,3.367295829986474,1.9459101490553132
Cell_1609,600+ Year (Centenarian),600,Central Cambial Stem Cells (WOX4+),0.5767764047297963,5,41,21,27,3,18,13,27,31,25,17,1,3,3,26,24,3,13,3.7376696182833684,3.091042453358316,3.332204510175204,1.3862943611198906,2.9444389791664403,2.639057329615259,3.332204510175204,3.4657359027997265,3.258096538021482,2.8903717578961645,0.6931471805599453,1.3862943611198906,1.3862943611198906,3.295836866004329,3.2188758248682006,1.3862943611198906,2.639057329615259
Cell_1610,600+ Year (Centenarian),600,Central Cambial Stem Cells (WOX4+),0.7320329862531962,5,49,22,19,7,23,6,21,16,62,10,10,8,1,34,21,23,4,3.912023005428146,3.1354942159291497,2.995732273553991,2.0794415416798357,3.1780538303479458,1.9459101490553132,3.091042453358316,2.833213344056216,4.143134726391533,2.3978952727983707,2.3978952727983707,2.1972245773362196,0.6931471805599453,3.5553480614894135,3.091042453358316,3.1780538303479458,1.6094379124341003
Cell_1611,600+ Year (Centenarian),600,Central Cambial Stem Cells (WOX4+),0.32345641247133844,6,28,22,17,7,15,14,48,30,40,27,4,4,6,45,21,19,10,3.367295829986474,3.1354942159291497,2.8903717578961645,2.0794415416798357,2.772588722239781,2.70805020110221,3.8918202981106265,3.4339872044851463,3.713572066704308,3.332204510175204,1.6094379124341003,1.6094379124341003,1.9459101490553132,3.828641396489095,3.091042453358316,2.995732273553991,2.3978952727983707
Cell_1612,600+ Year (Centenarian),600,Central Cambial Stem Cells (WOX4+),0.04291914878755794,8,27,24,13,2,21,16,27,44,45,28,4,5,3,20,21,18,5,3.332204510175204,3.2188758248682006,2.639057329615259,1.0986122886681096,3.091042453358316,2.833213344056216,3.332204510175204,3.8066624897703196,3.828641396489095,3.367295829986474,1.6094379124341003,1.791759469228055,1.3862943611198906,3.044522437723423,3.091042453358316,2.9444389791664403,1.791759469228055
Cell_1613,600+ Year (Centenarian),600,Central Cambial Stem Cells (WOX4+),0.2910617456189831,6,32,34,9,2,13,5,32,20,60,11,7,1,3,20,20,13,12,3.4965075614664802,3.5553480614894135,2.302585092994046,1.0986122886681096,2.639057329615259,1.791759469228055,3.4965075614664802,3.044522437723423,4.110873864173311,2.4849066497880004,2.0794415416798357,0.6931471805599453,1.3862943611198906,3.044522437723423,3.044522437723423,2.639057329615259,2.5649493574615367
Cell_1614,600+ Year (Centenarian),600,Central Cambial Stem Cells (WOX4+),0.39232651481659275,7,36,7,6,2,14,4,25,21,35,15,2,4,0,25,14,1,7,3.6109179126442243,2.0794415416798357,1.9459101490553132,1.0986122886681096,2.70805020110221,1.6094379124341003,3.258096538021482,3.091042453358316,3.58351893845611,2.772588722239781,1.0986122886681096,1.6094379124341003,0.0,3.258096538021482,2.70805020110221,0.6931471805599453,2.0794415416798357
Cell_1615,600+ Year (Centenarian),600,Central Cambial Stem Cells (WOX4+),0.10789779674051217,1,38,26,6,4,14,7,48,24,32,22,8,4,1,29,37,11,5,3.6635616461296463,3.295836866004329,1.9459101490553132,1.6094379124341003,2.70805020110221,2.0794415416798357,3.8918202981106265,3.2188758248682006,3.4965075614664802,3.1354942159291497,2.1972245773362196,1.6094379124341003,0.6931471805599453,3.4011973816621555,3.6375861597263857,2.4849066497880004,1.791759469228055
Cell_1616,600+ Year (Centenarian),600,Central Cambial Stem Cells (WOX4+),0.45538554673317483,9,55,42,7,3,7,6,41,26,44,24,9,2,1,28,31,16,6,4.02535169073515,3.7612001156935624,2.0794415416798357,1.3862943611198906,2.0794415416798357,1.9459101490553132,3.7376696182833684,3.295836866004329,3.8066624897703196,3.2188758248682006,2.302585092994046,1.0986122886681096,0.6931471805599453,3.367295829986474,3.4657359027997265,2.833213344056216,1.9459101490553132
Cell_1617,600+ Year (Centenarian),600,Central Cambial Stem Cells (WOX4+),0.6268259168466179,6,45,32,14,8,21,19,62,23,32,21,10,1,0,22,23,22,6,3.828641396489095,3.4965075614664802,2.70805020110221,2.1972245773362196,3.091042453358316,2.995732273553991,4.143134726391533,3.1780538303479458,3.4965075614664802,3.091042453358316,2.3978952727983707,0.6931471805599453,0.0,3.1354942159291497,3.1780538303479458,3.1354942159291497,1.9459101490553132
Cell_1618,600+ Year (Centenarian),600,Central Cambial Stem Cells (WOX4+),0.07327353274923876,6,37,15,6,12,10,20,32,24,28,5,3,0,1,11,32,18,3,3.6375861597263857,2.772588722239781,1.9459101490553132,2.5649493574615367,2.3978952727983707,3.044522437723423,3.4965075614664802,3.2188758248682006,3.367295829986474,1.791759469228055,1.3862943611198906,0.0,0.6931471805599453,2.4849066497880004,3.4965075614664802,2.9444389791664403,1.3862943611198906
Cell_1619,600+ Year (Centenarian),600,Central Cambial Stem Cells (WOX4+),0.16746082271349585,3,44,35,14,3,9,12,25,28,33,9,3,0,4,13,15,5,1,3.8066624897703196,3.58351893845611,2.70805020110221,1.3862943611198906,2.302585092994046,2.5649493574615367,3.258096538021482,3.367295829986474,3.5263605246161616,2.302585092994046,1.3862943611198906,0.0,1.6094379124341003,2.639057329615259,2.772588722239781,1.791759469228055,0.6931471805599453
Cell_1620,600+ Year (Centenarian),600,Central Cambial Stem Cells (WOX4+),0.19589744005979803,6,26,51,14,3,22,10,20,19,50,18,2,3,3,12,15,6,7,3.295836866004329,3.9512437185814275,2.70805020110221,1.3862943611198906,3.1354942159291497,2.3978952727983707,3.044522437723423,2.995732273553991,3.9318256327243257,2.9444389791664403,1.0986122886681096,1.3862943611198906,1.3862943611198906,2.5649493574615367,2.772588722239781,1.9459101490553132,2.0794415416798357
Cell_1621,600+ Year (Centenarian),600,Central Cambial Stem Cells (WOX4+),0.14481043837408705,4,32,35,7,4,14,4,22,25,47,18,3,2,2,16,18,7,11,3.4965075614664802,3.58351893845611,2.0794415416798357,1.6094379124341003,2.70805020110221,1.6094379124341003,3.1354942159291497,3.258096538021482,3.8712010109078907,2.9444389791664403,1.3862943611198906,1.0986122886681096,1.0986122886681096,2.833213344056216,2.9444389791664403,2.0794415416798357,2.4849066497880004
Cell_1622,600+ Year (Centenarian),600,Central Cambial Stem Cells (WOX4+),0.2871152584510942,6,24,12,13,8,30,6,19,10,48,14,5,6,6,19,32,8,5,3.2188758248682006,2.5649493574615367,2.639057329615259,2.1972245773362196,3.4339872044851463,1.9459101490553132,2.995732273553991,2.3978952727983707,3.8918202981106265,2.70805020110221,1.791759469228055,1.9459101490553132,1.9459101490553132,2.995732273553991,3.4965075614664802,2.1972245773362196,1.791759469228055
Cell_1623,600+ Year (Centenarian),600,Central Cambial Stem Cells (WOX4+),0.004257131476626071,3,43,38,10,15,8,4,38,16,47,28,10,1,5,20,33,5,3,3.784189633918261,3.6635616461296463,2.3978952727983707,2.772588722239781,2.1972245773362196,1.6094379124341003,3.6635616461296463,2.833213344056216,3.8712010109078907,3.367295829986474,2.3978952727983707,0.6931471805599453,1.791759469228055,3.044522437723423,3.5263605246161616,1.791759469228055,1.3862943611198906
Cell_1624,600+ Year (Centenarian),600,Central Cambial Stem Cells (WOX4+),0.49099984592200396,5,58,16,7,13,18,6,16,6,45,14,4,0,4,24,19,15,13,4.07753744390572,2.833213344056216,2.0794415416798357,2.639057329615259,2.9444389791664403,1.9459101490553132,2.833213344056216,1.9459101490553132,3.828641396489095,2.70805020110221,1.6094379124341003,0.0,1.6094379124341003,3.2188758248682006,2.995732273553991,2.772588722239781,2.639057329615259
Cell_1625,600+ Year (Centenarian),600,Central Cambial Stem Cells (WOX4+),0.5122175276877005,3,29,33,3,4,12,9,30,22,33,15,6,1,10,34,16,10,6,3.4011973816621555,3.5263605246161616,1.3862943611198906,1.6094379124341003,2.5649493574615367,2.302585092994046,3.4339872044851463,3.1354942159291497,3.5263605246161616,2.772588722239781,1.9459101490553132,0.6931471805599453,2.3978952727983707,3.5553480614894135,2.833213344056216,2.3978952727983707,1.9459101490553132
Cell_1626,600+ Year (Centenarian),600,Central Cambial Stem Cells (WOX4+),0.2120425679723943,5,64,31,18,5,22,2,52,24,49,12,1,2,1,13,25,9,5,4.174387269895637,3.4657359027997265,2.9444389791664403,1.791759469228055,3.1354942159291497,1.0986122886681096,3.970291913552122,3.2188758248682006,3.912023005428146,2.5649493574615367,0.6931471805599453,1.0986122886681096,0.6931471805599453,2.639057329615259,3.258096538021482,2.302585092994046,1.791759469228055
Cell_1627,600+ Year (Centenarian),600,Central Cambial Stem Cells (WOX4+),0.16565536125826902,8,19,24,8,7,20,7,20,27,24,4,2,0,1,18,22,7,9,2.995732273553991,3.2188758248682006,2.1972245773362196,2.0794415416798357,3.044522437723423,2.0794415416798357,3.044522437723423,3.332204510175204,3.2188758248682006,1.6094379124341003,1.0986122886681096,0.0,0.6931471805599453,2.9444389791664403,3.1354942159291497,2.0794415416798357,2.302585092994046
Cell_1628,600+ Year (Centenarian),600,Central Cambial Stem Cells (WOX4+),0.16096700115755072,5,41,20,11,7,5,11,49,27,44,16,7,5,1,21,23,15,6,3.7376696182833684,3.044522437723423,2.4849066497880004,2.0794415416798357,1.791759469228055,2.4849066497880004,3.912023005428146,3.332204510175204,3.8066624897703196,2.833213344056216,2.0794415416798357,1.791759469228055,0.6931471805599453,3.091042453358316,3.1780538303479458,2.772588722239781,1.9459101490553132
Cell_1629,600+ Year (Centenarian),600,Central Cambial Stem Cells (WOX4+),0.39296873669425814,6,36,33,7,4,11,14,23,26,43,7,1,1,0,35,22,13,1,3.6109179126442243,3.5263605246161616,2.0794415416798357,1.6094379124341003,2.4849066497880004,2.70805020110221,3.1780538303479458,3.295836866004329,3.784189633918261,2.0794415416798357,0.6931471805599453,0.6931471805599453,0.0,3.58351893845611,3.1354942159291497,2.639057329615259,0.6931471805599453
Cell_1630,600+ Year (Centenarian),600,Central Cambial Stem Cells (WOX4+),0.2784404324729872,4,16,24,8,7,24,6,26,30,49,34,0,12,0,29,48,6,5,2.833213344056216,3.2188758248682006,2.1972245773362196,2.0794415416798357,3.2188758248682006,1.9459101490553132,3.295836866004329,3.4339872044851463,3.912023005428146,3.5553480614894135,0.0,2.5649493574615367,0.0,3.4011973816621555,3.8918202981106265,1.9459101490553132,1.791759469228055
Cell_1631,600+ Year (Centenarian),600,Central Cambial Stem Cells (WOX4+),0.07860233396780165,5,42,31,9,3,16,15,43,25,60,14,6,3,3,21,40,3,8,3.7612001156935624,3.4657359027997265,2.302585092994046,1.3862943611198906,2.833213344056216,2.772588722239781,3.784189633918261,3.258096538021482,4.110873864173311,2.70805020110221,1.9459101490553132,1.3862943611198906,1.3862943611198906,3.091042453358316,3.713572066704308,1.3862943611198906,2.1972245773362196
Cell_1632,600+ Year (Centenarian),600,Central Cambial Stem Cells (WOX4+),0.30438328300345074,3,25,26,10,9,7,7,18,14,55,12,8,2,8,17,26,10,1,3.258096538021482,3.295836866004329,2.3978952727983707,2.302585092994046,2.0794415416798357,2.0794415416798357,2.9444389791664403,2.70805020110221,4.02535169073515,2.5649493574615367,2.1972245773362196,1.0986122886681096,2.1972245773362196,2.8903717578961645,3.295836866004329,2.3978952727983707,0.6931471805599453
Cell_1633,600+ Year (Centenarian),600,Central Cambial Stem Cells (WOX4+),0.15771089723958778,4,22,32,13,9,9,12,23,20,34,27,0,3,4,20,26,17,4,3.1354942159291497,3.4965075614664802,2.639057329615259,2.302585092994046,2.302585092994046,2.5649493574615367,3.1780538303479458,3.044522437723423,3.5553480614894135,3.332204510175204,0.0,1.3862943611198906,1.6094379124341003,3.044522437723423,3.295836866004329,2.8903717578961645,1.6094379124341003
Cell_1634,600+ Year (Centenarian),600,Central Cambial Stem Cells (WOX4+),0.1012803620610736,2,35,45,10,6,5,8,55,23,27,18,5,2,2,6,31,8,4,3.58351893845611,3.828641396489095,2.3978952727983707,1.9459101490553132,1.791759469228055,2.1972245773362196,4.02535169073515,3.1780538303479458,3.332204510175204,2.9444389791664403,1.791759469228055,1.0986122886681096,1.0986122886681096,1.9459101490553132,3.4657359027997265,2.1972245773362196,1.6094379124341003
Cell_1635,600+ Year (Centenarian),600,Central Cambial Stem Cells (WOX4+),0.24593633078511953,6,44,31,16,8,21,10,42,24,21,15,3,1,0,20,25,15,2,3.8066624897703196,3.4657359027997265,2.833213344056216,2.1972245773362196,3.091042453358316,2.3978952727983707,3.7612001156935624,3.2188758248682006,3.091042453358316,2.772588722239781,1.3862943611198906,0.6931471805599453,0.0,3.044522437723423,3.258096538021482,2.772588722239781,1.0986122886681096
Cell_1636,600+ Year (Centenarian),600,Central Cambial Stem Cells (WOX4+),0.24014977035279297,4,21,27,10,10,12,6,38,26,41,22,3,0,3,19,33,16,13,3.091042453358316,3.332204510175204,2.3978952727983707,2.3978952727983707,2.5649493574615367,1.9459101490553132,3.6635616461296463,3.295836866004329,3.7376696182833684,3.1354942159291497,1.3862943611198906,0.0,1.3862943611198906,2.995732273553991,3.5263605246161616,2.833213344056216,2.639057329615259
Cell_1637,600+ Year (Centenarian),600,Central Cambial Stem Cells (WOX4+),0.10214403941314938,9,29,39,8,4,18,8,21,28,47,18,5,2,4,36,31,7,8,3.4011973816621555,3.6888794541139363,2.1972245773362196,1.6094379124341003,2.9444389791664403,2.1972245773362196,3.091042453358316,3.367295829986474,3.8712010109078907,2.9444389791664403,1.791759469228055,1.0986122886681096,1.6094379124341003,3.6109179126442243,3.4657359027997265,2.0794415416798357,2.1972245773362196
Cell_1638,600+ Year (Centenarian),600,Central Cambial Stem Cells (WOX4+),0.17900462379915802,8,25,22,9,3,22,12,27,25,43,15,2,1,4,36,18,15,8,3.258096538021482,3.1354942159291497,2.302585092994046,1.3862943611198906,3.1354942159291497,2.5649493574615367,3.332204510175204,3.258096538021482,3.784189633918261,2.772588722239781,1.0986122886681096,0.6931471805599453,1.6094379124341003,3.6109179126442243,2.9444389791664403,2.772588722239781,2.1972245773362196
Cell_1639,600+ Year (Centenarian),600,Central Cambial Stem Cells (WOX4+),0.14542083561370014,9,20,42,14,6,20,11,31,21,71,13,5,2,10,14,16,11,4,3.044522437723423,3.7612001156935624,2.70805020110221,1.9459101490553132,3.044522437723423,2.4849066497880004,3.4657359027997265,3.091042453358316,4.276666119016055,2.639057329615259,1.791759469228055,1.0986122886681096,2.3978952727983707,2.70805020110221,2.833213344056216,2.4849066497880004,1.6094379124341003
Cell_1640,600+ Year (Centenarian),600,Central Cambial Stem Cells (WOX4+),0.4288032704947046,6,30,37,8,0,9,11,22,49,32,20,1,0,7,18,30,17,5,3.4339872044851463,3.6375861597263857,2.1972245773362196,0.0,2.302585092994046,2.4849066497880004,3.1354942159291497,3.912023005428146,3.4965075614664802,3.044522437723423,0.6931471805599453,0.0,2.0794415416798357,2.9444389791664403,3.4339872044851463,2.8903717578961645,1.791759469228055
Cell_1641,600+ Year (Centenarian),600,Central Cambial Stem Cells (WOX4+),0.14596587836615946,3,40,20,6,7,8,11,61,41,21,14,3,2,1,61,35,12,0,3.713572066704308,3.044522437723423,1.9459101490553132,2.0794415416798357,2.1972245773362196,2.4849066497880004,4.127134385045092,3.7376696182833684,3.091042453358316,2.70805020110221,1.3862943611198906,1.0986122886681096,0.6931471805599453,4.127134385045092,3.58351893845611,2.5649493574615367,0.0
Cell_1642,600+ Year (Centenarian),600,Central Cambial Stem Cells (WOX4+),0.31877764493385974,4,42,22,9,8,17,10,34,25,54,19,1,3,1,11,46,10,5,3.7612001156935624,3.1354942159291497,2.302585092994046,2.1972245773362196,2.8903717578961645,2.3978952727983707,3.5553480614894135,3.258096538021482,4.007333185232471,2.995732273553991,0.6931471805599453,1.3862943611198906,0.6931471805599453,2.4849066497880004,3.8501476017100584,2.3978952727983707,1.791759469228055
Cell_1643,600+ Year (Centenarian),600,Central Cambial Stem Cells (WOX4+),0.25770536160037777,5,34,18,9,11,12,13,23,32,46,10,8,2,6,12,19,13,6,3.5553480614894135,2.9444389791664403,2.302585092994046,2.4849066497880004,2.5649493574615367,2.639057329615259,3.1780538303479458,3.4965075614664802,3.8501476017100584,2.3978952727983707,2.1972245773362196,1.0986122886681096,1.9459101490553132,2.5649493574615367,2.995732273553991,2.639057329615259,1.9459101490553132
Cell_1644,600+ Year (Centenarian),600,Central Cambial Stem Cells (WOX4+),0.04572259146144467,3,46,10,18,4,26,6,22,23,41,31,4,2,0,36,18,9,4,3.8501476017100584,2.3978952727983707,2.9444389791664403,1.6094379124341003,3.295836866004329,1.9459101490553132,3.1354942159291497,3.1780538303479458,3.7376696182833684,3.4657359027997265,1.6094379124341003,1.0986122886681096,0.0,3.6109179126442243,2.9444389791664403,2.302585092994046,1.6094379124341003
Cell_1645,600+ Year (Centenarian),600,Central Cambial Stem Cells (WOX4+),0.5843067207948162,3,26,13,12,6,21,20,57,30,31,11,1,3,2,17,30,19,7,3.295836866004329,2.639057329615259,2.5649493574615367,1.9459101490553132,3.091042453358316,3.044522437723423,4.060443010546419,3.4339872044851463,3.4657359027997265,2.4849066497880004,0.6931471805599453,1.3862943611198906,1.0986122886681096,2.8903717578961645,3.4339872044851463,2.995732273553991,2.0794415416798357
Cell_1646,600+ Year (Centenarian),600,Central Cambial Stem Cells (WOX4+),0.5810752007809317,8,57,18,13,7,25,14,33,26,54,21,1,0,4,25,10,13,9,4.060443010546419,2.9444389791664403,2.639057329615259,2.0794415416798357,3.258096538021482,2.70805020110221,3.5263605246161616,3.295836866004329,4.007333185232471,3.091042453358316,0.6931471805599453,0.0,1.6094379124341003,3.258096538021482,2.3978952727983707,2.639057329615259,2.302585092994046
Cell_1647,600+ Year (Centenarian),600,Central Cambial Stem Cells (WOX4+),0.15101544500753236,2,44,32,6,6,13,9,38,12,34,6,4,4,7,26,16,4,17,3.8066624897703196,3.4965075614664802,1.9459101490553132,1.9459101490553132,2.639057329615259,2.302585092994046,3.6635616461296463,2.5649493574615367,3.5553480614894135,1.9459101490553132,1.6094379124341003,1.6094379124341003,2.0794415416798357,3.295836866004329,2.833213344056216,1.6094379124341003,2.8903717578961645
Cell_1648,600+ Year (Centenarian),600,Central Cambial Stem Cells (WOX4+),0.19460942031164843,7,32,34,6,5,12,13,24,21,50,17,2,2,4,17,41,15,10,3.4965075614664802,3.5553480614894135,1.9459101490553132,1.791759469228055,2.5649493574615367,2.639057329615259,3.2188758248682006,3.091042453358316,3.9318256327243257,2.8903717578961645,1.0986122886681096,1.0986122886681096,1.6094379124341003,2.8903717578961645,3.7376696182833684,2.772588722239781,2.3978952727983707
Cell_1649,600+ Year (Centenarian),600,Central Cambial Stem Cells (WOX4+),0.04034989751909314,6,32,17,20,8,19,6,21,22,25,25,4,8,3,24,31,16,5,3.4965075614664802,2.8903717578961645,3.044522437723423,2.1972245773362196,2.995732273553991,1.9459101490553132,3.091042453358316,3.1354942159291497,3.258096538021482,3.258096538021482,1.6094379124341003,2.1972245773362196,1.3862943611198906,3.2188758248682006,3.4657359027997265,2.833213344056216,1.791759469228055
Cell_1650,600+ Year (Centenarian),600,Central Cambial Stem Cells (WOX4+),0.28565812625988934,4,41,23,10,2,12,12,44,21,48,15,5,2,1,29,18,8,9,3.7376696182833684,3.1780538303479458,2.3978952727983707,1.0986122886681096,2.5649493574615367,2.5649493574615367,3.8066624897703196,3.091042453358316,3.8918202981106265,2.772588722239781,1.791759469228055,1.0986122886681096,0.6931471805599453,3.4011973816621555,2.9444389791664403,2.1972245773362196,2.302585092994046
Cell_1651,600+ Year (Centenarian),600,Central Cambial Stem Cells (WOX4+),0.07153856888671326,10,19,37,8,10,21,7,23,25,44,21,2,3,4,35,42,13,3,2.995732273553991,3.6375861597263857,2.1972245773362196,2.3978952727983707,3.091042453358316,2.0794415416798357,3.1780538303479458,3.258096538021482,3.8066624897703196,3.091042453358316,1.0986122886681096,1.3862943611198906,1.6094379124341003,3.58351893845611,3.7612001156935624,2.639057329615259,1.3862943611198906
Cell_1652,600+ Year (Centenarian),600,Central Cambial Stem Cells (WOX4+),0.1834691430191778,7,25,21,13,9,19,9,39,32,41,16,5,0,4,25,32,17,6,3.258096538021482,3.091042453358316,2.639057329615259,2.302585092994046,2.995732273553991,2.302585092994046,3.6888794541139363,3.4965075614664802,3.7376696182833684,2.833213344056216,1.791759469228055,0.0,1.6094379124341003,3.258096538021482,3.4965075614664802,2.8903717578961645,1.9459101490553132
Cell_1653,600+ Year (Centenarian),600,Central Cambial Stem Cells (WOX4+),0.27481458916984464,7,25,36,7,10,7,20,30,22,44,19,2,2,9,24,24,24,17,3.258096538021482,3.6109179126442243,2.0794415416798357,2.3978952727983707,2.0794415416798357,3.044522437723423,3.4339872044851463,3.1354942159291497,3.8066624897703196,2.995732273553991,1.0986122886681096,1.0986122886681096,2.302585092994046,3.2188758248682006,3.2188758248682006,3.2188758248682006,2.8903717578961645
Cell_1654,600+ Year (Centenarian),600,Central Cambial Stem Cells (WOX4+),0.14194753533707735,4,37,21,15,8,19,9,27,54,63,17,4,1,15,40,26,7,7,3.6375861597263857,3.091042453358316,2.772588722239781,2.1972245773362196,2.995732273553991,2.302585092994046,3.332204510175204,4.007333185232471,4.1588830833596715,2.8903717578961645,1.6094379124341003,0.6931471805599453,2.772588722239781,3.713572066704308,3.295836866004329,2.0794415416798357,2.0794415416798357
Cell_1655,600+ Year (Centenarian),600,Central Cambial Stem Cells (WOX4+),0.26046487761281384,6,42,21,9,7,9,6,25,12,51,10,3,2,1,15,19,9,2,3.7612001156935624,3.091042453358316,2.302585092994046,2.0794415416798357,2.302585092994046,1.9459101490553132,3.258096538021482,2.5649493574615367,3.9512437185814275,2.3978952727983707,1.3862943611198906,1.0986122886681096,0.6931471805599453,2.772588722239781,2.995732273553991,2.302585092994046,1.0986122886681096
Cell_1656,600+ Year (Centenarian),600,Central Cambial Stem Cells (WOX4+),0.3099989038371206,6,42,33,16,1,14,2,39,26,46,12,5,5,3,20,39,28,4,3.7612001156935624,3.5263605246161616,2.833213344056216,0.6931471805599453,2.70805020110221,1.0986122886681096,3.6888794541139363,3.295836866004329,3.8501476017100584,2.5649493574615367,1.791759469228055,1.791759469228055,1.3862943611198906,3.044522437723423,3.6888794541139363,3.367295829986474,1.6094379124341003
Cell_1657,600+ Year (Centenarian),600,Central Cambial Stem Cells (WOX4+),0.376106821014497,10,48,21,18,12,15,8,30,16,45,26,1,3,2,29,42,23,9,3.8918202981106265,3.091042453358316,2.9444389791664403,2.5649493574615367,2.772588722239781,2.1972245773362196,3.4339872044851463,2.833213344056216,3.828641396489095,3.295836866004329,0.6931471805599453,1.3862943611198906,1.0986122886681096,3.4011973816621555,3.7612001156935624,3.1780538303479458,2.302585092994046
Cell_1658,600+ Year (Centenarian),600,Central Cambial Stem Cells (WOX4+),0.40009880584216406,4,32,26,4,9,14,9,53,33,58,35,11,1,2,18,21,8,6,3.4965075614664802,3.295836866004329,1.6094379124341003,2.302585092994046,2.70805020110221,2.302585092994046,3.9889840465642745,3.5263605246161616,4.07753744390572,3.58351893845611,2.4849066497880004,0.6931471805599453,1.0986122886681096,2.9444389791664403,3.091042453358316,2.1972245773362196,1.9459101490553132
Cell_1659,600+ Year (Centenarian),600,Central Cambial Stem Cells (WOX4+),0.27914658815328847,3,53,14,9,7,12,9,27,36,34,19,9,3,5,38,25,14,2,3.9889840465642745,2.70805020110221,2.302585092994046,2.0794415416798357,2.5649493574615367,2.302585092994046,3.332204510175204,3.6109179126442243,3.5553480614894135,2.995732273553991,2.302585092994046,1.3862943611198906,1.791759469228055,3.6635616461296463,3.258096538021482,2.70805020110221,1.0986122886681096
Cell_1660,600+ Year (Centenarian),600,Central Cambial Stem Cells (WOX4+),0.05222944282422914,4,45,36,16,16,23,15,19,15,39,14,2,3,3,20,30,15,4,3.828641396489095,3.6109179126442243,2.833213344056216,2.833213344056216,3.1780538303479458,2.772588722239781,2.995732273553991,2.772588722239781,3.6888794541139363,2.70805020110221,1.0986122886681096,1.3862943611198906,1.3862943611198906,3.044522437723423,3.4339872044851463,2.772588722239781,1.6094379124341003
Cell_1661,600+ Year (Centenarian),600,Central Cambial Stem Cells (WOX4+),0.47741173830388267,7,49,43,7,3,19,12,47,16,41,14,1,4,1,32,32,18,4,3.912023005428146,3.784189633918261,2.0794415416798357,1.3862943611198906,2.995732273553991,2.5649493574615367,3.8712010109078907,2.833213344056216,3.7376696182833684,2.70805020110221,0.6931471805599453,1.6094379124341003,0.6931471805599453,3.4965075614664802,3.4965075614664802,2.9444389791664403,1.6094379124341003
Cell_1662,600+ Year (Centenarian),600,Central Cambial Stem Cells (WOX4+),0.5006964080936683,1,31,30,12,6,6,7,33,43,37,21,5,2,3,29,14,9,10,3.4657359027997265,3.4339872044851463,2.5649493574615367,1.9459101490553132,1.9459101490553132,2.0794415416798357,3.5263605246161616,3.784189633918261,3.6375861597263857,3.091042453358316,1.791759469228055,1.0986122886681096,1.3862943611198906,3.4011973816621555,2.70805020110221,2.302585092994046,2.3978952727983707
Cell_1663,600+ Year (Centenarian),600,Central Cambial Stem Cells (WOX4+),0.20011461797284225,3,55,44,9,9,12,11,29,17,40,21,1,0,10,23,23,19,6,4.02535169073515,3.8066624897703196,2.302585092994046,2.302585092994046,2.5649493574615367,2.4849066497880004,3.4011973816621555,2.8903717578961645,3.713572066704308,3.091042453358316,0.6931471805599453,0.0,2.3978952727983707,3.1780538303479458,3.1780538303479458,2.995732273553991,1.9459101490553132
Cell_1664,600+ Year (Centenarian),600,Central Cambial Stem Cells (WOX4+),0.11530789739207856,10,63,29,18,9,13,4,25,22,57,23,1,2,4,16,25,15,0,4.1588830833596715,3.4011973816621555,2.9444389791664403,2.302585092994046,2.639057329615259,1.6094379124341003,3.258096538021482,3.1354942159291497,4.060443010546419,3.1780538303479458,0.6931471805599453,1.0986122886681096,1.6094379124341003,2.833213344056216,3.258096538021482,2.772588722239781,0.0
Cell_1665,600+ Year (Centenarian),600,Central Cambial Stem Cells (WOX4+),0.34995273686948675,4,49,31,7,5,15,8,45,35,37,13,13,1,7,9,22,7,7,3.912023005428146,3.4657359027997265,2.0794415416798357,1.791759469228055,2.772588722239781,2.1972245773362196,3.828641396489095,3.58351893845611,3.6375861597263857,2.639057329615259,2.639057329615259,0.6931471805599453,2.0794415416798357,2.302585092994046,3.1354942159291497,2.0794415416798357,2.0794415416798357
Cell_1666,600+ Year (Centenarian),600,Central Cambial Stem Cells (WOX4+),0.32996647032307314,6,29,25,16,7,16,15,44,27,37,15,7,4,1,32,23,11,7,3.4011973816621555,3.258096538021482,2.833213344056216,2.0794415416798357,2.833213344056216,2.772588722239781,3.8066624897703196,3.332204510175204,3.6375861597263857,2.772588722239781,2.0794415416798357,1.6094379124341003,0.6931471805599453,3.4965075614664802,3.1780538303479458,2.4849066497880004,2.0794415416798357
Cell_1667,600+ Year (Centenarian),600,Central Cambial Stem Cells (WOX4+),0.2883578406691187,8,57,21,7,6,23,23,24,25,38,19,3,1,3,10,4,11,6,4.060443010546419,3.091042453358316,2.0794415416798357,1.9459101490553132,3.1780538303479458,3.1780538303479458,3.2188758248682006,3.258096538021482,3.6635616461296463,2.995732273553991,1.3862943611198906,0.6931471805599453,1.3862943611198906,2.3978952727983707,1.6094379124341003,2.4849066497880004,1.9459101490553132
Cell_1668,600+ Year (Centenarian),600,Central Cambial Stem Cells (WOX4+),0.5391296398545924,5,32,23,4,6,11,3,21,24,49,27,9,0,8,30,21,16,4,3.4965075614664802,3.1780538303479458,1.6094379124341003,1.9459101490553132,2.4849066497880004,1.3862943611198906,3.091042453358316,3.2188758248682006,3.912023005428146,3.332204510175204,2.302585092994046,0.0,2.1972245773362196,3.4339872044851463,3.091042453358316,2.833213344056216,1.6094379124341003
Cell_1669,600+ Year (Centenarian),600,Central Cambial Stem Cells (WOX4+),0.06320793877859991,7,38,28,11,5,19,9,25,17,62,7,3,0,3,26,29,8,1,3.6635616461296463,3.367295829986474,2.4849066497880004,1.791759469228055,2.995732273553991,2.302585092994046,3.258096538021482,2.8903717578961645,4.143134726391533,2.0794415416798357,1.3862943611198906,0.0,1.3862943611198906,3.295836866004329,3.4011973816621555,2.1972245773362196,0.6931471805599453
Cell_1670,600+ Year (Centenarian),600,Central Cambial Stem Cells (WOX4+),0.16245081289096286,3,49,19,15,7,10,4,22,28,24,14,3,2,3,38,22,6,11,3.912023005428146,2.995732273553991,2.772588722239781,2.0794415416798357,2.3978952727983707,1.6094379124341003,3.1354942159291497,3.367295829986474,3.2188758248682006,2.70805020110221,1.3862943611198906,1.0986122886681096,1.3862943611198906,3.6635616461296463,3.1354942159291497,1.9459101490553132,2.4849066497880004
Cell_1671,600+ Year (Centenarian),600,Central Cambial Stem Cells (WOX4+),0.42183368591946196,6,41,27,16,2,24,6,26,17,42,12,6,4,1,13,12,7,10,3.7376696182833684,3.332204510175204,2.833213344056216,1.0986122886681096,3.2188758248682006,1.9459101490553132,3.295836866004329,2.8903717578961645,3.7612001156935624,2.5649493574615367,1.9459101490553132,1.6094379124341003,0.6931471805599453,2.639057329615259,2.5649493574615367,2.0794415416798357,2.3978952727983707
Cell_1672,600+ Year (Centenarian),600,Central Cambial Stem Cells (WOX4+),0.25971095292047747,8,34,11,18,3,14,14,16,28,27,15,1,5,2,35,16,5,10,3.5553480614894135,2.4849066497880004,2.9444389791664403,1.3862943611198906,2.70805020110221,2.70805020110221,2.833213344056216,3.367295829986474,3.332204510175204,2.772588722239781,0.6931471805599453,1.791759469228055,1.0986122886681096,3.58351893845611,2.833213344056216,1.791759469228055,2.3978952727983707
Cell_1673,600+ Year (Centenarian),600,Central Cambial Stem Cells (WOX4+),0.07811208399301435,5,40,47,13,4,10,10,45,30,42,17,6,3,4,18,43,34,8,3.713572066704308,3.8712010109078907,2.639057329615259,1.6094379124341003,2.3978952727983707,2.3978952727983707,3.828641396489095,3.4339872044851463,3.7612001156935624,2.8903717578961645,1.9459101490553132,1.3862943611198906,1.6094379124341003,2.9444389791664403,3.784189633918261,3.5553480614894135,2.1972245773362196
Cell_1674,600+ Year (Centenarian),600,Central Cambial Stem Cells (WOX4+),0.3674352666567991,4,36,18,15,4,10,13,26,26,56,11,5,2,7,17,34,20,6,3.6109179126442243,2.9444389791664403,2.772588722239781,1.6094379124341003,2.3978952727983707,2.639057329615259,3.295836866004329,3.295836866004329,4.04305126783455,2.4849066497880004,1.791759469228055,1.0986122886681096,2.0794415416798357,2.8903717578961645,3.5553480614894135,3.044522437723423,1.9459101490553132
Cell_1675,600+ Year (Centenarian),600,Central Cambial Stem Cells (WOX4+),0.06375002579008544,5,27,21,27,7,15,15,23,19,40,24,3,7,1,23,40,11,17,3.332204510175204,3.091042453358316,3.332204510175204,2.0794415416798357,2.772588722239781,2.772588722239781,3.1780538303479458,2.995732273553991,3.713572066704308,3.2188758248682006,1.3862943611198906,2.0794415416798357,0.6931471805599453,3.1780538303479458,3.713572066704308,2.4849066497880004,2.8903717578961645
Cell_1676,600+ Year (Centenarian),600,Central Cambial Stem Cells (WOX4+),0.5406638986032857,4,41,42,9,5,15,8,25,17,31,11,4,2,1,30,17,6,5,3.7376696182833684,3.7612001156935624,2.302585092994046,1.791759469228055,2.772588722239781,2.1972245773362196,3.258096538021482,2.8903717578961645,3.4657359027997265,2.4849066497880004,1.6094379124341003,1.0986122886681096,0.6931471805599453,3.4339872044851463,2.8903717578961645,1.9459101490553132,1.791759469228055
Cell_1677,600+ Year (Centenarian),600,Central Cambial Stem Cells (WOX4+),0.29587318746063884,5,31,26,14,8,13,12,38,36,40,5,4,4,4,21,27,7,3,3.4657359027997265,3.295836866004329,2.70805020110221,2.1972245773362196,2.639057329615259,2.5649493574615367,3.6635616461296463,3.6109179126442243,3.713572066704308,1.791759469228055,1.6094379124341003,1.6094379124341003,1.6094379124341003,3.091042453358316,3.332204510175204,2.0794415416798357,1.3862943611198906
Cell_1678,600+ Year (Centenarian),600,Central Cambial Stem Cells (WOX4+),0.35654239443603525,7,27,20,18,8,22,8,38,16,29,23,1,2,4,15,20,15,2,3.332204510175204,3.044522437723423,2.9444389791664403,2.1972245773362196,3.1354942159291497,2.1972245773362196,3.6635616461296463,2.833213344056216,3.4011973816621555,3.1780538303479458,0.6931471805599453,1.0986122886681096,1.6094379124341003,2.772588722239781,3.044522437723423,2.772588722239781,1.0986122886681096
Cell_1679,600+ Year (Centenarian),600,Central Cambial Stem Cells (WOX4+),0.6409580065614966,3,30,32,16,3,14,10,27,30,35,16,2,2,2,22,35,9,8,3.4339872044851463,3.4965075614664802,2.833213344056216,1.3862943611198906,2.70805020110221,2.3978952727983707,3.332204510175204,3.4339872044851463,3.58351893845611,2.833213344056216,1.0986122886681096,1.0986122886681096,1.0986122886681096,3.1354942159291497,3.58351893845611,2.302585092994046,2.1972245773362196
Cell_1680,600+ Year (Centenarian),600,Central Cambial Stem Cells (WOX4+),0.6883852897284805,1,37,21,29,5,11,15,23,21,39,17,1,5,1,21,26,5,1,3.6375861597263857,3.091042453358316,3.4011973816621555,1.791759469228055,2.4849066497880004,2.772588722239781,3.1780538303479458,3.091042453358316,3.6888794541139363,2.8903717578961645,0.6931471805599453,1.791759469228055,0.6931471805599453,3.091042453358316,3.295836866004329,1.791759469228055,0.6931471805599453
Cell_1681,600+ Year (Centenarian),600,Central Cambial Stem Cells (WOX4+),0.10247536090543993,8,22,24,18,6,9,11,19,32,45,16,7,1,1,16,12,10,6,3.1354942159291497,3.2188758248682006,2.9444389791664403,1.9459101490553132,2.302585092994046,2.4849066497880004,2.995732273553991,3.4965075614664802,3.828641396489095,2.833213344056216,2.0794415416798357,0.6931471805599453,0.6931471805599453,2.833213344056216,2.5649493574615367,2.3978952727983707,1.9459101490553132
Cell_1682,600+ Year (Centenarian),600,Central Cambial Stem Cells (WOX4+),0.3809542245486289,7,39,25,16,8,12,9,21,21,33,17,10,3,3,20,19,19,5,3.6888794541139363,3.258096538021482,2.833213344056216,2.1972245773362196,2.5649493574615367,2.302585092994046,3.091042453358316,3.091042453358316,3.5263605246161616,2.8903717578961645,2.3978952727983707,1.3862943611198906,1.3862943611198906,3.044522437723423,2.995732273553991,2.995732273553991,1.791759469228055
Cell_1683,600+ Year (Centenarian),600,Central Cambial Stem Cells (WOX4+),0.1522740379378575,8,36,44,7,6,18,8,22,13,43,9,7,0,5,20,24,9,7,3.6109179126442243,3.8066624897703196,2.0794415416798357,1.9459101490553132,2.9444389791664403,2.1972245773362196,3.1354942159291497,2.639057329615259,3.784189633918261,2.302585092994046,2.0794415416798357,0.0,1.791759469228055,3.044522437723423,3.2188758248682006,2.302585092994046,2.0794415416798357
Cell_1684,600+ Year (Centenarian),600,Central Cambial Stem Cells (WOX4+),0.27128553034486014,5,30,33,21,12,9,8,16,30,46,19,1,4,5,12,28,6,1,3.4339872044851463,3.5263605246161616,3.091042453358316,2.5649493574615367,2.302585092994046,2.1972245773362196,2.833213344056216,3.4339872044851463,3.8501476017100584,2.995732273553991,0.6931471805599453,1.6094379124341003,1.791759469228055,2.5649493574615367,3.367295829986474,1.9459101490553132,0.6931471805599453
Cell_1685,600+ Year (Centenarian),600,Central Cambial Stem Cells (WOX4+),0.2648252965824554,3,35,20,12,6,16,12,19,29,52,20,5,5,4,14,21,3,7,3.58351893845611,3.044522437723423,2.5649493574615367,1.9459101490553132,2.833213344056216,2.5649493574615367,2.995732273553991,3.4011973816621555,3.970291913552122,3.044522437723423,1.791759469228055,1.791759469228055,1.6094379124341003,2.70805020110221,3.091042453358316,1.3862943611198906,2.0794415416798357
Cell_1686,600+ Year (Centenarian),600,Central Cambial Stem Cells (WOX4+),0.42489881014909275,5,26,18,16,3,23,4,42,22,40,22,1,0,0,15,29,8,6,3.295836866004329,2.9444389791664403,2.833213344056216,1.3862943611198906,3.1780538303479458,1.6094379124341003,3.7612001156935624,3.1354942159291497,3.713572066704308,3.1354942159291497,0.6931471805599453,0.0,0.0,2.772588722239781,3.4011973816621555,2.1972245773362196,1.9459101490553132
Cell_1687,600+ Year (Centenarian),600,Central Cambial Stem Cells (WOX4+),0.39336444091121786,3,40,25,12,7,19,10,52,18,43,6,4,0,5,8,20,11,7,3.713572066704308,3.258096538021482,2.5649493574615367,2.0794415416798357,2.995732273553991,2.3978952727983707,3.970291913552122,2.9444389791664403,3.784189633918261,1.9459101490553132,1.6094379124341003,0.0,1.791759469228055,2.1972245773362196,3.044522437723423,2.4849066497880004,2.0794415416798357
Cell_1688,600+ Year (Centenarian),600,Central Cambial Stem Cells (WOX4+),0.14489149834148948,3,31,20,27,6,18,17,47,33,46,27,2,7,4,15,27,17,5,3.4657359027997265,3.044522437723423,3.332204510175204,1.9459101490553132,2.9444389791664403,2.8903717578961645,3.8712010109078907,3.5263605246161616,3.8501476017100584,3.332204510175204,1.0986122886681096,2.0794415416798357,1.6094379124341003,2.772588722239781,3.332204510175204,2.8903717578961645,1.791759469228055
Cell_1689,600+ Year (Centenarian),600,Central Cambial Stem Cells (WOX4+),0.779420754218985,11,17,38,5,2,13,14,22,32,36,9,4,1,1,23,14,18,1,2.8903717578961645,3.6635616461296463,1.791759469228055,1.0986122886681096,2.639057329615259,2.70805020110221,3.1354942159291497,3.4965075614664802,3.6109179126442243,2.302585092994046,1.6094379124341003,0.6931471805599453,0.6931471805599453,3.1780538303479458,2.70805020110221,2.9444389791664403,0.6931471805599453
Cell_1690,600+ Year (Centenarian),600,Central Cambial Stem Cells (WOX4+),0.05232737669315387,3,82,41,7,4,10,5,25,32,26,21,7,1,3,6,24,8,10,4.418840607796598,3.7376696182833684,2.0794415416798357,1.6094379124341003,2.3978952727983707,1.791759469228055,3.258096538021482,3.4965075614664802,3.295836866004329,3.091042453358316,2.0794415416798357,0.6931471805599453,1.3862943611198906,1.9459101490553132,3.2188758248682006,2.1972245773362196,2.3978952727983707
Cell_1691,600+ Year (Centenarian),600,Central Cambial Stem Cells (WOX4+),0.5607336522166597,3,39,29,13,5,11,11,21,20,51,22,5,2,0,13,19,14,4,3.6888794541139363,3.4011973816621555,2.639057329615259,1.791759469228055,2.4849066497880004,2.4849066497880004,3.091042453358316,3.044522437723423,3.9512437185814275,3.1354942159291497,1.791759469228055,1.0986122886681096,0.0,2.639057329615259,2.995732273553991,2.70805020110221,1.6094379124341003
Cell_1692,600+ Year (Centenarian),600,Central Cambial Stem Cells (WOX4+),0.3553083410088212,4,48,42,14,10,23,13,27,26,55,13,2,5,5,32,8,25,6,3.8918202981106265,3.7612001156935624,2.70805020110221,2.3978952727983707,3.1780538303479458,2.639057329615259,3.332204510175204,3.295836866004329,4.02535169073515,2.639057329615259,1.0986122886681096,1.791759469228055,1.791759469228055,3.4965075614664802,2.1972245773362196,3.258096538021482,1.9459101490553132
Cell_1693,600+ Year (Centenarian),600,Central Cambial Stem Cells (WOX4+),0.40907417451845784,6,53,14,10,3,16,4,36,26,29,13,1,4,0,19,34,6,6,3.9889840465642745,2.70805020110221,2.3978952727983707,1.3862943611198906,2.833213344056216,1.6094379124341003,3.6109179126442243,3.295836866004329,3.4011973816621555,2.639057329615259,0.6931471805599453,1.6094379124341003,0.0,2.995732273553991,3.5553480614894135,1.9459101490553132,1.9459101490553132
Cell_1694,600+ Year (Centenarian),600,Central Cambial Stem Cells (WOX4+),0.22538581658563356,3,32,36,14,7,17,11,26,15,57,15,7,0,11,23,24,1,5,3.4965075614664802,3.6109179126442243,2.70805020110221,2.0794415416798357,2.8903717578961645,2.4849066497880004,3.295836866004329,2.772588722239781,4.060443010546419,2.772588722239781,2.0794415416798357,0.0,2.4849066497880004,3.1780538303479458,3.2188758248682006,0.6931471805599453,1.791759469228055
Cell_1695,600+ Year (Centenarian),600,Central Cambial Stem Cells (WOX4+),0.29517503169166615,9,25,28,8,12,24,11,38,21,58,13,9,2,1,21,17,14,8,3.258096538021482,3.367295829986474,2.1972245773362196,2.5649493574615367,3.2188758248682006,2.4849066497880004,3.6635616461296463,3.091042453358316,4.07753744390572,2.639057329615259,2.302585092994046,1.0986122886681096,0.6931471805599453,3.091042453358316,2.8903717578961645,2.70805020110221,2.1972245773362196
Cell_1696,600+ Year (Centenarian),600,Central Cambial Stem Cells (WOX4+),0.1662877792763784,6,24,30,5,2,24,5,20,20,31,15,4,4,2,25,33,14,10,3.2188758248682006,3.4339872044851463,1.791759469228055,1.0986122886681096,3.2188758248682006,1.791759469228055,3.044522437723423,3.044522437723423,3.4657359027997265,2.772588722239781,1.6094379124341003,1.6094379124341003,1.0986122886681096,3.258096538021482,3.5263605246161616,2.70805020110221,2.3978952727983707
Cell_1697,600+ Year (Centenarian),600,Central Cambial Stem Cells (WOX4+),0.14724382544395964,8,30,16,13,16,15,8,24,28,33,24,8,4,9,22,42,8,11,3.4339872044851463,2.833213344056216,2.639057329615259,2.833213344056216,2.772588722239781,2.1972245773362196,3.2188758248682006,3.367295829986474,3.5263605246161616,3.2188758248682006,2.1972245773362196,1.6094379124341003,2.302585092994046,3.1354942159291497,3.7612001156935624,2.1972245773362196,2.4849066497880004
Cell_1698,600+ Year (Centenarian),600,Central Cambial Stem Cells (WOX4+),0.13173825617673668,6,59,21,12,7,14,4,31,24,59,10,4,7,3,26,21,5,4,4.0943445622221,3.091042453358316,2.5649493574615367,2.0794415416798357,2.70805020110221,1.6094379124341003,3.4657359027997265,3.2188758248682006,4.0943445622221,2.3978952727983707,1.6094379124341003,2.0794415416798357,1.3862943611198906,3.295836866004329,3.091042453358316,1.791759469228055,1.6094379124341003
Cell_1699,600+ Year (Centenarian),600,Central Cambial Stem Cells (WOX4+),0.7681916560821735,0,35,11,12,16,22,10,27,30,33,16,9,4,6,12,25,14,6,3.58351893845611,2.4849066497880004,2.5649493574615367,2.833213344056216,3.1354942159291497,2.3978952727983707,3.332204510175204,3.4339872044851463,3.5263605246161616,2.833213344056216,2.302585092994046,1.6094379124341003,1.9459101490553132,2.5649493574615367,3.258096538021482,2.70805020110221,1.9459101490553132
Cell_1700,600+ Year (Centenarian),600,Central Cambial Stem Cells (WOX4+),0.24491881573212293,8,43,24,12,5,9,17,25,27,38,33,1,1,4,32,30,14,3,3.784189633918261,3.2188758248682006,2.5649493574615367,1.791759469228055,2.302585092994046,2.8903717578961645,3.258096538021482,3.332204510175204,3.6635616461296463,3.5263605246161616,0.6931471805599453,0.6931471805599453,1.6094379124341003,3.4965075614664802,3.4339872044851463,2.70805020110221,1.3862943611198906
Cell_1701,600+ Year (Centenarian),600,Central Cambial Stem Cells (WOX4+),0.03033351294173226,5,11,18,16,2,24,7,16,37,30,15,4,5,1,12,25,9,7,2.4849066497880004,2.9444389791664403,2.833213344056216,1.0986122886681096,3.2188758248682006,2.0794415416798357,2.833213344056216,3.6375861597263857,3.4339872044851463,2.772588722239781,1.6094379124341003,1.791759469228055,0.6931471805599453,2.5649493574615367,3.258096538021482,2.302585092994046,2.0794415416798357
Cell_1702,600+ Year (Centenarian),600,Central Cambial Stem Cells (WOX4+),0.08684265423568759,7,38,30,2,10,6,14,40,25,28,26,1,5,11,15,23,12,9,3.6635616461296463,3.4339872044851463,1.0986122886681096,2.3978952727983707,1.9459101490553132,2.70805020110221,3.713572066704308,3.258096538021482,3.367295829986474,3.295836866004329,0.6931471805599453,1.791759469228055,2.4849066497880004,2.772588722239781,3.1780538303479458,2.5649493574615367,2.302585092994046
Cell_1703,600+ Year (Centenarian),600,Central Cambial Stem Cells (WOX4+),0.0806021895847974,4,11,17,15,4,22,5,28,12,50,12,6,3,8,23,18,19,10,2.4849066497880004,2.8903717578961645,2.772588722239781,1.6094379124341003,3.1354942159291497,1.791759469228055,3.367295829986474,2.5649493574615367,3.9318256327243257,2.5649493574615367,1.9459101490553132,1.3862943611198906,2.1972245773362196,3.1780538303479458,2.9444389791664403,2.995732273553991,2.3978952727983707
Cell_1704,600+ Year (Centenarian),600,Central Cambial Stem Cells (WOX4+),0.5614391559696933,7,40,26,23,5,20,7,39,26,29,10,5,3,2,18,18,21,4,3.713572066704308,3.295836866004329,3.1780538303479458,1.791759469228055,3.044522437723423,2.0794415416798357,3.6888794541139363,3.295836866004329,3.4011973816621555,2.3978952727983707,1.791759469228055,1.3862943611198906,1.0986122886681096,2.9444389791664403,2.9444389791664403,3.091042453358316,1.6094379124341003
Cell_1705,600+ Year (Centenarian),600,Central Cambial Stem Cells (WOX4+),0.6224000363283657,3,46,32,9,6,14,23,26,45,30,13,9,7,6,20,27,9,8,3.8501476017100584,3.4965075614664802,2.302585092994046,1.9459101490553132,2.70805020110221,3.1780538303479458,3.295836866004329,3.828641396489095,3.4339872044851463,2.639057329615259,2.302585092994046,2.0794415416798357,1.9459101490553132,3.044522437723423,3.332204510175204,2.302585092994046,2.1972245773362196
Cell_1706,600+ Year (Centenarian),600,Central Cambial Stem Cells (WOX4+),0.24415197367972558,4,45,28,17,3,14,10,48,25,55,11,1,3,1,23,46,24,5,3.828641396489095,3.367295829986474,2.8903717578961645,1.3862943611198906,2.70805020110221,2.3978952727983707,3.8918202981106265,3.258096538021482,4.02535169073515,2.4849066497880004,0.6931471805599453,1.3862943611198906,0.6931471805599453,3.1780538303479458,3.8501476017100584,3.2188758248682006,1.791759469228055
Cell_1707,600+ Year (Centenarian),600,Central Cambial Stem Cells (WOX4+),0.2035387347798689,4,33,35,14,8,22,15,28,35,46,14,4,1,5,28,21,15,5,3.5263605246161616,3.58351893845611,2.70805020110221,2.1972245773362196,3.1354942159291497,2.772588722239781,3.367295829986474,3.58351893845611,3.8501476017100584,2.70805020110221,1.6094379124341003,0.6931471805599453,1.791759469228055,3.367295829986474,3.091042453358316,2.772588722239781,1.791759469228055
Cell_1708,600+ Year (Centenarian),600,Central Cambial Stem Cells (WOX4+),0.4226547642903207,4,27,10,10,4,15,10,18,23,68,11,1,1,2,23,16,17,11,3.332204510175204,2.3978952727983707,2.3978952727983707,1.6094379124341003,2.772588722239781,2.3978952727983707,2.9444389791664403,3.1780538303479458,4.23410650459726,2.4849066497880004,0.6931471805599453,0.6931471805599453,1.0986122886681096,3.1780538303479458,2.833213344056216,2.8903717578961645,2.4849066497880004
Cell_1709,600+ Year (Centenarian),600,Central Cambial Stem Cells (WOX4+),0.21255058075255562,5,34,28,13,7,9,7,31,14,56,8,7,3,3,20,30,11,8,3.5553480614894135,3.367295829986474,2.639057329615259,2.0794415416798357,2.302585092994046,2.0794415416798357,3.4657359027997265,2.70805020110221,4.04305126783455,2.1972245773362196,2.0794415416798357,1.3862943611198906,1.3862943611198906,3.044522437723423,3.4339872044851463,2.4849066497880004,2.1972245773362196
Cell_1710,600+ Year (Centenarian),600,Central Cambial Stem Cells (WOX4+),0.2331280836369511,4,25,30,19,11,8,13,41,23,39,16,3,0,0,10,13,10,15,3.258096538021482,3.4339872044851463,2.995732273553991,2.4849066497880004,2.1972245773362196,2.639057329615259,3.7376696182833684,3.1780538303479458,3.6888794541139363,2.833213344056216,1.3862943611198906,0.0,0.0,2.3978952727983707,2.639057329615259,2.3978952727983707,2.772588722239781
Cell_1711,600+ Year (Centenarian),600,Central Cambial Stem Cells (WOX4+),0.22578973565247462,3,43,18,19,3,8,22,44,20,45,24,10,2,1,23,21,17,3,3.784189633918261,2.9444389791664403,2.995732273553991,1.3862943611198906,2.1972245773362196,3.1354942159291497,3.8066624897703196,3.044522437723423,3.828641396489095,3.2188758248682006,2.3978952727983707,1.0986122886681096,0.6931471805599453,3.1780538303479458,3.091042453358316,2.8903717578961645,1.3862943611198906
Cell_1712,600+ Year (Centenarian),600,Central Cambial Stem Cells (WOX4+),0.3077741796993849,3,49,29,17,13,11,6,25,17,49,21,1,5,1,29,16,1,9,3.912023005428146,3.4011973816621555,2.8903717578961645,2.639057329615259,2.4849066497880004,1.9459101490553132,3.258096538021482,2.8903717578961645,3.912023005428146,3.091042453358316,0.6931471805599453,1.791759469228055,0.6931471805599453,3.4011973816621555,2.833213344056216,0.6931471805599453,2.302585092994046
Cell_1713,600+ Year (Centenarian),600,Central Cambial Stem Cells (WOX4+),0.05906113016404547,6,41,17,14,9,12,22,41,27,41,20,8,5,3,26,19,4,6,3.7376696182833684,2.8903717578961645,2.70805020110221,2.302585092994046,2.5649493574615367,3.1354942159291497,3.7376696182833684,3.332204510175204,3.7376696182833684,3.044522437723423,2.1972245773362196,1.791759469228055,1.3862943611198906,3.295836866004329,2.995732273553991,1.6094379124341003,1.9459101490553132
Cell_1714,600+ Year (Centenarian),600,Central Cambial Stem Cells (WOX4+),0.29441405465844495,9,25,21,8,2,18,7,33,26,70,25,2,3,2,38,42,6,6,3.258096538021482,3.091042453358316,2.1972245773362196,1.0986122886681096,2.9444389791664403,2.0794415416798357,3.5263605246161616,3.295836866004329,4.2626798770413155,3.258096538021482,1.0986122886681096,1.3862943611198906,1.0986122886681096,3.6635616461296463,3.7612001156935624,1.9459101490553132,1.9459101490553132
Cell_1715,600+ Year (Centenarian),600,Central Cambial Stem Cells (WOX4+),0.23807538045551646,5,31,15,11,4,13,7,24,18,52,14,1,3,4,24,31,25,3,3.4657359027997265,2.772588722239781,2.4849066497880004,1.6094379124341003,2.639057329615259,2.0794415416798357,3.2188758248682006,2.9444389791664403,3.970291913552122,2.70805020110221,0.6931471805599453,1.3862943611198906,1.6094379124341003,3.2188758248682006,3.4657359027997265,3.258096538021482,1.3862943611198906
Cell_1716,600+ Year (Centenarian),600,Central Cambial Stem Cells (WOX4+),0.21148182234512958,7,38,29,4,8,9,14,17,16,42,17,10,0,2,40,32,21,2,3.6635616461296463,3.4011973816621555,1.6094379124341003,2.1972245773362196,2.302585092994046,2.70805020110221,2.8903717578961645,2.833213344056216,3.7612001156935624,2.8903717578961645,2.3978952727983707,0.0,1.0986122886681096,3.713572066704308,3.4965075614664802,3.091042453358316,1.0986122886681096
Cell_1717,600+ Year (Centenarian),600,Central Cambial Stem Cells (WOX4+),0.12645267920818828,3,23,31,3,9,10,5,34,9,29,11,3,1,0,27,74,6,6,3.1780538303479458,3.4657359027997265,1.3862943611198906,2.302585092994046,2.3978952727983707,1.791759469228055,3.5553480614894135,2.302585092994046,3.4011973816621555,2.4849066497880004,1.3862943611198906,0.6931471805599453,0.0,3.332204510175204,4.31748811353631,1.9459101490553132,1.9459101490553132
Cell_1718,600+ Year (Centenarian),600,Central Cambial Stem Cells (WOX4+),0.4120512224255821,4,36,17,20,3,25,3,22,42,39,16,1,0,5,20,41,12,1,3.6109179126442243,2.8903717578961645,3.044522437723423,1.3862943611198906,3.258096538021482,1.3862943611198906,3.1354942159291497,3.7612001156935624,3.6888794541139363,2.833213344056216,0.6931471805599453,0.0,1.791759469228055,3.044522437723423,3.7376696182833684,2.5649493574615367,0.6931471805599453
Cell_1719,600+ Year (Centenarian),600,Central Cambial Stem Cells (WOX4+),0.2496002716656444,9,51,25,31,10,13,2,35,16,47,10,7,7,4,26,27,21,7,3.9512437185814275,3.258096538021482,3.4657359027997265,2.3978952727983707,2.639057329615259,1.0986122886681096,3.58351893845611,2.833213344056216,3.8712010109078907,2.3978952727983707,2.0794415416798357,2.0794415416798357,1.6094379124341003,3.295836866004329,3.332204510175204,3.091042453358316,2.0794415416798357
Cell_1720,600+ Year (Centenarian),600,Central Cambial Stem Cells (WOX4+),0.07431586951145673,5,32,23,18,3,17,9,35,25,45,23,3,1,4,17,25,15,4,3.4965075614664802,3.1780538303479458,2.9444389791664403,1.3862943611198906,2.8903717578961645,2.302585092994046,3.58351893845611,3.258096538021482,3.828641396489095,3.1780538303479458,1.3862943611198906,0.6931471805599453,1.6094379124341003,2.8903717578961645,3.258096538021482,2.772588722239781,1.6094379124341003
Cell_1721,600+ Year (Centenarian),600,Central Cambial Stem Cells (WOX4+),0.2946636995805487,4,35,19,22,9,17,9,14,36,52,19,5,1,3,41,30,12,10,3.58351893845611,2.995732273553991,3.1354942159291497,2.302585092994046,2.8903717578961645,2.302585092994046,2.70805020110221,3.6109179126442243,3.970291913552122,2.995732273553991,1.791759469228055,0.6931471805599453,1.3862943611198906,3.7376696182833684,3.4339872044851463,2.5649493574615367,2.3978952727983707
Cell_1722,600+ Year (Centenarian),600,Central Cambial Stem Cells (WOX4+),0.5646584139744157,2,34,30,4,6,18,18,34,25,39,16,1,6,0,24,26,8,11,3.5553480614894135,3.4339872044851463,1.6094379124341003,1.9459101490553132,2.9444389791664403,2.9444389791664403,3.5553480614894135,3.258096538021482,3.6888794541139363,2.833213344056216,0.6931471805599453,1.9459101490553132,0.0,3.2188758248682006,3.295836866004329,2.1972245773362196,2.4849066497880004
Cell_1723,600+ Year (Centenarian),600,Central Cambial Stem Cells (WOX4+),0.25623335714068085,6,49,16,17,9,27,6,52,26,23,20,1,1,3,18,27,7,6,3.912023005428146,2.833213344056216,2.8903717578961645,2.302585092994046,3.332204510175204,1.9459101490553132,3.970291913552122,3.295836866004329,3.1780538303479458,3.044522437723423,0.6931471805599453,0.6931471805599453,1.3862943611198906,2.9444389791664403,3.332204510175204,2.0794415416798357,1.9459101490553132
Cell_1724,600+ Year (Centenarian),600,Central Cambial Stem Cells (WOX4+),0.2634579870637468,1,35,27,16,3,18,8,30,29,31,10,2,3,1,38,23,16,8,3.58351893845611,3.332204510175204,2.833213344056216,1.3862943611198906,2.9444389791664403,2.1972245773362196,3.4339872044851463,3.4011973816621555,3.4657359027997265,2.3978952727983707,1.0986122886681096,1.3862943611198906,0.6931471805599453,3.6635616461296463,3.1780538303479458,2.833213344056216,2.1972245773362196
Cell_1725,600+ Year (Centenarian),600,Central Cambial Stem Cells (WOX4+),0.29683507765367956,2,24,27,12,6,24,9,22,27,57,24,3,2,2,31,16,21,6,3.2188758248682006,3.332204510175204,2.5649493574615367,1.9459101490553132,3.2188758248682006,2.302585092994046,3.1354942159291497,3.332204510175204,4.060443010546419,3.2188758248682006,1.3862943611198906,1.0986122886681096,1.0986122886681096,3.4657359027997265,2.833213344056216,3.091042453358316,1.9459101490553132
Cell_1726,600+ Year (Centenarian),600,Central Cambial Stem Cells (WOX4+),0.15702256955498467,4,34,34,9,1,18,5,36,25,30,34,0,4,3,16,48,15,3,3.5553480614894135,3.5553480614894135,2.302585092994046,0.6931471805599453,2.9444389791664403,1.791759469228055,3.6109179126442243,3.258096538021482,3.4339872044851463,3.5553480614894135,0.0,1.6094379124341003,1.3862943611198906,2.833213344056216,3.8918202981106265,2.772588722239781,1.3862943611198906
Cell_1727,600+ Year (Centenarian),600,Central Cambial Stem Cells (WOX4+),0.5392098031966631,3,29,24,10,1,16,10,16,24,43,25,3,2,2,38,25,8,9,3.4011973816621555,3.2188758248682006,2.3978952727983707,0.6931471805599453,2.833213344056216,2.3978952727983707,2.833213344056216,3.2188758248682006,3.784189633918261,3.258096538021482,1.3862943611198906,1.0986122886681096,1.0986122886681096,3.6635616461296463,3.258096538021482,2.1972245773362196,2.302585092994046
Cell_1728,600+ Year (Centenarian),600,Central Cambial Stem Cells (WOX4+),0.13368828431769703,6,43,25,12,2,17,7,25,42,34,20,5,5,6,23,23,4,3,3.784189633918261,3.258096538021482,2.5649493574615367,1.0986122886681096,2.8903717578961645,2.0794415416798357,3.258096538021482,3.7612001156935624,3.5553480614894135,3.044522437723423,1.791759469228055,1.791759469228055,1.9459101490553132,3.1780538303479458,3.1780538303479458,1.6094379124341003,1.3862943611198906
Cell_1729,600+ Year (Centenarian),600,Central Cambial Stem Cells (WOX4+),0.031464440337701384,6,28,42,24,9,12,17,38,22,40,26,4,6,2,13,19,22,3,3.367295829986474,3.7612001156935624,3.2188758248682006,2.302585092994046,2.5649493574615367,2.8903717578961645,3.6635616461296463,3.1354942159291497,3.713572066704308,3.295836866004329,1.6094379124341003,1.9459101490553132,1.0986122886681096,2.639057329615259,2.995732273553991,3.1354942159291497,1.3862943611198906
Cell_1730,600+ Year (Centenarian),600,Central Cambial Stem Cells (WOX4+),0.17281689769611183,4,46,32,13,3,13,7,44,25,24,26,3,1,0,36,23,19,7,3.8501476017100584,3.4965075614664802,2.639057329615259,1.3862943611198906,2.639057329615259,2.0794415416798357,3.8066624897703196,3.258096538021482,3.2188758248682006,3.295836866004329,1.3862943611198906,0.6931471805599453,0.0,3.6109179126442243,3.1780538303479458,2.995732273553991,2.0794415416798357
Cell_1731,600+ Year (Centenarian),600,Central Cambial Stem Cells (WOX4+),0.008111171178146621,6,37,56,4,5,16,17,25,14,64,19,4,5,3,26,19,17,8,3.6375861597263857,4.04305126783455,1.6094379124341003,1.791759469228055,2.833213344056216,2.8903717578961645,3.258096538021482,2.70805020110221,4.174387269895637,2.995732273553991,1.6094379124341003,1.791759469228055,1.3862943611198906,3.295836866004329,2.995732273553991,2.8903717578961645,2.1972245773362196
Cell_1732,600+ Year (Centenarian),600,Central Cambial Stem Cells (WOX4+),0.48529555488327425,2,42,26,11,9,19,18,35,25,33,9,2,0,7,19,31,7,9,3.7612001156935624,3.295836866004329,2.4849066497880004,2.302585092994046,2.995732273553991,2.9444389791664403,3.58351893845611,3.258096538021482,3.5263605246161616,2.302585092994046,1.0986122886681096,0.0,2.0794415416798357,2.995732273553991,3.4657359027997265,2.0794415416798357,2.302585092994046
Cell_1733,600+ Year (Centenarian),600,Central Cambial Stem Cells (WOX4+),0.03436817181904185,4,39,9,16,5,11,6,23,21,22,13,1,1,0,16,27,9,7,3.6888794541139363,2.302585092994046,2.833213344056216,1.791759469228055,2.4849066497880004,1.9459101490553132,3.1780538303479458,3.091042453358316,3.1354942159291497,2.639057329615259,0.6931471805599453,0.6931471805599453,0.0,2.833213344056216,3.332204510175204,2.302585092994046,2.0794415416798357
Cell_1734,600+ Year (Centenarian),600,Central Cambial Stem Cells (WOX4+),0.4599071595298773,7,49,36,8,10,11,13,18,25,28,13,15,1,7,36,20,17,6,3.912023005428146,3.6109179126442243,2.1972245773362196,2.3978952727983707,2.4849066497880004,2.639057329615259,2.9444389791664403,3.258096538021482,3.367295829986474,2.639057329615259,2.772588722239781,0.6931471805599453,2.0794415416798357,3.6109179126442243,3.044522437723423,2.8903717578961645,1.9459101490553132
Cell_1735,600+ Year (Centenarian),600,Central Cambial Stem Cells (WOX4+),0.3628684011611436,5,49,29,19,2,12,7,13,11,39,18,3,4,0,21,23,17,3,3.912023005428146,3.4011973816621555,2.995732273553991,1.0986122886681096,2.5649493574615367,2.0794415416798357,2.639057329615259,2.4849066497880004,3.6888794541139363,2.9444389791664403,1.3862943611198906,1.6094379124341003,0.0,3.091042453358316,3.1780538303479458,2.8903717578961645,1.3862943611198906
Cell_1736,600+ Year (Centenarian),600,Central Cambial Stem Cells (WOX4+),0.09786900318504302,6,38,28,25,7,12,12,39,20,33,11,5,1,2,26,25,8,7,3.6635616461296463,3.367295829986474,3.258096538021482,2.0794415416798357,2.5649493574615367,2.5649493574615367,3.6888794541139363,3.044522437723423,3.5263605246161616,2.4849066497880004,1.791759469228055,0.6931471805599453,1.0986122886681096,3.295836866004329,3.258096538021482,2.1972245773362196,2.0794415416798357
Cell_1737,600+ Year (Centenarian),600,Central Cambial Stem Cells (WOX4+),0.06937708635273504,3,43,35,9,3,9,13,36,33,58,20,0,0,3,34,32,9,18,3.784189633918261,3.58351893845611,2.302585092994046,1.3862943611198906,2.302585092994046,2.639057329615259,3.6109179126442243,3.5263605246161616,4.07753744390572,3.044522437723423,0.0,0.0,1.3862943611198906,3.5553480614894135,3.4965075614664802,2.302585092994046,2.9444389791664403
Cell_1738,600+ Year (Centenarian),600,Central Cambial Stem Cells (WOX4+),0.020813373489467813,3,54,25,15,4,17,19,58,20,43,8,4,3,3,26,22,16,2,4.007333185232471,3.258096538021482,2.772588722239781,1.6094379124341003,2.8903717578961645,2.995732273553991,4.07753744390572,3.044522437723423,3.784189633918261,2.1972245773362196,1.6094379124341003,1.3862943611198906,1.3862943611198906,3.295836866004329,3.1354942159291497,2.833213344056216,1.0986122886681096
Cell_1739,600+ Year (Centenarian),600,Central Cambial Stem Cells (WOX4+),0.28938049384019615,5,37,32,14,12,12,8,27,29,34,20,1,7,4,28,26,21,10,3.6375861597263857,3.4965075614664802,2.70805020110221,2.5649493574615367,2.5649493574615367,2.1972245773362196,3.332204510175204,3.4011973816621555,3.5553480614894135,3.044522437723423,0.6931471805599453,2.0794415416798357,1.6094379124341003,3.367295829986474,3.295836866004329,3.091042453358316,2.3978952727983707
Cell_1740,600+ Year (Centenarian),600,Central Cambial Stem Cells (WOX4+),0.18520622608192702,5,50,38,6,1,20,9,25,14,56,23,3,1,2,14,25,13,3,3.9318256327243257,3.6635616461296463,1.9459101490553132,0.6931471805599453,3.044522437723423,2.302585092994046,3.258096538021482,2.70805020110221,4.04305126783455,3.1780538303479458,1.3862943611198906,0.6931471805599453,1.0986122886681096,2.70805020110221,3.258096538021482,2.639057329615259,1.3862943611198906
Cell_1741,600+ Year (Centenarian),600,Central Cambial Stem Cells (WOX4+),0.09591975330643276,8,37,20,12,0,13,5,34,25,33,21,2,2,2,30,19,17,5,3.6375861597263857,3.044522437723423,2.5649493574615367,0.0,2.639057329615259,1.791759469228055,3.5553480614894135,3.258096538021482,3.5263605246161616,3.091042453358316,1.0986122886681096,1.0986122886681096,1.0986122886681096,3.4339872044851463,2.995732273553991,2.8903717578961645,1.791759469228055
Cell_1742,600+ Year (Centenarian),600,Central Cambial Stem Cells (WOX4+),0.0379117150908851,5,40,33,10,7,15,11,25,29,32,19,7,1,2,16,30,11,8,3.713572066704308,3.5263605246161616,2.3978952727983707,2.0794415416798357,2.772588722239781,2.4849066497880004,3.258096538021482,3.4011973816621555,3.4965075614664802,2.995732273553991,2.0794415416798357,0.6931471805599453,1.0986122886681096,2.833213344056216,3.4339872044851463,2.4849066497880004,2.1972245773362196
Cell_1743,600+ Year (Centenarian),600,Central Cambial Stem Cells (WOX4+),0.3853319091051532,4,33,32,7,8,16,17,10,19,36,18,10,5,4,28,28,11,5,3.5263605246161616,3.4965075614664802,2.0794415416798357,2.1972245773362196,2.833213344056216,2.8903717578961645,2.3978952727983707,2.995732273553991,3.6109179126442243,2.9444389791664403,2.3978952727983707,1.791759469228055,1.6094379124341003,3.367295829986474,3.367295829986474,2.4849066497880004,1.791759469228055
Cell_1744,600+ Year (Centenarian),600,Central Cambial Stem Cells (WOX4+),0.7258039770441527,5,25,16,7,1,16,17,43,18,41,9,13,1,0,25,14,10,4,3.258096538021482,2.833213344056216,2.0794415416798357,0.6931471805599453,2.833213344056216,2.8903717578961645,3.784189633918261,2.9444389791664403,3.7376696182833684,2.302585092994046,2.639057329615259,0.6931471805599453,0.0,3.258096538021482,2.70805020110221,2.3978952727983707,1.6094379124341003
Cell_1745,600+ Year (Centenarian),600,Central Cambial Stem Cells (WOX4+),0.40078134114114494,7,15,20,14,2,12,7,22,17,33,11,10,6,1,4,23,9,3,2.772588722239781,3.044522437723423,2.70805020110221,1.0986122886681096,2.5649493574615367,2.0794415416798357,3.1354942159291497,2.8903717578961645,3.5263605246161616,2.4849066497880004,2.3978952727983707,1.9459101490553132,0.6931471805599453,1.6094379124341003,3.1780538303479458,2.302585092994046,1.3862943611198906
Cell_1746,600+ Year (Centenarian),600,Central Cambial Stem Cells (WOX4+),0.09970069550052053,3,33,21,8,5,13,10,27,14,49,12,1,2,0,13,24,23,4,3.5263605246161616,3.091042453358316,2.1972245773362196,1.791759469228055,2.639057329615259,2.3978952727983707,3.332204510175204,2.70805020110221,3.912023005428146,2.5649493574615367,0.6931471805599453,1.0986122886681096,0.0,2.639057329615259,3.2188758248682006,3.1780538303479458,1.6094379124341003
Cell_1747,600+ Year (Centenarian),600,Central Cambial Stem Cells (WOX4+),0.2162621313911253,1,44,44,16,2,17,9,30,21,49,9,12,2,3,28,34,12,10,3.8066624897703196,3.8066624897703196,2.833213344056216,1.0986122886681096,2.8903717578961645,2.302585092994046,3.4339872044851463,3.091042453358316,3.912023005428146,2.302585092994046,2.5649493574615367,1.0986122886681096,1.3862943611198906,3.367295829986474,3.5553480614894135,2.5649493574615367,2.3978952727983707
Cell_1748,600+ Year (Centenarian),600,Central Cambial Stem Cells (WOX4+),0.36118842067234636,7,24,13,12,4,21,10,28,28,36,25,2,0,6,19,54,29,12,3.2188758248682006,2.639057329615259,2.5649493574615367,1.6094379124341003,3.091042453358316,2.3978952727983707,3.367295829986474,3.367295829986474,3.6109179126442243,3.258096538021482,1.0986122886681096,0.0,1.9459101490553132,2.995732273553991,4.007333185232471,3.4011973816621555,2.5649493574615367
Cell_1749,600+ Year (Centenarian),600,Central Cambial Stem Cells (WOX4+),0.08250762794938714,1,25,40,21,4,13,5,41,18,43,14,2,3,2,25,25,8,2,3.258096538021482,3.713572066704308,3.091042453358316,1.6094379124341003,2.639057329615259,1.791759469228055,3.7376696182833684,2.9444389791664403,3.784189633918261,2.70805020110221,1.0986122886681096,1.3862943611198906,1.0986122886681096,3.258096538021482,3.258096538021482,2.1972245773362196,1.0986122886681096
Cell_1750,600+ Year (Centenarian),600,Central Cambial Stem Cells (WOX4+),0.21467665605965974,4,30,28,14,6,9,13,30,27,50,7,2,1,4,17,27,14,2,3.4339872044851463,3.367295829986474,2.70805020110221,1.9459101490553132,2.302585092994046,2.639057329615259,3.4339872044851463,3.332204510175204,3.9318256327243257,2.0794415416798357,1.0986122886681096,0.6931471805599453,1.6094379124341003,2.8903717578961645,3.332204510175204,2.70805020110221,1.0986122886681096
Cell_1751,600+ Year (Centenarian),600,Central Cambial Stem Cells (WOX4+),0.3475896774661014,4,28,32,12,12,11,12,41,27,26,13,3,0,6,21,23,11,4,3.367295829986474,3.4965075614664802,2.5649493574615367,2.5649493574615367,2.4849066497880004,2.5649493574615367,3.7376696182833684,3.332204510175204,3.295836866004329,2.639057329615259,1.3862943611198906,0.0,1.9459101490553132,3.091042453358316,3.1780538303479458,2.4849066497880004,1.6094379124341003
Cell_1752,600+ Year (Centenarian),600,Central Cambial Stem Cells (WOX4+),0.16983350903288158,6,44,38,12,2,19,22,26,24,35,15,4,2,1,40,25,9,7,3.8066624897703196,3.6635616461296463,2.5649493574615367,1.0986122886681096,2.995732273553991,3.1354942159291497,3.295836866004329,3.2188758248682006,3.58351893845611,2.772588722239781,1.6094379124341003,1.0986122886681096,0.6931471805599453,3.713572066704308,3.258096538021482,2.302585092994046,2.0794415416798357
Cell_1753,600+ Year (Centenarian),600,Central Cambial Stem Cells (WOX4+),0.10319623767560884,2,18,28,8,8,9,14,35,16,41,18,1,1,0,24,42,6,6,2.9444389791664403,3.367295829986474,2.1972245773362196,2.1972245773362196,2.302585092994046,2.70805020110221,3.58351893845611,2.833213344056216,3.7376696182833684,2.9444389791664403,0.6931471805599453,0.6931471805599453,0.0,3.2188758248682006,3.7612001156935624,1.9459101490553132,1.9459101490553132
Cell_1754,600+ Year (Centenarian),600,Central Cambial Stem Cells (WOX4+),0.3778879702952793,8,39,23,23,2,28,10,12,25,31,14,9,2,2,40,29,18,9,3.6888794541139363,3.1780538303479458,3.1780538303479458,1.0986122886681096,3.367295829986474,2.3978952727983707,2.5649493574615367,3.258096538021482,3.4657359027997265,2.70805020110221,2.302585092994046,1.0986122886681096,1.0986122886681096,3.713572066704308,3.4011973816621555,2.9444389791664403,2.302585092994046
Cell_1755,600+ Year (Centenarian),600,Central Cambial Stem Cells (WOX4+),0.055715946437318066,6,59,20,9,12,22,13,49,20,56,18,7,1,2,23,13,7,3,4.0943445622221,3.044522437723423,2.302585092994046,2.5649493574615367,3.1354942159291497,2.639057329615259,3.912023005428146,3.044522437723423,4.04305126783455,2.9444389791664403,2.0794415416798357,0.6931471805599453,1.0986122886681096,3.1780538303479458,2.639057329615259,2.0794415416798357,1.3862943611198906
Cell_1756,600+ Year (Centenarian),600,Central Cambial Stem Cells (WOX4+),0.06344741484817752,7,29,42,14,7,12,14,44,24,61,16,5,4,7,20,38,21,9,3.4011973816621555,3.7612001156935624,2.70805020110221,2.0794415416798357,2.5649493574615367,2.70805020110221,3.8066624897703196,3.2188758248682006,4.127134385045092,2.833213344056216,1.791759469228055,1.6094379124341003,2.0794415416798357,3.044522437723423,3.6635616461296463,3.091042453358316,2.302585092994046
Cell_1757,600+ Year (Centenarian),600,Central Cambial Stem Cells (WOX4+),0.3867087094626241,5,19,38,16,5,15,5,27,29,44,24,2,10,3,27,28,15,11,2.995732273553991,3.6635616461296463,2.833213344056216,1.791759469228055,2.772588722239781,1.791759469228055,3.332204510175204,3.4011973816621555,3.8066624897703196,3.2188758248682006,1.0986122886681096,2.3978952727983707,1.3862943611198906,3.332204510175204,3.367295829986474,2.772588722239781,2.4849066497880004
Cell_1758,600+ Year (Centenarian),600,Central Cambial Stem Cells (WOX4+),0.3009899153355569,8,39,34,13,15,22,17,48,11,40,12,6,0,0,30,35,11,2,3.6888794541139363,3.5553480614894135,2.639057329615259,2.772588722239781,3.1354942159291497,2.8903717578961645,3.8918202981106265,2.4849066497880004,3.713572066704308,2.5649493574615367,1.9459101490553132,0.0,0.0,3.4339872044851463,3.58351893845611,2.4849066497880004,1.0986122886681096
Cell_1759,600+ Year (Centenarian),600,Central Cambial Stem Cells (WOX4+),0.27909189911996996,3,38,17,11,7,18,6,19,23,24,17,3,0,2,33,39,13,3,3.6635616461296463,2.8903717578961645,2.4849066497880004,2.0794415416798357,2.9444389791664403,1.9459101490553132,2.995732273553991,3.1780538303479458,3.2188758248682006,2.8903717578961645,1.3862943611198906,0.0,1.0986122886681096,3.5263605246161616,3.6888794541139363,2.639057329615259,1.3862943611198906
Cell_1760,600+ Year (Centenarian),600,Central Cambial Stem Cells (WOX4+),0.013499841775214814,3,26,33,15,4,16,11,42,28,34,18,2,2,4,20,20,10,5,3.295836866004329,3.5263605246161616,2.772588722239781,1.6094379124341003,2.833213344056216,2.4849066497880004,3.7612001156935624,3.367295829986474,3.5553480614894135,2.9444389791664403,1.0986122886681096,1.0986122886681096,1.6094379124341003,3.044522437723423,3.044522437723423,2.3978952727983707,1.791759469228055
Cell_1761,600+ Year (Centenarian),600,Central Cambial Stem Cells (WOX4+),0.4255260984823412,5,56,25,10,5,19,14,18,30,56,29,2,2,0,27,17,27,4,4.04305126783455,3.258096538021482,2.3978952727983707,1.791759469228055,2.995732273553991,2.70805020110221,2.9444389791664403,3.4339872044851463,4.04305126783455,3.4011973816621555,1.0986122886681096,1.0986122886681096,0.0,3.332204510175204,2.8903717578961645,3.332204510175204,1.6094379124341003
Cell_1762,600+ Year (Centenarian),600,Central Cambial Stem Cells (WOX4+),0.23298100577209063,5,27,24,21,10,18,13,25,9,41,10,1,0,1,22,31,12,4,3.332204510175204,3.2188758248682006,3.091042453358316,2.3978952727983707,2.9444389791664403,2.639057329615259,3.258096538021482,2.302585092994046,3.7376696182833684,2.3978952727983707,0.6931471805599453,0.0,0.6931471805599453,3.1354942159291497,3.4657359027997265,2.5649493574615367,1.6094379124341003
Cell_1763,600+ Year (Centenarian),600,Central Cambial Stem Cells (WOX4+),0.05988311039729525,2,34,33,25,10,19,18,31,27,46,22,6,2,1,5,21,5,1,3.5553480614894135,3.5263605246161616,3.258096538021482,2.3978952727983707,2.995732273553991,2.9444389791664403,3.4657359027997265,3.332204510175204,3.8501476017100584,3.1354942159291497,1.9459101490553132,1.0986122886681096,0.6931471805599453,1.791759469228055,3.091042453358316,1.791759469228055,0.6931471805599453
Cell_1764,600+ Year (Centenarian),600,Central Cambial Stem Cells (WOX4+),0.34397408875981184,4,37,17,9,3,8,13,30,36,45,15,1,1,1,23,25,11,3,3.6375861597263857,2.8903717578961645,2.302585092994046,1.3862943611198906,2.1972245773362196,2.639057329615259,3.4339872044851463,3.6109179126442243,3.828641396489095,2.772588722239781,0.6931471805599453,0.6931471805599453,0.6931471805599453,3.1780538303479458,3.258096538021482,2.4849066497880004,1.3862943611198906
Cell_1765,600+ Year (Centenarian),600,Central Cambial Stem Cells (WOX4+),0.23003875891959805,3,43,16,5,3,18,14,27,17,41,15,5,6,1,24,20,16,3,3.784189633918261,2.833213344056216,1.791759469228055,1.3862943611198906,2.9444389791664403,2.70805020110221,3.332204510175204,2.8903717578961645,3.7376696182833684,2.772588722239781,1.791759469228055,1.9459101490553132,0.6931471805599453,3.2188758248682006,3.044522437723423,2.833213344056216,1.3862943611198906
Cell_1766,600+ Year (Centenarian),600,Central Cambial Stem Cells (WOX4+),0.05582193677965636,1,11,23,16,11,13,12,17,23,55,25,7,9,2,21,16,15,5,2.4849066497880004,3.1780538303479458,2.833213344056216,2.4849066497880004,2.639057329615259,2.5649493574615367,2.8903717578961645,3.1780538303479458,4.02535169073515,3.258096538021482,2.0794415416798357,2.302585092994046,1.0986122886681096,3.091042453358316,2.833213344056216,2.772588722239781,1.791759469228055
Cell_1767,600+ Year (Centenarian),600,Central Cambial Stem Cells (WOX4+),0.2911733154520195,6,51,28,7,4,12,6,37,14,17,17,4,0,1,20,28,10,3,3.9512437185814275,3.367295829986474,2.0794415416798357,1.6094379124341003,2.5649493574615367,1.9459101490553132,3.6375861597263857,2.70805020110221,2.8903717578961645,2.8903717578961645,1.6094379124341003,0.0,0.6931471805599453,3.044522437723423,3.367295829986474,2.3978952727983707,1.3862943611198906
Cell_1768,600+ Year (Centenarian),600,Central Cambial Stem Cells (WOX4+),0.02648908973015639,9,32,30,25,10,11,8,32,13,36,10,7,2,3,30,28,12,12,3.4965075614664802,3.4339872044851463,3.258096538021482,2.3978952727983707,2.4849066497880004,2.1972245773362196,3.4965075614664802,2.639057329615259,3.6109179126442243,2.3978952727983707,2.0794415416798357,1.0986122886681096,1.3862943611198906,3.4339872044851463,3.367295829986474,2.5649493574615367,2.5649493574615367
Cell_1769,600+ Year (Centenarian),600,Central Cambial Stem Cells (WOX4+),0.05476202853065574,5,26,25,15,5,21,5,20,24,16,13,6,3,1,17,15,4,6,3.295836866004329,3.258096538021482,2.772588722239781,1.791759469228055,3.091042453358316,1.791759469228055,3.044522437723423,3.2188758248682006,2.833213344056216,2.639057329615259,1.9459101490553132,1.3862943611198906,0.6931471805599453,2.8903717578961645,2.772588722239781,1.6094379124341003,1.9459101490553132
Cell_1770,600+ Year (Centenarian),600,Central Cambial Stem Cells (WOX4+),0.42623080178950334,7,31,39,10,9,17,14,29,21,34,26,1,2,3,41,24,14,10,3.4657359027997265,3.6888794541139363,2.3978952727983707,2.302585092994046,2.8903717578961645,2.70805020110221,3.4011973816621555,3.091042453358316,3.5553480614894135,3.295836866004329,0.6931471805599453,1.0986122886681096,1.3862943611198906,3.7376696182833684,3.2188758248682006,2.70805020110221,2.3978952727983707
Cell_1771,600+ Year (Centenarian),600,Central Cambial Stem Cells (WOX4+),0.15990442475843766,4,32,44,4,9,22,11,43,30,68,31,10,5,2,9,24,8,2,3.4965075614664802,3.8066624897703196,1.6094379124341003,2.302585092994046,3.1354942159291497,2.4849066497880004,3.784189633918261,3.4339872044851463,4.23410650459726,3.4657359027997265,2.3978952727983707,1.791759469228055,1.0986122886681096,2.302585092994046,3.2188758248682006,2.1972245773362196,1.0986122886681096
Cell_1772,600+ Year (Centenarian),600,Central Cambial Stem Cells (WOX4+),0.1679621823940692,3,51,13,6,2,19,6,38,26,42,7,1,13,1,18,27,16,7,3.9512437185814275,2.639057329615259,1.9459101490553132,1.0986122886681096,2.995732273553991,1.9459101490553132,3.6635616461296463,3.295836866004329,3.7612001156935624,2.0794415416798357,0.6931471805599453,2.639057329615259,0.6931471805599453,2.9444389791664403,3.332204510175204,2.833213344056216,2.0794415416798357
Cell_1773,600+ Year (Centenarian),600,Central Cambial Stem Cells (WOX4+),0.5544259705858212,7,49,18,14,5,22,10,19,24,49,14,2,1,3,18,29,8,8,3.912023005428146,2.9444389791664403,2.70805020110221,1.791759469228055,3.1354942159291497,2.3978952727983707,2.995732273553991,3.2188758248682006,3.912023005428146,2.70805020110221,1.0986122886681096,0.6931471805599453,1.3862943611198906,2.9444389791664403,3.4011973816621555,2.1972245773362196,2.1972245773362196
Cell_1774,600+ Year (Centenarian),600,Central Cambial Stem Cells (WOX4+),0.13546025761377553,11,35,40,6,4,5,10,11,30,54,32,3,0,1,24,11,12,1,3.58351893845611,3.713572066704308,1.9459101490553132,1.6094379124341003,1.791759469228055,2.3978952727983707,2.4849066497880004,3.4339872044851463,4.007333185232471,3.4965075614664802,1.3862943611198906,0.0,0.6931471805599453,3.2188758248682006,2.4849066497880004,2.5649493574615367,0.6931471805599453
Cell_1775,600+ Year (Centenarian),600,Central Cambial Stem Cells (WOX4+),0.0295517899748438,7,33,23,12,11,9,15,24,36,28,11,5,0,4,18,31,12,7,3.5263605246161616,3.1780538303479458,2.5649493574615367,2.4849066497880004,2.302585092994046,2.772588722239781,3.2188758248682006,3.6109179126442243,3.367295829986474,2.4849066497880004,1.791759469228055,0.0,1.6094379124341003,2.9444389791664403,3.4657359027997265,2.5649493574615367,2.0794415416798357
Cell_1776,600+ Year (Centenarian),600,Central Cambial Stem Cells (WOX4+),0.10556553189318678,4,28,41,5,2,16,9,30,19,33,13,4,7,5,20,36,12,6,3.367295829986474,3.7376696182833684,1.791759469228055,1.0986122886681096,2.833213344056216,2.302585092994046,3.4339872044851463,2.995732273553991,3.5263605246161616,2.639057329615259,1.6094379124341003,2.0794415416798357,1.791759469228055,3.044522437723423,3.6109179126442243,2.5649493574615367,1.9459101490553132
Cell_1777,600+ Year (Centenarian),600,Central Cambial Stem Cells (WOX4+),0.3973171262072465,6,31,32,7,4,12,18,26,9,33,26,2,3,0,20,32,16,8,3.4657359027997265,3.4965075614664802,2.0794415416798357,1.6094379124341003,2.5649493574615367,2.9444389791664403,3.295836866004329,2.302585092994046,3.5263605246161616,3.295836866004329,1.0986122886681096,1.3862943611198906,0.0,3.044522437723423,3.4965075614664802,2.833213344056216,2.1972245773362196
Cell_1778,600+ Year (Centenarian),600,Central Cambial Stem Cells (WOX4+),0.18802086675155127,9,57,26,9,6,7,9,24,31,30,17,9,3,2,37,11,8,10,4.060443010546419,3.295836866004329,2.302585092994046,1.9459101490553132,2.0794415416798357,2.302585092994046,3.2188758248682006,3.4657359027997265,3.4339872044851463,2.8903717578961645,2.302585092994046,1.3862943611198906,1.0986122886681096,3.6375861597263857,2.4849066497880004,2.1972245773362196,2.3978952727983707
Cell_1779,600+ Year (Centenarian),600,Central Cambial Stem Cells (WOX4+),0.37792233599964414,2,29,50,21,2,18,4,31,18,53,17,1,5,3,9,21,15,6,3.4011973816621555,3.9318256327243257,3.091042453358316,1.0986122886681096,2.9444389791664403,1.6094379124341003,3.4657359027997265,2.9444389791664403,3.9889840465642745,2.8903717578961645,0.6931471805599453,1.791759469228055,1.3862943611198906,2.302585092994046,3.091042453358316,2.772588722239781,1.9459101490553132
Cell_1780,600+ Year (Centenarian),600,Central Cambial Stem Cells (WOX4+),0.09111584561264474,4,36,28,12,1,12,19,25,43,65,21,1,5,0,32,14,28,7,3.6109179126442243,3.367295829986474,2.5649493574615367,0.6931471805599453,2.5649493574615367,2.995732273553991,3.258096538021482,3.784189633918261,4.189654742026425,3.091042453358316,0.6931471805599453,1.791759469228055,0.0,3.4965075614664802,2.70805020110221,3.367295829986474,2.0794415416798357
Cell_1781,600+ Year (Centenarian),600,Central Cambial Stem Cells (WOX4+),0.07630595101131461,4,52,9,8,6,11,7,29,43,56,27,3,11,4,31,36,17,8,3.970291913552122,2.302585092994046,2.1972245773362196,1.9459101490553132,2.4849066497880004,2.0794415416798357,3.4011973816621555,3.784189633918261,4.04305126783455,3.332204510175204,1.3862943611198906,2.4849066497880004,1.6094379124341003,3.4657359027997265,3.6109179126442243,2.8903717578961645,2.1972245773362196
Cell_1782,600+ Year (Centenarian),600,Central Cambial Stem Cells (WOX4+),0.03787611635469918,5,53,34,13,7,18,7,25,25,43,12,4,2,1,26,35,9,12,3.9889840465642745,3.5553480614894135,2.639057329615259,2.0794415416798357,2.9444389791664403,2.0794415416798357,3.258096538021482,3.258096538021482,3.784189633918261,2.5649493574615367,1.6094379124341003,1.0986122886681096,0.6931471805599453,3.295836866004329,3.58351893845611,2.302585092994046,2.5649493574615367
Cell_1783,600+ Year (Centenarian),600,Central Cambial Stem Cells (WOX4+),0.273089082759737,4,34,38,26,4,14,16,35,42,25,18,5,5,7,26,26,9,3,3.5553480614894135,3.6635616461296463,3.295836866004329,1.6094379124341003,2.70805020110221,2.833213344056216,3.58351893845611,3.7612001156935624,3.258096538021482,2.9444389791664403,1.791759469228055,1.791759469228055,2.0794415416798357,3.295836866004329,3.295836866004329,2.302585092994046,1.3862943611198906
Cell_1784,600+ Year (Centenarian),600,Central Cambial Stem Cells (WOX4+),0.05657172732229216,7,37,17,10,3,10,15,25,18,35,24,1,3,1,17,30,22,4,3.6375861597263857,2.8903717578961645,2.3978952727983707,1.3862943611198906,2.3978952727983707,2.772588722239781,3.258096538021482,2.9444389791664403,3.58351893845611,3.2188758248682006,0.6931471805599453,1.3862943611198906,0.6931471805599453,2.8903717578961645,3.4339872044851463,3.1354942159291497,1.6094379124341003
Cell_1785,600+ Year (Centenarian),600,Central Cambial Stem Cells (WOX4+),0.2935740901906938,2,23,48,9,13,11,14,28,46,43,16,3,1,3,17,34,10,6,3.1780538303479458,3.8918202981106265,2.302585092994046,2.639057329615259,2.4849066497880004,2.70805020110221,3.367295829986474,3.8501476017100584,3.784189633918261,2.833213344056216,1.3862943611198906,0.6931471805599453,1.3862943611198906,2.8903717578961645,3.5553480614894135,2.3978952727983707,1.9459101490553132
Cell_1786,600+ Year (Centenarian),600,Central Cambial Stem Cells (WOX4+),0.29826709985327976,3,29,23,9,8,21,3,41,20,64,16,6,2,1,30,9,9,5,3.4011973816621555,3.1780538303479458,2.302585092994046,2.1972245773362196,3.091042453358316,1.3862943611198906,3.7376696182833684,3.044522437723423,4.174387269895637,2.833213344056216,1.9459101490553132,1.0986122886681096,0.6931471805599453,3.4339872044851463,2.302585092994046,2.302585092994046,1.791759469228055
Cell_1787,600+ Year (Centenarian),600,Central Cambial Stem Cells (WOX4+),0.07563378634395695,6,22,19,11,7,8,12,24,11,35,12,6,5,0,17,13,13,2,3.1354942159291497,2.995732273553991,2.4849066497880004,2.0794415416798357,2.1972245773362196,2.5649493574615367,3.2188758248682006,2.4849066497880004,3.58351893845611,2.5649493574615367,1.9459101490553132,1.791759469228055,0.0,2.8903717578961645,2.639057329615259,2.639057329615259,1.0986122886681096
Cell_1788,600+ Year (Centenarian),600,Central Cambial Stem Cells (WOX4+),0.3331841573534308,4,33,20,12,11,7,5,29,46,38,9,5,0,5,21,28,16,5,3.5263605246161616,3.044522437723423,2.5649493574615367,2.4849066497880004,2.0794415416798357,1.791759469228055,3.4011973816621555,3.8501476017100584,3.6635616461296463,2.302585092994046,1.791759469228055,0.0,1.791759469228055,3.091042453358316,3.367295829986474,2.833213344056216,1.791759469228055
Cell_1789,600+ Year (Centenarian),600,Central Cambial Stem Cells (WOX4+),0.11914442870630851,6,19,42,13,9,16,11,26,24,48,23,4,7,1,12,29,6,6,2.995732273553991,3.7612001156935624,2.639057329615259,2.302585092994046,2.833213344056216,2.4849066497880004,3.295836866004329,3.2188758248682006,3.8918202981106265,3.1780538303479458,1.6094379124341003,2.0794415416798357,0.6931471805599453,2.5649493574615367,3.4011973816621555,1.9459101490553132,1.9459101490553132
Cell_1790,600+ Year (Centenarian),600,Central Cambial Stem Cells (WOX4+),0.23615018144336725,2,30,48,17,9,16,10,43,33,37,16,5,6,5,26,15,14,1,3.4339872044851463,3.8918202981106265,2.8903717578961645,2.302585092994046,2.833213344056216,2.3978952727983707,3.784189633918261,3.5263605246161616,3.6375861597263857,2.833213344056216,1.791759469228055,1.9459101490553132,1.791759469228055,3.295836866004329,2.772588722239781,2.70805020110221,0.6931471805599453
Cell_1791,600+ Year (Centenarian),600,Central Cambial Stem Cells (WOX4+),0.31572096047742004,3,25,38,9,3,14,10,21,18,31,17,3,3,4,9,30,11,3,3.258096538021482,3.6635616461296463,2.302585092994046,1.3862943611198906,2.70805020110221,2.3978952727983707,3.091042453358316,2.9444389791664403,3.4657359027997265,2.8903717578961645,1.3862943611198906,1.3862943611198906,1.6094379124341003,2.302585092994046,3.4339872044851463,2.4849066497880004,1.3862943611198906
Cell_1792,600+ Year (Centenarian),600,Central Cambial Stem Cells (WOX4+),0.2419566967206517,11,35,20,10,7,11,9,27,18,46,10,10,5,2,28,15,17,3,3.58351893845611,3.044522437723423,2.3978952727983707,2.0794415416798357,2.4849066497880004,2.302585092994046,3.332204510175204,2.9444389791664403,3.8501476017100584,2.3978952727983707,2.3978952727983707,1.791759469228055,1.0986122886681096,3.367295829986474,2.772588722239781,2.8903717578961645,1.3862943611198906
Cell_1793,600+ Year (Centenarian),600,Central Cambial Stem Cells (WOX4+),0.4874455326052436,5,29,13,14,4,9,10,36,29,38,14,1,2,2,25,43,18,2,3.4011973816621555,2.639057329615259,2.70805020110221,1.6094379124341003,2.302585092994046,2.3978952727983707,3.6109179126442243,3.4011973816621555,3.6635616461296463,2.70805020110221,0.6931471805599453,1.0986122886681096,1.0986122886681096,3.258096538021482,3.784189633918261,2.9444389791664403,1.0986122886681096
Cell_1794,600+ Year (Centenarian),600,Central Cambial Stem Cells (WOX4+),0.3345942698367611,8,32,11,10,4,15,9,24,16,48,40,5,8,1,23,17,7,6,3.4965075614664802,2.4849066497880004,2.3978952727983707,1.6094379124341003,2.772588722239781,2.302585092994046,3.2188758248682006,2.833213344056216,3.8918202981106265,3.713572066704308,1.791759469228055,2.1972245773362196,0.6931471805599453,3.1780538303479458,2.8903717578961645,2.0794415416798357,1.9459101490553132
Cell_1795,600+ Year (Centenarian),600,Central Cambial Stem Cells (WOX4+),0.45023061104793816,4,39,19,12,5,11,12,47,18,37,34,2,2,0,17,21,7,12,3.6888794541139363,2.995732273553991,2.5649493574615367,1.791759469228055,2.4849066497880004,2.5649493574615367,3.8712010109078907,2.9444389791664403,3.6375861597263857,3.5553480614894135,1.0986122886681096,1.0986122886681096,0.0,2.8903717578961645,3.091042453358316,2.0794415416798357,2.5649493574615367
Cell_1796,600+ Year (Centenarian),600,Central Cambial Stem Cells (WOX4+),0.5006434819075671,7,44,4,17,7,19,23,34,11,36,12,3,0,4,32,23,12,13,3.8066624897703196,1.6094379124341003,2.8903717578961645,2.0794415416798357,2.995732273553991,3.1780538303479458,3.5553480614894135,2.4849066497880004,3.6109179126442243,2.5649493574615367,1.3862943611198906,0.0,1.6094379124341003,3.4965075614664802,3.1780538303479458,2.5649493574615367,2.639057329615259
Cell_1797,600+ Year (Centenarian),600,Central Cambial Stem Cells (WOX4+),0.10801752726524348,5,16,29,9,2,16,9,26,22,37,12,1,4,0,20,20,17,5,2.833213344056216,3.4011973816621555,2.302585092994046,1.0986122886681096,2.833213344056216,2.302585092994046,3.295836866004329,3.1354942159291497,3.6375861597263857,2.5649493574615367,0.6931471805599453,1.6094379124341003,0.0,3.044522437723423,3.044522437723423,2.8903717578961645,1.791759469228055
Cell_1798,600+ Year (Centenarian),600,Central Cambial Stem Cells (WOX4+),0.3628044784334075,4,20,29,3,5,16,5,22,19,52,25,2,4,4,32,22,7,4,3.044522437723423,3.4011973816621555,1.3862943611198906,1.791759469228055,2.833213344056216,1.791759469228055,3.1354942159291497,2.995732273553991,3.970291913552122,3.258096538021482,1.0986122886681096,1.6094379124341003,1.6094379124341003,3.4965075614664802,3.1354942159291497,2.0794415416798357,1.6094379124341003
Cell_1799,600+ Year (Centenarian),600,Central Cambial Stem Cells (WOX4+),0.14881951981385821,3,29,27,18,2,22,7,30,36,35,25,3,1,9,11,20,15,14,3.4011973816621555,3.332204510175204,2.9444389791664403,1.0986122886681096,3.1354942159291497,2.0794415416798357,3.4339872044851463,3.6109179126442243,3.58351893845611,3.258096538021482,1.3862943611198906,0.6931471805599453,2.302585092994046,2.4849066497880004,3.044522437723423,2.772588722239781,2.70805020110221
Cell_1800,600+ Year (Centenarian),600,Central Cambial Stem Cells (WOX4+),0.20721219915571892,6,38,46,11,6,7,8,29,16,25,27,11,0,4,31,26,14,4,3.6635616461296463,3.8501476017100584,2.4849066497880004,1.9459101490553132,2.0794415416798357,2.1972245773362196,3.4011973816621555,2.833213344056216,3.258096538021482,3.332204510175204,2.4849066497880004,0.0,1.6094379124341003,3.4657359027997265,3.295836866004329,2.70805020110221,1.6094379124341003
Cell_1801,600+ Year (Centenarian),600,Developing Secondary Xylem (VND6/7+),0.3236341249471046,49,4,0,0,0,0,1,17,33,51,18,5,1,4,1,9,19,5,1.6094379124341003,0.0,0.0,0.0,0.0,0.6931471805599453,2.8903717578961645,3.5263605246161616,3.9512437185814275,2.9444389791664403,1.791759469228055,0.6931471805599453,1.6094379124341003,0.6931471805599453,2.302585092994046,2.995732273553991,1.791759469228055
Cell_1802,600+ Year (Centenarian),600,Developing Secondary Xylem (VND6/7+),0.9880221883885808,55,2,2,0,0,0,1,32,12,55,6,1,4,0,2,5,14,4,1.0986122886681096,1.0986122886681096,0.0,0.0,0.0,0.6931471805599453,3.4965075614664802,2.5649493574615367,4.02535169073515,1.9459101490553132,0.6931471805599453,1.6094379124341003,0.0,1.0986122886681096,1.791759469228055,2.70805020110221,1.6094379124341003
Cell_1803,600+ Year (Centenarian),600,Developing Secondary Xylem (VND6/7+),0.5750364730754046,38,1,7,1,0,2,1,27,37,60,13,4,2,7,0,6,12,4,0.6931471805599453,2.0794415416798357,0.6931471805599453,0.0,1.0986122886681096,0.6931471805599453,3.332204510175204,3.6375861597263857,4.110873864173311,2.639057329615259,1.6094379124341003,1.0986122886681096,2.0794415416798357,0.0,1.9459101490553132,2.5649493574615367,1.6094379124341003
Cell_1804,600+ Year (Centenarian),600,Developing Secondary Xylem (VND6/7+),0.4522071467740066,53,0,1,3,0,1,0,60,15,37,23,5,1,1,1,12,14,1,0.0,0.6931471805599453,1.3862943611198906,0.0,0.6931471805599453,0.0,4.110873864173311,2.772588722239781,3.6375861597263857,3.1780538303479458,1.791759469228055,0.6931471805599453,0.6931471805599453,0.6931471805599453,2.5649493574615367,2.70805020110221,0.6931471805599453
Cell_1805,600+ Year (Centenarian),600,Developing Secondary Xylem (VND6/7+),0.7399082354032231,43,1,1,0,0,0,1,22,30,42,18,0,0,2,1,4,7,4,0.6931471805599453,0.6931471805599453,0.0,0.0,0.0,0.6931471805599453,3.1354942159291497,3.4339872044851463,3.7612001156935624,2.9444389791664403,0.0,0.0,1.0986122886681096,0.6931471805599453,1.6094379124341003,2.0794415416798357,1.6094379124341003
Cell_1806,600+ Year (Centenarian),600,Developing Secondary Xylem (VND6/7+),0.6931568135473581,59,3,1,0,0,2,1,29,29,47,12,5,1,5,4,5,16,6,1.3862943611198906,0.6931471805599453,0.0,0.0,1.0986122886681096,0.6931471805599453,3.4011973816621555,3.4011973816621555,3.8712010109078907,2.5649493574615367,1.791759469228055,0.6931471805599453,1.791759469228055,1.6094379124341003,1.791759469228055,2.833213344056216,1.9459101490553132
Cell_1807,600+ Year (Centenarian),600,Developing Secondary Xylem (VND6/7+),0.8081990448575409,54,0,2,0,0,1,0,31,24,32,14,2,3,1,0,10,4,2,0.0,1.0986122886681096,0.0,0.0,0.6931471805599453,0.0,3.4657359027997265,3.2188758248682006,3.4965075614664802,2.70805020110221,1.0986122886681096,1.3862943611198906,0.6931471805599453,0.0,2.3978952727983707,1.6094379124341003,1.0986122886681096
Cell_1808,600+ Year (Centenarian),600,Developing Secondary Xylem (VND6/7+),0.5199758385720412,55,1,1,0,1,2,3,16,24,32,23,2,2,2,0,12,9,5,0.6931471805599453,0.6931471805599453,0.0,0.6931471805599453,1.0986122886681096,1.3862943611198906,2.833213344056216,3.2188758248682006,3.4965075614664802,3.1780538303479458,1.0986122886681096,1.0986122886681096,1.0986122886681096,0.0,2.5649493574615367,2.302585092994046,1.791759469228055
Cell_1809,600+ Year (Centenarian),600,Developing Secondary Xylem (VND6/7+),0.7363423113239387,50,1,3,1,0,0,0,33,26,43,12,1,3,3,3,15,8,2,0.6931471805599453,1.3862943611198906,0.6931471805599453,0.0,0.0,0.0,3.5263605246161616,3.295836866004329,3.784189633918261,2.5649493574615367,0.6931471805599453,1.3862943611198906,1.3862943611198906,1.3862943611198906,2.772588722239781,2.1972245773362196,1.0986122886681096
Cell_1810,600+ Year (Centenarian),600,Developing Secondary Xylem (VND6/7+),0.6967444759710224,38,1,7,1,0,3,0,25,11,34,7,7,2,2,0,6,12,2,0.6931471805599453,2.0794415416798357,0.6931471805599453,0.0,1.3862943611198906,0.0,3.258096538021482,2.4849066497880004,3.5553480614894135,2.0794415416798357,2.0794415416798357,1.0986122886681096,1.0986122886681096,0.0,1.9459101490553132,2.5649493574615367,1.0986122886681096
Cell_1811,600+ Year (Centenarian),600,Developing Secondary Xylem (VND6/7+),0.6311579735381097,50,2,6,0,0,0,2,22,24,34,9,5,0,3,6,9,11,2,1.0986122886681096,1.9459101490553132,0.0,0.0,0.0,1.0986122886681096,3.1354942159291497,3.2188758248682006,3.5553480614894135,2.302585092994046,1.791759469228055,0.0,1.3862943611198906,1.9459101490553132,2.302585092994046,2.4849066497880004,1.0986122886681096
Cell_1812,600+ Year (Centenarian),600,Developing Secondary Xylem (VND6/7+),0.36264113270589743,53,0,5,0,0,1,0,22,15,39,11,3,2,1,1,9,10,3,0.0,1.791759469228055,0.0,0.0,0.6931471805599453,0.0,3.1354942159291497,2.772588722239781,3.6888794541139363,2.4849066497880004,1.3862943611198906,1.0986122886681096,0.6931471805599453,0.6931471805599453,2.302585092994046,2.3978952727983707,1.3862943611198906
Cell_1813,600+ Year (Centenarian),600,Developing Secondary Xylem (VND6/7+),0.6355804654503012,47,3,1,0,0,0,2,39,23,62,8,1,1,0,0,3,13,7,1.3862943611198906,0.6931471805599453,0.0,0.0,0.0,1.0986122886681096,3.6888794541139363,3.1780538303479458,4.143134726391533,2.1972245773362196,0.6931471805599453,0.6931471805599453,0.0,0.0,1.3862943611198906,2.639057329615259,2.0794415416798357
Cell_1814,600+ Year (Centenarian),600,Developing Secondary Xylem (VND6/7+),0.11741489928477412,49,3,7,1,0,0,1,40,37,35,10,0,1,0,0,14,12,3,1.3862943611198906,2.0794415416798357,0.6931471805599453,0.0,0.0,0.6931471805599453,3.713572066704308,3.6375861597263857,3.58351893845611,2.3978952727983707,0.0,0.6931471805599453,0.0,0.0,2.70805020110221,2.5649493574615367,1.3862943611198906
Cell_1815,600+ Year (Centenarian),600,Developing Secondary Xylem (VND6/7+),0.46037665130560523,52,5,4,1,0,2,0,18,31,80,20,4,1,4,0,6,17,8,1.791759469228055,1.6094379124341003,0.6931471805599453,0.0,1.0986122886681096,0.0,2.9444389791664403,3.4657359027997265,4.394449154672439,3.044522437723423,1.6094379124341003,0.6931471805599453,1.6094379124341003,0.0,1.9459101490553132,2.8903717578961645,2.1972245773362196
Cell_1816,600+ Year (Centenarian),600,Developing Secondary Xylem (VND6/7+),0.7689111456182077,47,1,3,0,2,3,3,44,29,59,15,5,3,4,1,2,8,5,0.6931471805599453,1.3862943611198906,0.0,1.0986122886681096,1.3862943611198906,1.3862943611198906,3.8066624897703196,3.4011973816621555,4.0943445622221,2.772588722239781,1.791759469228055,1.3862943611198906,1.6094379124341003,0.6931471805599453,1.0986122886681096,2.1972245773362196,1.791759469228055
Cell_1817,600+ Year (Centenarian),600,Developing Secondary Xylem (VND6/7+),0.5152100434349658,54,1,1,0,0,0,0,36,23,50,22,8,10,1,0,4,8,12,0.6931471805599453,0.6931471805599453,0.0,0.0,0.0,0.0,3.6109179126442243,3.1780538303479458,3.9318256327243257,3.1354942159291497,2.1972245773362196,2.3978952727983707,0.6931471805599453,0.0,1.6094379124341003,2.1972245773362196,2.5649493574615367
Cell_1818,600+ Year (Centenarian),600,Developing Secondary Xylem (VND6/7+),0.3207662993099493,52,5,3,0,0,2,2,59,18,38,14,3,3,9,0,3,12,4,1.791759469228055,1.3862943611198906,0.0,0.0,1.0986122886681096,1.0986122886681096,4.0943445622221,2.9444389791664403,3.6635616461296463,2.70805020110221,1.3862943611198906,1.3862943611198906,2.302585092994046,0.0,1.3862943611198906,2.5649493574615367,1.6094379124341003
Cell_1819,600+ Year (Centenarian),600,Developing Secondary Xylem (VND6/7+),0.5378492689094823,34,2,4,1,0,1,0,25,15,44,8,8,6,2,0,8,11,10,1.0986122886681096,1.6094379124341003,0.6931471805599453,0.0,0.6931471805599453,0.0,3.258096538021482,2.772588722239781,3.8066624897703196,2.1972245773362196,2.1972245773362196,1.9459101490553132,1.0986122886681096,0.0,2.1972245773362196,2.4849066497880004,2.3978952727983707
Cell_1820,600+ Year (Centenarian),600,Developing Secondary Xylem (VND6/7+),0.9658121434945803,42,4,3,0,0,1,2,38,26,33,26,3,3,2,1,9,16,5,1.6094379124341003,1.3862943611198906,0.0,0.0,0.6931471805599453,1.0986122886681096,3.6635616461296463,3.295836866004329,3.5263605246161616,3.295836866004329,1.3862943611198906,1.3862943611198906,1.0986122886681096,0.6931471805599453,2.302585092994046,2.833213344056216,1.791759469228055
Cell_1821,600+ Year (Centenarian),600,Developing Secondary Xylem (VND6/7+),0.7723593910834043,51,1,1,0,0,0,2,34,21,45,23,1,2,1,0,12,5,9,0.6931471805599453,0.6931471805599453,0.0,0.0,0.0,1.0986122886681096,3.5553480614894135,3.091042453358316,3.828641396489095,3.1780538303479458,0.6931471805599453,1.0986122886681096,0.6931471805599453,0.0,2.5649493574615367,1.791759469228055,2.302585092994046
Cell_1822,600+ Year (Centenarian),600,Developing Secondary Xylem (VND6/7+),0.9217286245684192,42,1,3,0,0,2,0,30,20,28,24,6,1,5,2,17,8,5,0.6931471805599453,1.3862943611198906,0.0,0.0,1.0986122886681096,0.0,3.4339872044851463,3.044522437723423,3.367295829986474,3.2188758248682006,1.9459101490553132,0.6931471805599453,1.791759469228055,1.0986122886681096,2.8903717578961645,2.1972245773362196,1.791759469228055
Cell_1823,600+ Year (Centenarian),600,Developing Secondary Xylem (VND6/7+),0.6015891525109605,37,0,4,0,0,0,2,35,28,47,25,5,2,3,3,8,19,11,0.0,1.6094379124341003,0.0,0.0,0.0,1.0986122886681096,3.58351893845611,3.367295829986474,3.8712010109078907,3.258096538021482,1.791759469228055,1.0986122886681096,1.3862943611198906,1.3862943611198906,2.1972245773362196,2.995732273553991,2.4849066497880004
Cell_1824,600+ Year (Centenarian),600,Developing Secondary Xylem (VND6/7+),0.4150175580123883,53,1,6,0,0,0,1,30,20,47,13,6,6,3,0,1,19,0,0.6931471805599453,1.9459101490553132,0.0,0.0,0.0,0.6931471805599453,3.4339872044851463,3.044522437723423,3.8712010109078907,2.639057329615259,1.9459101490553132,1.9459101490553132,1.3862943611198906,0.0,0.6931471805599453,2.995732273553991,0.0
Cell_1825,600+ Year (Centenarian),600,Developing Secondary Xylem (VND6/7+),0.6839729383145244,56,1,2,0,1,0,1,32,28,40,17,3,2,1,0,3,3,7,0.6931471805599453,1.0986122886681096,0.0,0.6931471805599453,0.0,0.6931471805599453,3.4965075614664802,3.367295829986474,3.713572066704308,2.8903717578961645,1.3862943611198906,1.0986122886681096,0.6931471805599453,0.0,1.3862943611198906,1.3862943611198906,2.0794415416798357
Cell_1826,600+ Year (Centenarian),600,Developing Secondary Xylem (VND6/7+),0.9129963617823843,44,2,3,1,0,4,0,25,19,22,16,7,3,6,1,8,8,9,1.0986122886681096,1.3862943611198906,0.6931471805599453,0.0,1.6094379124341003,0.0,3.258096538021482,2.995732273553991,3.1354942159291497,2.833213344056216,2.0794415416798357,1.3862943611198906,1.9459101490553132,0.6931471805599453,2.1972245773362196,2.1972245773362196,2.302585092994046
Cell_1827,600+ Year (Centenarian),600,Developing Secondary Xylem (VND6/7+),0.6360696737781972,53,1,0,0,0,1,1,25,41,26,11,2,4,0,1,14,10,5,0.6931471805599453,0.0,0.0,0.0,0.6931471805599453,0.6931471805599453,3.258096538021482,3.7376696182833684,3.295836866004329,2.4849066497880004,1.0986122886681096,1.6094379124341003,0.0,0.6931471805599453,2.70805020110221,2.3978952727983707,1.791759469228055
Cell_1828,600+ Year (Centenarian),600,Developing Secondary Xylem (VND6/7+),0.7765103211883427,51,4,3,0,1,0,0,41,10,47,12,5,3,10,2,10,7,2,1.6094379124341003,1.3862943611198906,0.0,0.6931471805599453,0.0,0.0,3.7376696182833684,2.3978952727983707,3.8712010109078907,2.5649493574615367,1.791759469228055,1.3862943611198906,2.3978952727983707,1.0986122886681096,2.3978952727983707,2.0794415416798357,1.0986122886681096
Cell_1829,600+ Year (Centenarian),600,Developing Secondary Xylem (VND6/7+),0.1993786422029277,56,4,0,0,0,1,0,16,15,26,24,6,3,3,1,6,16,7,1.6094379124341003,0.0,0.0,0.0,0.6931471805599453,0.0,2.833213344056216,2.772588722239781,3.295836866004329,3.2188758248682006,1.9459101490553132,1.3862943611198906,1.3862943611198906,0.6931471805599453,1.9459101490553132,2.833213344056216,2.0794415416798357
Cell_1830,600+ Year (Centenarian),600,Developing Secondary Xylem (VND6/7+),0.6621259623766241,39,2,1,0,0,1,0,48,19,59,16,0,7,1,3,10,11,9,1.0986122886681096,0.6931471805599453,0.0,0.0,0.6931471805599453,0.0,3.8918202981106265,2.995732273553991,4.0943445622221,2.833213344056216,0.0,2.0794415416798357,0.6931471805599453,1.3862943611198906,2.3978952727983707,2.4849066497880004,2.302585092994046
Cell_1831,600+ Year (Centenarian),600,Developing Secondary Xylem (VND6/7+),0.5147192269993588,51,0,2,0,0,0,0,26,36,46,15,4,4,2,1,6,13,8,0.0,1.0986122886681096,0.0,0.0,0.0,0.0,3.295836866004329,3.6109179126442243,3.8501476017100584,2.772588722239781,1.6094379124341003,1.6094379124341003,1.0986122886681096,0.6931471805599453,1.9459101490553132,2.639057329615259,2.1972245773362196
Cell_1832,600+ Year (Centenarian),600,Developing Secondary Xylem (VND6/7+),0.7032538103345713,54,3,3,0,1,6,2,7,19,41,8,2,1,2,4,4,10,9,1.3862943611198906,1.3862943611198906,0.0,0.6931471805599453,1.9459101490553132,1.0986122886681096,2.0794415416798357,2.995732273553991,3.7376696182833684,2.1972245773362196,1.0986122886681096,0.6931471805599453,1.0986122886681096,1.6094379124341003,1.6094379124341003,2.3978952727983707,2.302585092994046
Cell_1833,600+ Year (Centenarian),600,Developing Secondary Xylem (VND6/7+),0.7561503645218182,53,4,0,1,0,2,0,24,26,32,21,4,1,2,4,2,8,10,1.6094379124341003,0.0,0.6931471805599453,0.0,1.0986122886681096,0.0,3.2188758248682006,3.295836866004329,3.4965075614664802,3.091042453358316,1.6094379124341003,0.6931471805599453,1.0986122886681096,1.6094379124341003,1.0986122886681096,2.1972245773362196,2.3978952727983707
Cell_1834,600+ Year (Centenarian),600,Developing Secondary Xylem (VND6/7+),0.744047076991956,46,2,3,0,0,1,3,46,21,31,23,3,4,1,1,14,10,8,1.0986122886681096,1.3862943611198906,0.0,0.0,0.6931471805599453,1.3862943611198906,3.8501476017100584,3.091042453358316,3.4657359027997265,3.1780538303479458,1.3862943611198906,1.6094379124341003,0.6931471805599453,0.6931471805599453,2.70805020110221,2.3978952727983707,2.1972245773362196
Cell_1835,600+ Year (Centenarian),600,Developing Secondary Xylem (VND6/7+),0.6199587501603487,44,1,3,0,0,1,4,35,21,25,25,8,4,2,2,5,10,0,0.6931471805599453,1.3862943611198906,0.0,0.0,0.6931471805599453,1.6094379124341003,3.58351893845611,3.091042453358316,3.258096538021482,3.258096538021482,2.1972245773362196,1.6094379124341003,1.0986122886681096,1.0986122886681096,1.791759469228055,2.3978952727983707,0.0
Cell_1836,600+ Year (Centenarian),600,Developing Secondary Xylem (VND6/7+),0.9492536582067148,51,1,7,0,0,2,2,32,26,44,19,2,1,3,0,3,15,7,0.6931471805599453,2.0794415416798357,0.0,0.0,1.0986122886681096,1.0986122886681096,3.4965075614664802,3.295836866004329,3.8066624897703196,2.995732273553991,1.0986122886681096,0.6931471805599453,1.3862943611198906,0.0,1.3862943611198906,2.772588722239781,2.0794415416798357
Cell_1837,600+ Year (Centenarian),600,Developing Secondary Xylem (VND6/7+),0.7082326527201295,72,3,7,0,0,2,3,30,29,49,30,9,4,3,4,0,7,10,1.3862943611198906,2.0794415416798357,0.0,0.0,1.0986122886681096,1.3862943611198906,3.4339872044851463,3.4011973816621555,3.912023005428146,3.4339872044851463,2.302585092994046,1.6094379124341003,1.3862943611198906,1.6094379124341003,0.0,2.0794415416798357,2.3978952727983707
Cell_1838,600+ Year (Centenarian),600,Developing Secondary Xylem (VND6/7+),0.8465095492312883,50,0,1,0,1,1,0,28,23,43,18,1,2,6,1,7,8,3,0.0,0.6931471805599453,0.0,0.6931471805599453,0.6931471805599453,0.0,3.367295829986474,3.1780538303479458,3.784189633918261,2.9444389791664403,0.6931471805599453,1.0986122886681096,1.9459101490553132,0.6931471805599453,2.0794415416798357,2.1972245773362196,1.3862943611198906
Cell_1839,600+ Year (Centenarian),600,Developing Secondary Xylem (VND6/7+),0.8896844476007152,58,8,5,0,0,0,3,30,35,42,14,0,2,2,0,5,19,5,2.1972245773362196,1.791759469228055,0.0,0.0,0.0,1.3862943611198906,3.4339872044851463,3.58351893845611,3.7612001156935624,2.70805020110221,0.0,1.0986122886681096,1.0986122886681096,0.0,1.791759469228055,2.995732273553991,1.791759469228055
Cell_1840,600+ Year (Centenarian),600,Developing Secondary Xylem (VND6/7+),0.586843053696946,49,1,3,0,0,3,3,73,23,55,32,3,3,0,5,14,24,6,0.6931471805599453,1.3862943611198906,0.0,0.0,1.3862943611198906,1.3862943611198906,4.304065093204169,3.1780538303479458,4.02535169073515,3.4965075614664802,1.3862943611198906,1.3862943611198906,0.0,1.791759469228055,2.70805020110221,3.2188758248682006,1.9459101490553132
Cell_1841,600+ Year (Centenarian),600,Developing Secondary Xylem (VND6/7+),0.44091897598272617,40,6,3,0,0,0,0,23,36,67,18,11,4,6,0,4,14,7,1.9459101490553132,1.3862943611198906,0.0,0.0,0.0,0.0,3.1780538303479458,3.6109179126442243,4.219507705176107,2.9444389791664403,2.4849066497880004,1.6094379124341003,1.9459101490553132,0.0,1.6094379124341003,2.70805020110221,2.0794415416798357
Cell_1842,600+ Year (Centenarian),600,Developing Secondary Xylem (VND6/7+),0.6321982004817281,49,0,2,0,0,6,0,29,33,23,19,2,4,2,3,13,17,7,0.0,1.0986122886681096,0.0,0.0,1.9459101490553132,0.0,3.4011973816621555,3.5263605246161616,3.1780538303479458,2.995732273553991,1.0986122886681096,1.6094379124341003,1.0986122886681096,1.3862943611198906,2.639057329615259,2.8903717578961645,2.0794415416798357
Cell_1843,600+ Year (Centenarian),600,Developing Secondary Xylem (VND6/7+),0.5509966635382333,40,0,4,0,0,1,0,26,17,46,14,5,2,0,0,4,13,6,0.0,1.6094379124341003,0.0,0.0,0.6931471805599453,0.0,3.295836866004329,2.8903717578961645,3.8501476017100584,2.70805020110221,1.791759469228055,1.0986122886681096,0.0,0.0,1.6094379124341003,2.639057329615259,1.9459101490553132
Cell_1844,600+ Year (Centenarian),600,Developing Secondary Xylem (VND6/7+),0.9319540993607398,32,1,7,1,1,2,0,48,32,40,16,8,1,2,2,7,21,3,0.6931471805599453,2.0794415416798357,0.6931471805599453,0.6931471805599453,1.0986122886681096,0.0,3.8918202981106265,3.4965075614664802,3.713572066704308,2.833213344056216,2.1972245773362196,0.6931471805599453,1.0986122886681096,1.0986122886681096,2.0794415416798357,3.091042453358316,1.3862943611198906
Cell_1845,600+ Year (Centenarian),600,Developing Secondary Xylem (VND6/7+),0.6348332305192613,48,1,6,0,0,0,0,28,25,50,22,4,2,8,0,18,13,5,0.6931471805599453,1.9459101490553132,0.0,0.0,0.0,0.0,3.367295829986474,3.258096538021482,3.9318256327243257,3.1354942159291497,1.6094379124341003,1.0986122886681096,2.1972245773362196,0.0,2.9444389791664403,2.639057329615259,1.791759469228055
Cell_1846,600+ Year (Centenarian),600,Developing Secondary Xylem (VND6/7+),0.7757636410363651,39,4,1,0,0,2,2,36,19,41,11,2,3,1,0,14,11,7,1.6094379124341003,0.6931471805599453,0.0,0.0,1.0986122886681096,1.0986122886681096,3.6109179126442243,2.995732273553991,3.7376696182833684,2.4849066497880004,1.0986122886681096,1.3862943611198906,0.6931471805599453,0.0,2.70805020110221,2.4849066497880004,2.0794415416798357
Cell_1847,600+ Year (Centenarian),600,Developing Secondary Xylem (VND6/7+),0.5337678237168255,52,2,2,0,0,1,0,17,19,76,25,5,3,1,0,10,18,9,1.0986122886681096,1.0986122886681096,0.0,0.0,0.6931471805599453,0.0,2.8903717578961645,2.995732273553991,4.343805421853684,3.258096538021482,1.791759469228055,1.3862943611198906,0.6931471805599453,0.0,2.3978952727983707,2.9444389791664403,2.302585092994046
Cell_1848,600+ Year (Centenarian),600,Developing Secondary Xylem (VND6/7+),0.6687605353416476,39,5,6,0,0,1,0,39,10,29,14,8,2,4,0,2,12,11,1.791759469228055,1.9459101490553132,0.0,0.0,0.6931471805599453,0.0,3.6888794541139363,2.3978952727983707,3.4011973816621555,2.70805020110221,2.1972245773362196,1.0986122886681096,1.6094379124341003,0.0,1.0986122886681096,2.5649493574615367,2.4849066497880004
Cell_1849,600+ Year (Centenarian),600,Developing Secondary Xylem (VND6/7+),0.6007577546419265,44,2,4,0,0,0,0,31,22,40,23,7,0,10,0,7,17,7,1.0986122886681096,1.6094379124341003,0.0,0.0,0.0,0.0,3.4657359027997265,3.1354942159291497,3.713572066704308,3.1780538303479458,2.0794415416798357,0.0,2.3978952727983707,0.0,2.0794415416798357,2.8903717578961645,2.0794415416798357
Cell_1850,600+ Year (Centenarian),600,Developing Secondary Xylem (VND6/7+),0.7224324294687045,46,3,3,0,0,1,2,22,20,54,28,3,7,2,0,5,5,6,1.3862943611198906,1.3862943611198906,0.0,0.0,0.6931471805599453,1.0986122886681096,3.1354942159291497,3.044522437723423,4.007333185232471,3.367295829986474,1.3862943611198906,2.0794415416798357,1.0986122886681096,0.0,1.791759469228055,1.791759469228055,1.9459101490553132
Cell_1851,600+ Year (Centenarian),600,Developing Secondary Xylem (VND6/7+),0.8557993711280955,60,1,0,2,0,1,1,30,32,59,17,7,0,6,1,13,6,14,0.6931471805599453,0.0,1.0986122886681096,0.0,0.6931471805599453,0.6931471805599453,3.4339872044851463,3.4965075614664802,4.0943445622221,2.8903717578961645,2.0794415416798357,0.0,1.9459101490553132,0.6931471805599453,2.639057329615259,1.9459101490553132,2.70805020110221
Cell_1852,600+ Year (Centenarian),600,Developing Secondary Xylem (VND6/7+),0.936953752404992,52,1,4,0,0,3,1,27,29,35,15,8,12,1,3,10,12,4,0.6931471805599453,1.6094379124341003,0.0,0.0,1.3862943611198906,0.6931471805599453,3.332204510175204,3.4011973816621555,3.58351893845611,2.772588722239781,2.1972245773362196,2.5649493574615367,0.6931471805599453,1.3862943611198906,2.3978952727983707,2.5649493574615367,1.6094379124341003
Cell_1853,600+ Year (Centenarian),600,Developing Secondary Xylem (VND6/7+),0.8132417473716915,54,3,4,2,0,1,5,38,22,35,13,9,3,7,0,10,20,5,1.3862943611198906,1.6094379124341003,1.0986122886681096,0.0,0.6931471805599453,1.791759469228055,3.6635616461296463,3.1354942159291497,3.58351893845611,2.639057329615259,2.302585092994046,1.3862943611198906,2.0794415416798357,0.0,2.3978952727983707,3.044522437723423,1.791759469228055
Cell_1854,600+ Year (Centenarian),600,Developing Secondary Xylem (VND6/7+),0.8841716065491492,39,1,5,0,0,0,3,29,26,40,13,0,1,1,4,14,24,9,0.6931471805599453,1.791759469228055,0.0,0.0,0.0,1.3862943611198906,3.4011973816621555,3.295836866004329,3.713572066704308,2.639057329615259,0.0,0.6931471805599453,0.6931471805599453,1.6094379124341003,2.70805020110221,3.2188758248682006,2.302585092994046
Cell_1855,600+ Year (Centenarian),600,Developing Secondary Xylem (VND6/7+),0.7284254113336575,54,0,1,0,1,5,2,15,22,52,17,2,1,0,1,7,9,3,0.0,0.6931471805599453,0.0,0.6931471805599453,1.791759469228055,1.0986122886681096,2.772588722239781,3.1354942159291497,3.970291913552122,2.8903717578961645,1.0986122886681096,0.6931471805599453,0.0,0.6931471805599453,2.0794415416798357,2.302585092994046,1.3862943611198906
Cell_1856,600+ Year (Centenarian),600,Developing Secondary Xylem (VND6/7+),0.7993127739240411,52,1,9,1,0,2,2,36,30,34,22,0,3,6,1,5,17,2,0.6931471805599453,2.302585092994046,0.6931471805599453,0.0,1.0986122886681096,1.0986122886681096,3.6109179126442243,3.4339872044851463,3.5553480614894135,3.1354942159291497,0.0,1.3862943611198906,1.9459101490553132,0.6931471805599453,1.791759469228055,2.8903717578961645,1.0986122886681096
Cell_1857,600+ Year (Centenarian),600,Developing Secondary Xylem (VND6/7+),0.7421122831160167,53,0,4,0,0,1,0,42,46,39,22,0,4,5,0,3,15,1,0.0,1.6094379124341003,0.0,0.0,0.6931471805599453,0.0,3.7612001156935624,3.8501476017100584,3.6888794541139363,3.1354942159291497,0.0,1.6094379124341003,1.791759469228055,0.0,1.3862943611198906,2.772588722239781,0.6931471805599453
Cell_1858,600+ Year (Centenarian),600,Developing Secondary Xylem (VND6/7+),0.9067323834890306,46,2,2,0,1,1,0,20,34,23,22,1,2,4,1,5,11,2,1.0986122886681096,1.0986122886681096,0.0,0.6931471805599453,0.6931471805599453,0.0,3.044522437723423,3.5553480614894135,3.1780538303479458,3.1354942159291497,0.6931471805599453,1.0986122886681096,1.6094379124341003,0.6931471805599453,1.791759469228055,2.4849066497880004,1.0986122886681096
Cell_1859,600+ Year (Centenarian),600,Developing Secondary Xylem (VND6/7+),0.6826325085789051,59,2,2,0,1,1,0,16,21,49,20,5,3,2,1,5,19,4,1.0986122886681096,1.0986122886681096,0.0,0.6931471805599453,0.6931471805599453,0.0,2.833213344056216,3.091042453358316,3.912023005428146,3.044522437723423,1.791759469228055,1.3862943611198906,1.0986122886681096,0.6931471805599453,1.791759469228055,2.995732273553991,1.6094379124341003
Cell_1860,600+ Year (Centenarian),600,Developing Secondary Xylem (VND6/7+),0.3101824759360989,47,0,2,1,0,1,1,19,7,33,13,6,2,4,2,8,16,2,0.0,1.0986122886681096,0.6931471805599453,0.0,0.6931471805599453,0.6931471805599453,2.995732273553991,2.0794415416798357,3.5263605246161616,2.639057329615259,1.9459101490553132,1.0986122886681096,1.6094379124341003,1.0986122886681096,2.1972245773362196,2.833213344056216,1.0986122886681096
Cell_1861,600+ Year (Centenarian),600,Developing Secondary Xylem (VND6/7+),0.5569589330476629,41,2,3,0,0,2,1,27,29,46,12,6,3,16,0,4,7,6,1.0986122886681096,1.3862943611198906,0.0,0.0,1.0986122886681096,0.6931471805599453,3.332204510175204,3.4011973816621555,3.8501476017100584,2.5649493574615367,1.9459101490553132,1.3862943611198906,2.833213344056216,0.0,1.6094379124341003,2.0794415416798357,1.9459101490553132
Cell_1862,600+ Year (Centenarian),600,Developing Secondary Xylem (VND6/7+),0.8269820582515828,53,3,5,0,0,2,0,15,27,45,8,1,1,0,4,5,10,8,1.3862943611198906,1.791759469228055,0.0,0.0,1.0986122886681096,0.0,2.772588722239781,3.332204510175204,3.828641396489095,2.1972245773362196,0.6931471805599453,0.6931471805599453,0.0,1.6094379124341003,1.791759469228055,2.3978952727983707,2.1972245773362196
Cell_1863,600+ Year (Centenarian),600,Developing Secondary Xylem (VND6/7+),0.4397605577206325,54,0,3,0,0,1,1,38,18,28,22,4,5,2,0,3,21,6,0.0,1.3862943611198906,0.0,0.0,0.6931471805599453,0.6931471805599453,3.6635616461296463,2.9444389791664403,3.367295829986474,3.1354942159291497,1.6094379124341003,1.791759469228055,1.0986122886681096,0.0,1.3862943611198906,3.091042453358316,1.9459101490553132
Cell_1864,600+ Year (Centenarian),600,Developing Secondary Xylem (VND6/7+),0.70447930375823,50,0,1,0,0,0,1,18,17,35,18,6,9,4,0,12,9,10,0.0,0.6931471805599453,0.0,0.0,0.0,0.6931471805599453,2.9444389791664403,2.8903717578961645,3.58351893845611,2.9444389791664403,1.9459101490553132,2.302585092994046,1.6094379124341003,0.0,2.5649493574615367,2.302585092994046,2.3978952727983707
Cell_1865,600+ Year (Centenarian),600,Developing Secondary Xylem (VND6/7+),0.44481694115368964,57,1,3,0,1,4,0,51,18,50,17,4,5,6,0,14,14,4,0.6931471805599453,1.3862943611198906,0.0,0.6931471805599453,1.6094379124341003,0.0,3.9512437185814275,2.9444389791664403,3.9318256327243257,2.8903717578961645,1.6094379124341003,1.791759469228055,1.9459101490553132,0.0,2.70805020110221,2.70805020110221,1.6094379124341003
Cell_1866,600+ Year (Centenarian),600,Developing Secondary Xylem (VND6/7+),0.7305863305269722,50,1,0,0,0,3,0,29,19,48,22,5,3,4,0,5,7,2,0.6931471805599453,0.0,0.0,0.0,1.3862943611198906,0.0,3.4011973816621555,2.995732273553991,3.8918202981106265,3.1354942159291497,1.791759469228055,1.3862943611198906,1.6094379124341003,0.0,1.791759469228055,2.0794415416798357,1.0986122886681096
Cell_1867,600+ Year (Centenarian),600,Developing Secondary Xylem (VND6/7+),0.7666901329368826,54,0,1,0,1,1,0,30,15,29,7,2,4,3,0,3,22,1,0.0,0.6931471805599453,0.0,0.6931471805599453,0.6931471805599453,0.0,3.4339872044851463,2.772588722239781,3.4011973816621555,2.0794415416798357,1.0986122886681096,1.6094379124341003,1.3862943611198906,0.0,1.3862943611198906,3.1354942159291497,0.6931471805599453
Cell_1868,600+ Year (Centenarian),600,Developing Secondary Xylem (VND6/7+),0.9696371868862792,41,4,1,0,0,3,1,25,25,36,15,3,2,3,2,6,21,7,1.6094379124341003,0.6931471805599453,0.0,0.0,1.3862943611198906,0.6931471805599453,3.258096538021482,3.258096538021482,3.6109179126442243,2.772588722239781,1.3862943611198906,1.0986122886681096,1.3862943611198906,1.0986122886681096,1.9459101490553132,3.091042453358316,2.0794415416798357
Cell_1869,600+ Year (Centenarian),600,Developing Secondary Xylem (VND6/7+),0.739358404107497,36,3,1,0,0,3,0,14,15,15,12,5,6,5,0,3,6,7,1.3862943611198906,0.6931471805599453,0.0,0.0,1.3862943611198906,0.0,2.70805020110221,2.772588722239781,2.772588722239781,2.5649493574615367,1.791759469228055,1.9459101490553132,1.791759469228055,0.0,1.3862943611198906,1.9459101490553132,2.0794415416798357
Cell_1870,600+ Year (Centenarian),600,Developing Secondary Xylem (VND6/7+),0.25515651835516817,48,2,0,2,0,0,1,18,29,40,20,5,2,2,0,10,15,6,1.0986122886681096,0.0,1.0986122886681096,0.0,0.0,0.6931471805599453,2.9444389791664403,3.4011973816621555,3.713572066704308,3.044522437723423,1.791759469228055,1.0986122886681096,1.0986122886681096,0.0,2.3978952727983707,2.772588722239781,1.9459101490553132
Cell_1871,600+ Year (Centenarian),600,Developing Secondary Xylem (VND6/7+),0.5926094591633189,49,2,0,0,1,7,0,25,27,33,19,3,1,10,2,7,15,2,1.0986122886681096,0.0,0.0,0.6931471805599453,2.0794415416798357,0.0,3.258096538021482,3.332204510175204,3.5263605246161616,2.995732273553991,1.3862943611198906,0.6931471805599453,2.3978952727983707,1.0986122886681096,2.0794415416798357,2.772588722239781,1.0986122886681096
Cell_1872,600+ Year (Centenarian),600,Developing Secondary Xylem (VND6/7+),0.6426938367681676,56,12,4,0,0,7,0,38,30,49,24,1,2,2,0,2,4,12,2.5649493574615367,1.6094379124341003,0.0,0.0,2.0794415416798357,0.0,3.6635616461296463,3.4339872044851463,3.912023005428146,3.2188758248682006,0.6931471805599453,1.0986122886681096,1.0986122886681096,0.0,1.0986122886681096,1.6094379124341003,2.5649493574615367
Cell_1873,600+ Year (Centenarian),600,Developing Secondary Xylem (VND6/7+),0.7982277470862895,53,2,2,1,0,0,0,15,20,33,22,6,3,9,0,13,12,5,1.0986122886681096,1.0986122886681096,0.6931471805599453,0.0,0.0,0.0,2.772588722239781,3.044522437723423,3.5263605246161616,3.1354942159291497,1.9459101490553132,1.3862943611198906,2.302585092994046,0.0,2.639057329615259,2.5649493574615367,1.791759469228055
Cell_1874,600+ Year (Centenarian),600,Developing Secondary Xylem (VND6/7+),0.3747580029225367,47,2,1,0,0,3,5,47,31,56,25,10,3,0,1,6,8,11,1.0986122886681096,0.6931471805599453,0.0,0.0,1.3862943611198906,1.791759469228055,3.8712010109078907,3.4657359027997265,4.04305126783455,3.258096538021482,2.3978952727983707,1.3862943611198906,0.0,0.6931471805599453,1.9459101490553132,2.1972245773362196,2.4849066497880004
Cell_1875,600+ Year (Centenarian),600,Developing Secondary Xylem (VND6/7+),0.8629454256492717,49,0,5,1,0,1,1,30,20,36,22,13,9,5,5,5,5,3,0.0,1.791759469228055,0.6931471805599453,0.0,0.6931471805599453,0.6931471805599453,3.4339872044851463,3.044522437723423,3.6109179126442243,3.1354942159291497,2.639057329615259,2.302585092994046,1.791759469228055,1.791759469228055,1.791759469228055,1.791759469228055,1.3862943611198906
Cell_1876,600+ Year (Centenarian),600,Developing Secondary Xylem (VND6/7+),0.8632686596127508,60,0,1,0,0,3,1,37,45,62,14,2,2,5,3,9,6,9,0.0,0.6931471805599453,0.0,0.0,1.3862943611198906,0.6931471805599453,3.6375861597263857,3.828641396489095,4.143134726391533,2.70805020110221,1.0986122886681096,1.0986122886681096,1.791759469228055,1.3862943611198906,2.302585092994046,1.9459101490553132,2.302585092994046
Cell_1877,600+ Year (Centenarian),600,Developing Secondary Xylem (VND6/7+),0.7873669188340363,50,0,3,0,0,1,2,28,25,29,20,9,2,2,0,2,18,5,0.0,1.3862943611198906,0.0,0.0,0.6931471805599453,1.0986122886681096,3.367295829986474,3.258096538021482,3.4011973816621555,3.044522437723423,2.302585092994046,1.0986122886681096,1.0986122886681096,0.0,1.0986122886681096,2.9444389791664403,1.791759469228055
Cell_1878,600+ Year (Centenarian),600,Developing Secondary Xylem (VND6/7+),0.6211425768239518,42,4,0,0,0,1,0,27,20,62,21,5,3,3,6,6,2,4,1.6094379124341003,0.0,0.0,0.0,0.6931471805599453,0.0,3.332204510175204,3.044522437723423,4.143134726391533,3.091042453358316,1.791759469228055,1.3862943611198906,1.3862943611198906,1.9459101490553132,1.9459101490553132,1.0986122886681096,1.6094379124341003
Cell_1879,600+ Year (Centenarian),600,Developing Secondary Xylem (VND6/7+),0.8579976951198529,43,0,0,0,0,5,1,30,27,31,18,10,5,2,3,10,7,3,0.0,0.0,0.0,0.0,1.791759469228055,0.6931471805599453,3.4339872044851463,3.332204510175204,3.4657359027997265,2.9444389791664403,2.3978952727983707,1.791759469228055,1.0986122886681096,1.3862943611198906,2.3978952727983707,2.0794415416798357,1.3862943611198906
Cell_1880,600+ Year (Centenarian),600,Developing Secondary Xylem (VND6/7+),0.9082518031235731,46,0,5,0,0,0,4,27,30,67,25,3,3,3,0,2,2,4,0.0,1.791759469228055,0.0,0.0,0.0,1.6094379124341003,3.332204510175204,3.4339872044851463,4.219507705176107,3.258096538021482,1.3862943611198906,1.3862943611198906,1.3862943611198906,0.0,1.0986122886681096,1.0986122886681096,1.6094379124341003
Cell_1881,600+ Year (Centenarian),600,Developing Secondary Xylem (VND6/7+),0.5159516798171795,59,2,1,0,0,1,1,24,24,27,11,1,4,1,8,3,20,8,1.0986122886681096,0.6931471805599453,0.0,0.0,0.6931471805599453,0.6931471805599453,3.2188758248682006,3.2188758248682006,3.332204510175204,2.4849066497880004,0.6931471805599453,1.6094379124341003,0.6931471805599453,2.1972245773362196,1.3862943611198906,3.044522437723423,2.1972245773362196
Cell_1882,600+ Year (Centenarian),600,Developing Secondary Xylem (VND6/7+),0.9032585990190837,50,0,6,0,0,1,0,22,11,37,20,0,7,1,0,11,10,7,0.0,1.9459101490553132,0.0,0.0,0.6931471805599453,0.0,3.1354942159291497,2.4849066497880004,3.6375861597263857,3.044522437723423,0.0,2.0794415416798357,0.6931471805599453,0.0,2.4849066497880004,2.3978952727983707,2.0794415416798357
Cell_1883,600+ Year (Centenarian),600,Developing Secondary Xylem (VND6/7+),0.8201515918642486,45,1,3,1,0,0,0,40,34,47,9,7,3,2,4,9,17,2,0.6931471805599453,1.3862943611198906,0.6931471805599453,0.0,0.0,0.0,3.713572066704308,3.5553480614894135,3.8712010109078907,2.302585092994046,2.0794415416798357,1.3862943611198906,1.0986122886681096,1.6094379124341003,2.302585092994046,2.8903717578961645,1.0986122886681096
Cell_1884,600+ Year (Centenarian),600,Developing Secondary Xylem (VND6/7+),0.40678306717305,48,0,5,0,0,0,1,23,28,31,24,4,2,2,0,16,19,3,0.0,1.791759469228055,0.0,0.0,0.0,0.6931471805599453,3.1780538303479458,3.367295829986474,3.4657359027997265,3.2188758248682006,1.6094379124341003,1.0986122886681096,1.0986122886681096,0.0,2.833213344056216,2.995732273553991,1.3862943611198906
Cell_1885,600+ Year (Centenarian),600,Developing Secondary Xylem (VND6/7+),0.8262958293956949,57,3,3,1,0,4,0,25,9,39,17,3,1,3,2,11,7,4,1.3862943611198906,1.3862943611198906,0.6931471805599453,0.0,1.6094379124341003,0.0,3.258096538021482,2.302585092994046,3.6888794541139363,2.8903717578961645,1.3862943611198906,0.6931471805599453,1.3862943611198906,1.0986122886681096,2.4849066497880004,2.0794415416798357,1.6094379124341003
Cell_1886,600+ Year (Centenarian),600,Developing Secondary Xylem (VND6/7+),0.8590634401043192,54,0,4,1,0,0,1,18,25,42,25,3,0,1,1,7,8,3,0.0,1.6094379124341003,0.6931471805599453,0.0,0.0,0.6931471805599453,2.9444389791664403,3.258096538021482,3.7612001156935624,3.258096538021482,1.3862943611198906,0.0,0.6931471805599453,0.6931471805599453,2.0794415416798357,2.1972245773362196,1.3862943611198906
Cell_1887,600+ Year (Centenarian),600,Developing Secondary Xylem (VND6/7+),0.5118115795437919,45,0,6,0,1,1,0,25,25,51,16,2,1,4,6,11,10,2,0.0,1.9459101490553132,0.0,0.6931471805599453,0.6931471805599453,0.0,3.258096538021482,3.258096538021482,3.9512437185814275,2.833213344056216,1.0986122886681096,0.6931471805599453,1.6094379124341003,1.9459101490553132,2.4849066497880004,2.3978952727983707,1.0986122886681096
Cell_1888,600+ Year (Centenarian),600,Developing Secondary Xylem (VND6/7+),0.8985719110066114,53,3,0,0,0,2,3,32,18,42,15,2,5,2,0,9,10,6,1.3862943611198906,0.0,0.0,0.0,1.0986122886681096,1.3862943611198906,3.4965075614664802,2.9444389791664403,3.7612001156935624,2.772588722239781,1.0986122886681096,1.791759469228055,1.0986122886681096,0.0,2.302585092994046,2.3978952727983707,1.9459101490553132
Cell_1889,600+ Year (Centenarian),600,Developing Secondary Xylem (VND6/7+),0.4478759366814447,43,0,0,0,0,2,2,37,19,37,9,7,2,0,2,7,11,1,0.0,0.0,0.0,0.0,1.0986122886681096,1.0986122886681096,3.6375861597263857,2.995732273553991,3.6375861597263857,2.302585092994046,2.0794415416798357,1.0986122886681096,0.0,1.0986122886681096,2.0794415416798357,2.4849066497880004,0.6931471805599453
Cell_1890,600+ Year (Centenarian),600,Developing Secondary Xylem (VND6/7+),0.6854177803934343,48,0,6,1,0,2,2,19,20,39,13,6,1,6,5,0,16,8,0.0,1.9459101490553132,0.6931471805599453,0.0,1.0986122886681096,1.0986122886681096,2.995732273553991,3.044522437723423,3.6888794541139363,2.639057329615259,1.9459101490553132,0.6931471805599453,1.9459101490553132,1.791759469228055,0.0,2.833213344056216,2.1972245773362196
Cell_1891,600+ Year (Centenarian),600,Developing Secondary Xylem (VND6/7+),0.46620520627084705,55,0,3,0,0,0,1,34,21,33,14,3,1,1,1,1,6,11,0.0,1.3862943611198906,0.0,0.0,0.0,0.6931471805599453,3.5553480614894135,3.091042453358316,3.5263605246161616,2.70805020110221,1.3862943611198906,0.6931471805599453,0.6931471805599453,0.6931471805599453,0.6931471805599453,1.9459101490553132,2.4849066497880004
Cell_1892,600+ Year (Centenarian),600,Developing Secondary Xylem (VND6/7+),0.5957423445768963,47,3,4,0,0,1,2,39,19,23,11,1,0,4,1,6,13,10,1.3862943611198906,1.6094379124341003,0.0,0.0,0.6931471805599453,1.0986122886681096,3.6888794541139363,2.995732273553991,3.1780538303479458,2.4849066497880004,0.6931471805599453,0.0,1.6094379124341003,0.6931471805599453,1.9459101490553132,2.639057329615259,2.3978952727983707
Cell_1893,600+ Year (Centenarian),600,Developing Secondary Xylem (VND6/7+),0.7061789225952341,58,0,8,4,0,5,1,14,26,32,15,5,1,1,0,10,12,3,0.0,2.1972245773362196,1.6094379124341003,0.0,1.791759469228055,0.6931471805599453,2.70805020110221,3.295836866004329,3.4965075614664802,2.772588722239781,1.791759469228055,0.6931471805599453,0.6931471805599453,0.0,2.3978952727983707,2.5649493574615367,1.3862943611198906
Cell_1894,600+ Year (Centenarian),600,Developing Secondary Xylem (VND6/7+),0.8909380772617159,52,1,0,2,1,4,1,19,27,30,10,1,3,0,0,11,15,2,0.6931471805599453,0.0,1.0986122886681096,0.6931471805599453,1.6094379124341003,0.6931471805599453,2.995732273553991,3.332204510175204,3.4339872044851463,2.3978952727983707,0.6931471805599453,1.3862943611198906,0.0,0.0,2.4849066497880004,2.772588722239781,1.0986122886681096
Cell_1895,600+ Year (Centenarian),600,Developing Secondary Xylem (VND6/7+),0.7273541961606788,53,4,1,0,0,0,2,21,11,36,17,5,5,6,2,8,13,6,1.6094379124341003,0.6931471805599453,0.0,0.0,0.0,1.0986122886681096,3.091042453358316,2.4849066497880004,3.6109179126442243,2.8903717578961645,1.791759469228055,1.791759469228055,1.9459101490553132,1.0986122886681096,2.1972245773362196,2.639057329615259,1.9459101490553132
Cell_1896,600+ Year (Centenarian),600,Developing Secondary Xylem (VND6/7+),0.9539842190211761,58,1,5,0,0,3,1,25,14,35,24,2,1,1,1,5,6,8,0.6931471805599453,1.791759469228055,0.0,0.0,1.3862943611198906,0.6931471805599453,3.258096538021482,2.70805020110221,3.58351893845611,3.2188758248682006,1.0986122886681096,0.6931471805599453,0.6931471805599453,0.6931471805599453,1.791759469228055,1.9459101490553132,2.1972245773362196
Cell_1897,600+ Year (Centenarian),600,Developing Secondary Xylem (VND6/7+),0.7704778628774247,65,2,1,2,0,0,1,40,15,35,11,4,0,7,4,5,10,5,1.0986122886681096,0.6931471805599453,1.0986122886681096,0.0,0.0,0.6931471805599453,3.713572066704308,2.772588722239781,3.58351893845611,2.4849066497880004,1.6094379124341003,0.0,2.0794415416798357,1.6094379124341003,1.791759469228055,2.3978952727983707,1.791759469228055
Cell_1898,600+ Year (Centenarian),600,Developing Secondary Xylem (VND6/7+),0.43988071355937614,49,0,2,1,0,1,0,57,12,45,13,0,1,1,1,13,9,2,0.0,1.0986122886681096,0.6931471805599453,0.0,0.6931471805599453,0.0,4.060443010546419,2.5649493574615367,3.828641396489095,2.639057329615259,0.0,0.6931471805599453,0.6931471805599453,0.6931471805599453,2.639057329615259,2.302585092994046,1.0986122886681096
Cell_1899,600+ Year (Centenarian),600,Developing Secondary Xylem (VND6/7+),0.680325405164673,51,0,0,0,0,1,1,27,21,60,21,5,10,1,2,7,14,12,0.0,0.0,0.0,0.0,0.6931471805599453,0.6931471805599453,3.332204510175204,3.091042453358316,4.110873864173311,3.091042453358316,1.791759469228055,2.3978952727983707,0.6931471805599453,1.0986122886681096,2.0794415416798357,2.70805020110221,2.5649493574615367
Cell_1900,600+ Year (Centenarian),600,Developing Secondary Xylem (VND6/7+),0.6151848256207697,54,3,2,1,0,1,0,27,15,54,8,11,4,6,0,10,13,7,1.3862943611198906,1.0986122886681096,0.6931471805599453,0.0,0.6931471805599453,0.0,3.332204510175204,2.772588722239781,4.007333185232471,2.1972245773362196,2.4849066497880004,1.6094379124341003,1.9459101490553132,0.0,2.3978952727983707,2.639057329615259,2.0794415416798357
Cell_1901,600+ Year (Centenarian),600,Developing Secondary Xylem (VND6/7+),0.7266797512145191,55,2,1,0,0,0,1,22,21,31,13,6,1,2,0,1,9,6,1.0986122886681096,0.6931471805599453,0.0,0.0,0.0,0.6931471805599453,3.1354942159291497,3.091042453358316,3.4657359027997265,2.639057329615259,1.9459101490553132,0.6931471805599453,1.0986122886681096,0.0,0.6931471805599453,2.302585092994046,1.9459101490553132
Cell_1902,600+ Year (Centenarian),600,Developing Secondary Xylem (VND6/7+),0.5156358990518433,45,1,9,1,0,0,0,24,27,28,24,2,5,1,0,12,8,4,0.6931471805599453,2.302585092994046,0.6931471805599453,0.0,0.0,0.0,3.2188758248682006,3.332204510175204,3.367295829986474,3.2188758248682006,1.0986122886681096,1.791759469228055,0.6931471805599453,0.0,2.5649493574615367,2.1972245773362196,1.6094379124341003
Cell_1903,600+ Year (Centenarian),600,Developing Secondary Xylem (VND6/7+),0.7410270885368501,46,3,3,0,0,2,3,15,24,45,14,4,1,4,1,4,9,8,1.3862943611198906,1.3862943611198906,0.0,0.0,1.0986122886681096,1.3862943611198906,2.772588722239781,3.2188758248682006,3.828641396489095,2.70805020110221,1.6094379124341003,0.6931471805599453,1.6094379124341003,0.6931471805599453,1.6094379124341003,2.302585092994046,2.1972245773362196
Cell_1904,600+ Year (Centenarian),600,Developing Secondary Xylem (VND6/7+),0.7857927428888157,42,4,1,0,1,1,1,34,15,33,11,7,3,7,2,7,10,4,1.6094379124341003,0.6931471805599453,0.0,0.6931471805599453,0.6931471805599453,0.6931471805599453,3.5553480614894135,2.772588722239781,3.5263605246161616,2.4849066497880004,2.0794415416798357,1.3862943611198906,2.0794415416798357,1.0986122886681096,2.0794415416798357,2.3978952727983707,1.6094379124341003
Cell_1905,600+ Year (Centenarian),600,Developing Secondary Xylem (VND6/7+),0.5861238713204329,53,0,1,1,0,0,2,33,36,67,17,3,3,9,1,8,14,5,0.0,0.6931471805599453,0.6931471805599453,0.0,0.0,1.0986122886681096,3.5263605246161616,3.6109179126442243,4.219507705176107,2.8903717578961645,1.3862943611198906,1.3862943611198906,2.302585092994046,0.6931471805599453,2.1972245773362196,2.70805020110221,1.791759469228055
Cell_1906,600+ Year (Centenarian),600,Developing Secondary Xylem (VND6/7+),0.9619667133710387,48,4,1,0,0,1,0,19,22,19,18,2,1,4,4,8,14,7,1.6094379124341003,0.6931471805599453,0.0,0.0,0.6931471805599453,0.0,2.995732273553991,3.1354942159291497,2.995732273553991,2.9444389791664403,1.0986122886681096,0.6931471805599453,1.6094379124341003,1.6094379124341003,2.1972245773362196,2.70805020110221,2.0794415416798357
Cell_1907,600+ Year (Centenarian),600,Developing Secondary Xylem (VND6/7+),0.6989625051076138,58,4,2,0,0,2,1,28,18,48,13,3,1,4,2,9,8,5,1.6094379124341003,1.0986122886681096,0.0,0.0,1.0986122886681096,0.6931471805599453,3.367295829986474,2.9444389791664403,3.8918202981106265,2.639057329615259,1.3862943611198906,0.6931471805599453,1.6094379124341003,1.0986122886681096,2.302585092994046,2.1972245773362196,1.791759469228055
Cell_1908,600+ Year (Centenarian),600,Developing Secondary Xylem (VND6/7+),0.45971307642102704,51,0,3,0,0,0,0,40,19,49,14,9,4,1,1,5,8,5,0.0,1.3862943611198906,0.0,0.0,0.0,0.0,3.713572066704308,2.995732273553991,3.912023005428146,2.70805020110221,2.302585092994046,1.6094379124341003,0.6931471805599453,0.6931471805599453,1.791759469228055,2.1972245773362196,1.791759469228055
Cell_1909,600+ Year (Centenarian),600,Developing Secondary Xylem (VND6/7+),0.678229892560103,40,0,0,3,0,2,3,22,25,43,13,2,3,1,1,5,7,8,0.0,0.0,1.3862943611198906,0.0,1.0986122886681096,1.3862943611198906,3.1354942159291497,3.258096538021482,3.784189633918261,2.639057329615259,1.0986122886681096,1.3862943611198906,0.6931471805599453,0.6931471805599453,1.791759469228055,2.0794415416798357,2.1972245773362196
Cell_1910,600+ Year (Centenarian),600,Developing Secondary Xylem (VND6/7+),0.7610698790311673,54,1,4,0,0,0,2,19,29,32,19,2,3,0,3,7,8,2,0.6931471805599453,1.6094379124341003,0.0,0.0,0.0,1.0986122886681096,2.995732273553991,3.4011973816621555,3.4965075614664802,2.995732273553991,1.0986122886681096,1.3862943611198906,0.0,1.3862943611198906,2.0794415416798357,2.1972245773362196,1.0986122886681096
Cell_1911,600+ Year (Centenarian),600,Developing Secondary Xylem (VND6/7+),0.6991463019242874,54,3,2,0,2,0,1,32,21,26,24,3,4,1,5,11,8,4,1.3862943611198906,1.0986122886681096,0.0,1.0986122886681096,0.0,0.6931471805599453,3.4965075614664802,3.091042453358316,3.295836866004329,3.2188758248682006,1.3862943611198906,1.6094379124341003,0.6931471805599453,1.791759469228055,2.4849066497880004,2.1972245773362196,1.6094379124341003
Cell_1912,600+ Year (Centenarian),600,Developing Secondary Xylem (VND6/7+),0.4702337293388345,46,0,0,0,0,0,0,39,22,40,6,5,9,9,0,4,21,6,0.0,0.0,0.0,0.0,0.0,0.0,3.6888794541139363,3.1354942159291497,3.713572066704308,1.9459101490553132,1.791759469228055,2.302585092994046,2.302585092994046,0.0,1.6094379124341003,3.091042453358316,1.9459101490553132
Cell_1913,600+ Year (Centenarian),600,Developing Secondary Xylem (VND6/7+),0.709583509490791,45,1,2,1,0,1,2,19,27,43,18,4,6,1,1,5,11,3,0.6931471805599453,1.0986122886681096,0.6931471805599453,0.0,0.6931471805599453,1.0986122886681096,2.995732273553991,3.332204510175204,3.784189633918261,2.9444389791664403,1.6094379124341003,1.9459101490553132,0.6931471805599453,0.6931471805599453,1.791759469228055,2.4849066497880004,1.3862943611198906
Cell_1914,600+ Year (Centenarian),600,Developing Secondary Xylem (VND6/7+),0.5219367654572162,52,4,1,0,0,0,1,30,25,60,14,2,6,5,1,7,6,4,1.6094379124341003,0.6931471805599453,0.0,0.0,0.0,0.6931471805599453,3.4339872044851463,3.258096538021482,4.110873864173311,2.70805020110221,1.0986122886681096,1.9459101490553132,1.791759469228055,0.6931471805599453,2.0794415416798357,1.9459101490553132,1.6094379124341003
Cell_1915,600+ Year (Centenarian),600,Developing Secondary Xylem (VND6/7+),0.7826894984573234,45,6,3,1,2,0,2,32,18,42,12,5,1,1,1,7,9,4,1.9459101490553132,1.3862943611198906,0.6931471805599453,1.0986122886681096,0.0,1.0986122886681096,3.4965075614664802,2.9444389791664403,3.7612001156935624,2.5649493574615367,1.791759469228055,0.6931471805599453,0.6931471805599453,0.6931471805599453,2.0794415416798357,2.302585092994046,1.6094379124341003
Cell_1916,600+ Year (Centenarian),600,Developing Secondary Xylem (VND6/7+),0.7576819318631054,55,1,1,1,0,7,1,14,14,48,12,14,4,1,1,6,19,6,0.6931471805599453,0.6931471805599453,0.6931471805599453,0.0,2.0794415416798357,0.6931471805599453,2.70805020110221,2.70805020110221,3.8918202981106265,2.5649493574615367,2.70805020110221,1.6094379124341003,0.6931471805599453,0.6931471805599453,1.9459101490553132,2.995732273553991,1.9459101490553132
Cell_1917,600+ Year (Centenarian),600,Developing Secondary Xylem (VND6/7+),0.7384709761221623,55,2,6,0,0,3,1,28,17,58,26,0,2,4,0,3,7,7,1.0986122886681096,1.9459101490553132,0.0,0.0,1.3862943611198906,0.6931471805599453,3.367295829986474,2.8903717578961645,4.07753744390572,3.295836866004329,0.0,1.0986122886681096,1.6094379124341003,0.0,1.3862943611198906,2.0794415416798357,2.0794415416798357
Cell_1918,600+ Year (Centenarian),600,Developing Secondary Xylem (VND6/7+),0.4287231896921565,45,3,5,1,0,1,0,28,21,35,13,4,6,5,1,6,4,8,1.3862943611198906,1.791759469228055,0.6931471805599453,0.0,0.6931471805599453,0.0,3.367295829986474,3.091042453358316,3.58351893845611,2.639057329615259,1.6094379124341003,1.9459101490553132,1.791759469228055,0.6931471805599453,1.9459101490553132,1.6094379124341003,2.1972245773362196
Cell_1919,600+ Year (Centenarian),600,Developing Secondary Xylem (VND6/7+),0.9088925257462607,49,2,4,2,1,1,1,31,19,28,15,1,7,7,2,5,8,2,1.0986122886681096,1.6094379124341003,1.0986122886681096,0.6931471805599453,0.6931471805599453,0.6931471805599453,3.4657359027997265,2.995732273553991,3.367295829986474,2.772588722239781,0.6931471805599453,2.0794415416798357,2.0794415416798357,1.0986122886681096,1.791759469228055,2.1972245773362196,1.0986122886681096
Cell_1920,600+ Year (Centenarian),600,Developing Secondary Xylem (VND6/7+),0.8141213684551025,46,3,0,0,1,0,1,21,20,51,13,7,2,5,0,6,11,7,1.3862943611198906,0.0,0.0,0.6931471805599453,0.0,0.6931471805599453,3.091042453358316,3.044522437723423,3.9512437185814275,2.639057329615259,2.0794415416798357,1.0986122886681096,1.791759469228055,0.0,1.9459101490553132,2.4849066497880004,2.0794415416798357
Cell_1921,600+ Year (Centenarian),600,Developing Secondary Xylem (VND6/7+),0.3880225937827423,37,3,0,1,1,1,3,21,14,26,12,3,5,0,6,13,6,22,1.3862943611198906,0.0,0.6931471805599453,0.6931471805599453,0.6931471805599453,1.3862943611198906,3.091042453358316,2.70805020110221,3.295836866004329,2.5649493574615367,1.3862943611198906,1.791759469228055,0.0,1.9459101490553132,2.639057329615259,1.9459101490553132,3.1354942159291497
Cell_1922,600+ Year (Centenarian),600,Developing Secondary Xylem (VND6/7+),0.5913772249720566,49,3,5,0,2,4,2,19,12,35,14,7,3,7,0,9,11,6,1.3862943611198906,1.791759469228055,0.0,1.0986122886681096,1.6094379124341003,1.0986122886681096,2.995732273553991,2.5649493574615367,3.58351893845611,2.70805020110221,2.0794415416798357,1.3862943611198906,2.0794415416798357,0.0,2.302585092994046,2.4849066497880004,1.9459101490553132
Cell_1923,600+ Year (Centenarian),600,Developing Secondary Xylem (VND6/7+),0.8181446842242189,39,1,5,0,0,0,0,46,30,39,20,12,1,3,3,8,2,2,0.6931471805599453,1.791759469228055,0.0,0.0,0.0,0.0,3.8501476017100584,3.4339872044851463,3.6888794541139363,3.044522437723423,2.5649493574615367,0.6931471805599453,1.3862943611198906,1.3862943611198906,2.1972245773362196,1.0986122886681096,1.0986122886681096
Cell_1924,600+ Year (Centenarian),600,Developing Secondary Xylem (VND6/7+),0.5845372145764107,46,4,0,0,0,1,2,32,39,29,13,8,1,5,0,3,12,8,1.6094379124341003,0.0,0.0,0.0,0.6931471805599453,1.0986122886681096,3.4965075614664802,3.6888794541139363,3.4011973816621555,2.639057329615259,2.1972245773362196,0.6931471805599453,1.791759469228055,0.0,1.3862943611198906,2.5649493574615367,2.1972245773362196
Cell_1925,600+ Year (Centenarian),600,Developing Secondary Xylem (VND6/7+),0.8647689330823127,45,3,1,1,0,1,1,11,20,40,19,2,3,2,0,7,22,5,1.3862943611198906,0.6931471805599453,0.6931471805599453,0.0,0.6931471805599453,0.6931471805599453,2.4849066497880004,3.044522437723423,3.713572066704308,2.995732273553991,1.0986122886681096,1.3862943611198906,1.0986122886681096,0.0,2.0794415416798357,3.1354942159291497,1.791759469228055
Cell_1926,600+ Year (Centenarian),600,Developing Secondary Xylem (VND6/7+),0.5934083123319426,36,1,1,0,0,0,0,25,14,47,15,2,1,6,3,6,7,7,0.6931471805599453,0.6931471805599453,0.0,0.0,0.0,0.0,3.258096538021482,2.70805020110221,3.8712010109078907,2.772588722239781,1.0986122886681096,0.6931471805599453,1.9459101490553132,1.3862943611198906,1.9459101490553132,2.0794415416798357,2.0794415416798357
Cell_1927,600+ Year (Centenarian),600,Developing Secondary Xylem (VND6/7+),0.783537119129206,41,2,2,1,0,2,0,27,27,38,20,1,1,10,0,5,6,4,1.0986122886681096,1.0986122886681096,0.6931471805599453,0.0,1.0986122886681096,0.0,3.332204510175204,3.332204510175204,3.6635616461296463,3.044522437723423,0.6931471805599453,0.6931471805599453,2.3978952727983707,0.0,1.791759469228055,1.9459101490553132,1.6094379124341003
Cell_1928,600+ Year (Centenarian),600,Developing Secondary Xylem (VND6/7+),0.5146999545006458,43,0,2,1,0,2,3,18,13,42,22,2,3,2,1,12,8,8,0.0,1.0986122886681096,0.6931471805599453,0.0,1.0986122886681096,1.3862943611198906,2.9444389791664403,2.639057329615259,3.7612001156935624,3.1354942159291497,1.0986122886681096,1.3862943611198906,1.0986122886681096,0.6931471805599453,2.5649493574615367,2.1972245773362196,2.1972245773362196
Cell_1929,600+ Year (Centenarian),600,Developing Secondary Xylem (VND6/7+),0.36747381952068214,57,0,5,5,1,0,0,30,47,52,10,4,2,2,0,15,19,2,0.0,1.791759469228055,1.791759469228055,0.6931471805599453,0.0,0.0,3.4339872044851463,3.8712010109078907,3.970291913552122,2.3978952727983707,1.6094379124341003,1.0986122886681096,1.0986122886681096,0.0,2.772588722239781,2.995732273553991,1.0986122886681096
Cell_1930,600+ Year (Centenarian),600,Developing Secondary Xylem (VND6/7+),0.3820220094589975,48,0,0,0,0,0,0,38,23,36,13,1,0,1,1,7,9,6,0.0,0.0,0.0,0.0,0.0,0.0,3.6635616461296463,3.1780538303479458,3.6109179126442243,2.639057329615259,0.6931471805599453,0.0,0.6931471805599453,0.6931471805599453,2.0794415416798357,2.302585092994046,1.9459101490553132
Cell_1931,600+ Year (Centenarian),600,Developing Secondary Xylem (VND6/7+),0.724132861201365,46,4,1,0,0,2,1,33,24,45,18,5,0,3,0,4,17,3,1.6094379124341003,0.6931471805599453,0.0,0.0,1.0986122886681096,0.6931471805599453,3.5263605246161616,3.2188758248682006,3.828641396489095,2.9444389791664403,1.791759469228055,0.0,1.3862943611198906,0.0,1.6094379124341003,2.8903717578961645,1.3862943611198906
Cell_1932,600+ Year (Centenarian),600,Developing Secondary Xylem (VND6/7+),0.9078916855937109,53,5,7,0,0,2,1,21,31,75,6,5,4,0,0,6,8,5,1.791759469228055,2.0794415416798357,0.0,0.0,1.0986122886681096,0.6931471805599453,3.091042453358316,3.4657359027997265,4.330733340286331,1.9459101490553132,1.791759469228055,1.6094379124341003,0.0,0.0,1.9459101490553132,2.1972245773362196,1.791759469228055
Cell_1933,600+ Year (Centenarian),600,Developing Secondary Xylem (VND6/7+),0.7743862923956888,45,0,1,0,0,0,0,23,22,38,26,2,1,3,0,5,15,11,0.0,0.6931471805599453,0.0,0.0,0.0,0.0,3.1780538303479458,3.1354942159291497,3.6635616461296463,3.295836866004329,1.0986122886681096,0.6931471805599453,1.3862943611198906,0.0,1.791759469228055,2.772588722239781,2.4849066497880004
Cell_1934,600+ Year (Centenarian),600,Developing Secondary Xylem (VND6/7+),0.7639215542590083,64,3,5,1,0,0,2,35,25,43,27,4,3,4,3,3,11,15,1.3862943611198906,1.791759469228055,0.6931471805599453,0.0,0.0,1.0986122886681096,3.58351893845611,3.258096538021482,3.784189633918261,3.332204510175204,1.6094379124341003,1.3862943611198906,1.6094379124341003,1.3862943611198906,1.3862943611198906,2.4849066497880004,2.772588722239781
Cell_1935,600+ Year (Centenarian),600,Developing Secondary Xylem (VND6/7+),0.25164198908677654,45,6,4,0,0,4,2,10,22,48,9,12,2,1,2,4,8,3,1.9459101490553132,1.6094379124341003,0.0,0.0,1.6094379124341003,1.0986122886681096,2.3978952727983707,3.1354942159291497,3.8918202981106265,2.302585092994046,2.5649493574615367,1.0986122886681096,0.6931471805599453,1.0986122886681096,1.6094379124341003,2.1972245773362196,1.3862943611198906
Cell_1936,600+ Year (Centenarian),600,Developing Secondary Xylem (VND6/7+),0.5046899987672446,53,2,4,0,0,1,1,38,27,40,13,4,6,2,0,5,5,5,1.0986122886681096,1.6094379124341003,0.0,0.0,0.6931471805599453,0.6931471805599453,3.6635616461296463,3.332204510175204,3.713572066704308,2.639057329615259,1.6094379124341003,1.9459101490553132,1.0986122886681096,0.0,1.791759469228055,1.791759469228055,1.791759469228055
Cell_1937,600+ Year (Centenarian),600,Developing Secondary Xylem (VND6/7+),0.7904703168795338,59,2,4,1,2,4,0,14,20,36,10,6,6,22,0,9,9,12,1.0986122886681096,1.6094379124341003,0.6931471805599453,1.0986122886681096,1.6094379124341003,0.0,2.70805020110221,3.044522437723423,3.6109179126442243,2.3978952727983707,1.9459101490553132,1.9459101490553132,3.1354942159291497,0.0,2.302585092994046,2.302585092994046,2.5649493574615367
Cell_1938,600+ Year (Centenarian),600,Developing Secondary Xylem (VND6/7+),0.6956526874460595,48,1,7,0,0,1,1,36,27,36,29,1,4,1,2,14,11,8,0.6931471805599453,2.0794415416798357,0.0,0.0,0.6931471805599453,0.6931471805599453,3.6109179126442243,3.332204510175204,3.6109179126442243,3.4011973816621555,0.6931471805599453,1.6094379124341003,0.6931471805599453,1.0986122886681096,2.70805020110221,2.4849066497880004,2.1972245773362196
Cell_1939,600+ Year (Centenarian),600,Developing Secondary Xylem (VND6/7+),0.5858987095939889,51,2,2,0,0,2,0,32,23,31,11,6,2,16,2,6,3,3,1.0986122886681096,1.0986122886681096,0.0,0.0,1.0986122886681096,0.0,3.4965075614664802,3.1780538303479458,3.4657359027997265,2.4849066497880004,1.9459101490553132,1.0986122886681096,2.833213344056216,1.0986122886681096,1.9459101490553132,1.3862943611198906,1.3862943611198906
Cell_1940,600+ Year (Centenarian),600,Developing Secondary Xylem (VND6/7+),0.5766743206630423,48,0,11,0,1,2,1,30,12,47,13,0,3,0,4,8,10,6,0.0,2.4849066497880004,0.0,0.6931471805599453,1.0986122886681096,0.6931471805599453,3.4339872044851463,2.5649493574615367,3.8712010109078907,2.639057329615259,0.0,1.3862943611198906,0.0,1.6094379124341003,2.1972245773362196,2.3978952727983707,1.9459101490553132
Cell_1941,600+ Year (Centenarian),600,Developing Secondary Xylem (VND6/7+),0.8566905299757744,45,3,3,0,0,0,1,23,18,45,13,4,1,1,0,14,25,7,1.3862943611198906,1.3862943611198906,0.0,0.0,0.0,0.6931471805599453,3.1780538303479458,2.9444389791664403,3.828641396489095,2.639057329615259,1.6094379124341003,0.6931471805599453,0.6931471805599453,0.0,2.70805020110221,3.258096538021482,2.0794415416798357
Cell_1942,600+ Year (Centenarian),600,Developing Secondary Xylem (VND6/7+),0.30050681958437764,48,0,2,0,1,1,0,28,9,42,23,2,1,2,2,7,21,3,0.0,1.0986122886681096,0.0,0.6931471805599453,0.6931471805599453,0.0,3.367295829986474,2.302585092994046,3.7612001156935624,3.1780538303479458,1.0986122886681096,0.6931471805599453,1.0986122886681096,1.0986122886681096,2.0794415416798357,3.091042453358316,1.3862943611198906
Cell_1943,600+ Year (Centenarian),600,Developing Secondary Xylem (VND6/7+),0.15683768696500613,53,6,4,0,1,1,3,26,28,51,25,1,0,0,1,5,8,18,1.9459101490553132,1.6094379124341003,0.0,0.6931471805599453,0.6931471805599453,1.3862943611198906,3.295836866004329,3.367295829986474,3.9512437185814275,3.258096538021482,0.6931471805599453,0.0,0.0,0.6931471805599453,1.791759469228055,2.1972245773362196,2.9444389791664403
Cell_1944,600+ Year (Centenarian),600,Developing Secondary Xylem (VND6/7+),0.5602722421211884,47,0,1,0,0,3,2,37,22,43,27,2,1,3,1,4,11,3,0.0,0.6931471805599453,0.0,0.0,1.3862943611198906,1.0986122886681096,3.6375861597263857,3.1354942159291497,3.784189633918261,3.332204510175204,1.0986122886681096,0.6931471805599453,1.3862943611198906,0.6931471805599453,1.6094379124341003,2.4849066497880004,1.3862943611198906
Cell_1945,600+ Year (Centenarian),600,Developing Secondary Xylem (VND6/7+),0.9080906279489636,53,1,2,1,0,0,1,24,25,36,7,7,4,2,1,2,7,7,0.6931471805599453,1.0986122886681096,0.6931471805599453,0.0,0.0,0.6931471805599453,3.2188758248682006,3.258096538021482,3.6109179126442243,2.0794415416798357,2.0794415416798357,1.6094379124341003,1.0986122886681096,0.6931471805599453,1.0986122886681096,2.0794415416798357,2.0794415416798357
Cell_1946,600+ Year (Centenarian),600,Developing Secondary Xylem (VND6/7+),0.8726250482501278,57,1,1,0,0,2,0,33,28,42,22,0,6,6,0,10,18,15,0.6931471805599453,0.6931471805599453,0.0,0.0,1.0986122886681096,0.0,3.5263605246161616,3.367295829986474,3.7612001156935624,3.1354942159291497,0.0,1.9459101490553132,1.9459101490553132,0.0,2.3978952727983707,2.9444389791664403,2.772588722239781
Cell_1947,600+ Year (Centenarian),600,Developing Secondary Xylem (VND6/7+),0.6704097607548899,45,0,5,0,0,3,2,37,24,42,16,1,1,5,3,19,13,4,0.0,1.791759469228055,0.0,0.0,1.3862943611198906,1.0986122886681096,3.6375861597263857,3.2188758248682006,3.7612001156935624,2.833213344056216,0.6931471805599453,0.6931471805599453,1.791759469228055,1.3862943611198906,2.995732273553991,2.639057329615259,1.6094379124341003
Cell_1948,600+ Year (Centenarian),600,Developing Secondary Xylem (VND6/7+),0.5886323253839899,54,4,0,0,0,4,1,24,25,22,12,2,0,5,2,4,11,0,1.6094379124341003,0.0,0.0,0.0,1.6094379124341003,0.6931471805599453,3.2188758248682006,3.258096538021482,3.1354942159291497,2.5649493574615367,1.0986122886681096,0.0,1.791759469228055,1.0986122886681096,1.6094379124341003,2.4849066497880004,0.0
Cell_1949,600+ Year (Centenarian),600,Developing Secondary Xylem (VND6/7+),0.5337069280150812,46,2,0,1,0,1,1,22,19,29,17,4,2,2,1,9,15,6,1.0986122886681096,0.0,0.6931471805599453,0.0,0.6931471805599453,0.6931471805599453,3.1354942159291497,2.995732273553991,3.4011973816621555,2.8903717578961645,1.6094379124341003,1.0986122886681096,1.0986122886681096,0.6931471805599453,2.302585092994046,2.772588722239781,1.9459101490553132
Cell_1950,600+ Year (Centenarian),600,Developing Secondary Xylem (VND6/7+),0.5648650923923456,51,1,1,1,0,0,1,18,36,51,17,4,3,5,2,14,13,17,0.6931471805599453,0.6931471805599453,0.6931471805599453,0.0,0.0,0.6931471805599453,2.9444389791664403,3.6109179126442243,3.9512437185814275,2.8903717578961645,1.6094379124341003,1.3862943611198906,1.791759469228055,1.0986122886681096,2.70805020110221,2.639057329615259,2.8903717578961645
Cell_1951,600+ Year (Centenarian),600,Developing Secondary Xylem (VND6/7+),0.7948837682069243,40,0,3,3,0,0,0,20,32,25,5,3,2,3,0,6,14,6,0.0,1.3862943611198906,1.3862943611198906,0.0,0.0,0.0,3.044522437723423,3.4965075614664802,3.258096538021482,1.791759469228055,1.3862943611198906,1.0986122886681096,1.3862943611198906,0.0,1.9459101490553132,2.70805020110221,1.9459101490553132
Cell_1952,600+ Year (Centenarian),600,Developing Secondary Xylem (VND6/7+),0.391675061163628,48,0,2,0,0,1,4,28,17,40,26,5,2,0,0,6,14,6,0.0,1.0986122886681096,0.0,0.0,0.6931471805599453,1.6094379124341003,3.367295829986474,2.8903717578961645,3.713572066704308,3.295836866004329,1.791759469228055,1.0986122886681096,0.0,0.0,1.9459101490553132,2.70805020110221,1.9459101490553132
Cell_1953,600+ Year (Centenarian),600,Developing Secondary Xylem (VND6/7+),0.3471813811891497,54,2,4,0,0,1,0,38,28,29,8,2,2,3,1,8,10,8,1.0986122886681096,1.6094379124341003,0.0,0.0,0.6931471805599453,0.0,3.6635616461296463,3.367295829986474,3.4011973816621555,2.1972245773362196,1.0986122886681096,1.0986122886681096,1.3862943611198906,0.6931471805599453,2.1972245773362196,2.3978952727983707,2.1972245773362196
Cell_1954,600+ Year (Centenarian),600,Developing Secondary Xylem (VND6/7+),0.6718308854867219,49,2,0,0,1,0,0,13,20,29,11,8,4,1,0,4,20,4,1.0986122886681096,0.0,0.0,0.6931471805599453,0.0,0.0,2.639057329615259,3.044522437723423,3.4011973816621555,2.4849066497880004,2.1972245773362196,1.6094379124341003,0.6931471805599453,0.0,1.6094379124341003,3.044522437723423,1.6094379124341003
Cell_1955,600+ Year (Centenarian),600,Developing Secondary Xylem (VND6/7+),0.7557976559943227,50,2,0,0,1,0,1,35,18,36,16,2,0,3,2,26,21,10,1.0986122886681096,0.0,0.0,0.6931471805599453,0.0,0.6931471805599453,3.58351893845611,2.9444389791664403,3.6109179126442243,2.833213344056216,1.0986122886681096,0.0,1.3862943611198906,1.0986122886681096,3.295836866004329,3.091042453358316,2.3978952727983707
Cell_1956,600+ Year (Centenarian),600,Developing Secondary Xylem (VND6/7+),0.29874960654331356,30,0,2,0,0,7,2,32,19,51,6,7,3,2,0,3,14,5,0.0,1.0986122886681096,0.0,0.0,2.0794415416798357,1.0986122886681096,3.4965075614664802,2.995732273553991,3.9512437185814275,1.9459101490553132,2.0794415416798357,1.3862943611198906,1.0986122886681096,0.0,1.3862943611198906,2.70805020110221,1.791759469228055
Cell_1957,600+ Year (Centenarian),600,Developing Secondary Xylem (VND6/7+),0.4272225044717911,56,5,0,0,0,3,0,41,22,48,24,7,5,8,3,2,10,6,1.791759469228055,0.0,0.0,0.0,1.3862943611198906,0.0,3.7376696182833684,3.1354942159291497,3.8918202981106265,3.2188758248682006,2.0794415416798357,1.791759469228055,2.1972245773362196,1.3862943611198906,1.0986122886681096,2.3978952727983707,1.9459101490553132
Cell_1958,600+ Year (Centenarian),600,Developing Secondary Xylem (VND6/7+),0.6652469383989655,44,3,0,0,0,1,4,17,24,44,19,1,2,1,0,6,18,4,1.3862943611198906,0.0,0.0,0.0,0.6931471805599453,1.6094379124341003,2.8903717578961645,3.2188758248682006,3.8066624897703196,2.995732273553991,0.6931471805599453,1.0986122886681096,0.6931471805599453,0.0,1.9459101490553132,2.9444389791664403,1.6094379124341003
Cell_1959,600+ Year (Centenarian),600,Developing Secondary Xylem (VND6/7+),0.4369401143306995,43,1,6,1,0,1,1,33,16,25,16,1,2,12,2,17,17,5,0.6931471805599453,1.9459101490553132,0.6931471805599453,0.0,0.6931471805599453,0.6931471805599453,3.5263605246161616,2.833213344056216,3.258096538021482,2.833213344056216,0.6931471805599453,1.0986122886681096,2.5649493574615367,1.0986122886681096,2.8903717578961645,2.8903717578961645,1.791759469228055
Cell_1960,600+ Year (Centenarian),600,Developing Secondary Xylem (VND6/7+),0.9724677634965166,50,1,0,1,0,4,0,40,33,46,20,2,2,7,2,16,7,4,0.6931471805599453,0.0,0.6931471805599453,0.0,1.6094379124341003,0.0,3.713572066704308,3.5263605246161616,3.8501476017100584,3.044522437723423,1.0986122886681096,1.0986122886681096,2.0794415416798357,1.0986122886681096,2.833213344056216,2.0794415416798357,1.6094379124341003
Cell_1961,600+ Year (Centenarian),600,Developing Secondary Xylem (VND6/7+),0.8648701137403698,50,1,3,0,0,0,1,21,24,34,32,7,8,3,0,24,8,12,0.6931471805599453,1.3862943611198906,0.0,0.0,0.0,0.6931471805599453,3.091042453358316,3.2188758248682006,3.5553480614894135,3.4965075614664802,2.0794415416798357,2.1972245773362196,1.3862943611198906,0.0,3.2188758248682006,2.1972245773362196,2.5649493574615367
Cell_1962,600+ Year (Centenarian),600,Developing Secondary Xylem (VND6/7+),0.7326309106433572,43,2,3,0,0,2,5,49,26,24,21,0,8,0,2,7,5,8,1.0986122886681096,1.3862943611198906,0.0,0.0,1.0986122886681096,1.791759469228055,3.912023005428146,3.295836866004329,3.2188758248682006,3.091042453358316,0.0,2.1972245773362196,0.0,1.0986122886681096,2.0794415416798357,1.791759469228055,2.1972245773362196
Cell_1963,600+ Year (Centenarian),600,Developing Secondary Xylem (VND6/7+),0.40490596994150885,34,1,4,0,0,2,4,39,25,33,7,2,5,4,0,5,9,14,0.6931471805599453,1.6094379124341003,0.0,0.0,1.0986122886681096,1.6094379124341003,3.6888794541139363,3.258096538021482,3.5263605246161616,2.0794415416798357,1.0986122886681096,1.791759469228055,1.6094379124341003,0.0,1.791759469228055,2.302585092994046,2.70805020110221
Cell_1964,600+ Year (Centenarian),600,Developing Secondary Xylem (VND6/7+),0.3227649306216248,52,4,4,1,0,2,5,35,40,36,7,2,7,1,0,3,11,2,1.6094379124341003,1.6094379124341003,0.6931471805599453,0.0,1.0986122886681096,1.791759469228055,3.58351893845611,3.713572066704308,3.6109179126442243,2.0794415416798357,1.0986122886681096,2.0794415416798357,0.6931471805599453,0.0,1.3862943611198906,2.4849066497880004,1.0986122886681096
Cell_1965,600+ Year (Centenarian),600,Developing Secondary Xylem (VND6/7+),0.880836642765775,55,3,2,0,0,0,3,20,16,57,21,11,7,0,0,3,17,2,1.3862943611198906,1.0986122886681096,0.0,0.0,0.0,1.3862943611198906,3.044522437723423,2.833213344056216,4.060443010546419,3.091042453358316,2.4849066497880004,2.0794415416798357,0.0,0.0,1.3862943611198906,2.8903717578961645,1.0986122886681096
Cell_1966,600+ Year (Centenarian),600,Developing Secondary Xylem (VND6/7+),0.6649710854466918,54,3,5,0,0,2,0,26,23,54,10,1,0,0,2,1,9,3,1.3862943611198906,1.791759469228055,0.0,0.0,1.0986122886681096,0.0,3.295836866004329,3.1780538303479458,4.007333185232471,2.3978952727983707,0.6931471805599453,0.0,0.0,1.0986122886681096,0.6931471805599453,2.302585092994046,1.3862943611198906
Cell_1967,600+ Year (Centenarian),600,Developing Secondary Xylem (VND6/7+),0.8694537281035701,51,0,3,0,0,2,0,19,35,20,22,1,4,1,1,5,8,7,0.0,1.3862943611198906,0.0,0.0,1.0986122886681096,0.0,2.995732273553991,3.58351893845611,3.044522437723423,3.1354942159291497,0.6931471805599453,1.6094379124341003,0.6931471805599453,0.6931471805599453,1.791759469228055,2.1972245773362196,2.0794415416798357
Cell_1968,600+ Year (Centenarian),600,Developing Secondary Xylem (VND6/7+),0.6082868825766952,55,6,2,0,0,4,1,46,23,39,12,2,6,3,1,3,6,3,1.9459101490553132,1.0986122886681096,0.0,0.0,1.6094379124341003,0.6931471805599453,3.8501476017100584,3.1780538303479458,3.6888794541139363,2.5649493574615367,1.0986122886681096,1.9459101490553132,1.3862943611198906,0.6931471805599453,1.3862943611198906,1.9459101490553132,1.3862943611198906
Cell_1969,600+ Year (Centenarian),600,Developing Secondary Xylem (VND6/7+),0.8814036231552181,64,1,3,0,0,1,0,44,38,47,10,1,2,3,0,4,3,3,0.6931471805599453,1.3862943611198906,0.0,0.0,0.6931471805599453,0.0,3.8066624897703196,3.6635616461296463,3.8712010109078907,2.3978952727983707,0.6931471805599453,1.0986122886681096,1.3862943611198906,0.0,1.6094379124341003,1.3862943611198906,1.3862943611198906
Cell_1970,600+ Year (Centenarian),600,Developing Secondary Xylem (VND6/7+),0.7676420100692587,48,0,2,0,1,2,0,39,33,39,13,11,2,1,1,6,16,3,0.0,1.0986122886681096,0.0,0.6931471805599453,1.0986122886681096,0.0,3.6888794541139363,3.5263605246161616,3.6888794541139363,2.639057329615259,2.4849066497880004,1.0986122886681096,0.6931471805599453,0.6931471805599453,1.9459101490553132,2.833213344056216,1.3862943611198906
Cell_1971,600+ Year (Centenarian),600,Developing Secondary Xylem (VND6/7+),0.6960787247886866,51,8,3,0,0,1,2,14,18,39,17,0,3,2,0,23,27,7,2.1972245773362196,1.3862943611198906,0.0,0.0,0.6931471805599453,1.0986122886681096,2.70805020110221,2.9444389791664403,3.6888794541139363,2.8903717578961645,0.0,1.3862943611198906,1.0986122886681096,0.0,3.1780538303479458,3.332204510175204,2.0794415416798357
Cell_1972,600+ Year (Centenarian),600,Developing Secondary Xylem (VND6/7+),0.7866846138257265,56,3,4,0,0,2,4,26,30,54,15,2,2,2,1,3,22,9,1.3862943611198906,1.6094379124341003,0.0,0.0,1.0986122886681096,1.6094379124341003,3.295836866004329,3.4339872044851463,4.007333185232471,2.772588722239781,1.0986122886681096,1.0986122886681096,1.0986122886681096,0.6931471805599453,1.3862943611198906,3.1354942159291497,2.302585092994046
Cell_1973,600+ Year (Centenarian),600,Developing Secondary Xylem (VND6/7+),0.8884222785625498,44,0,2,1,2,0,2,22,21,58,14,3,3,0,0,8,23,9,0.0,1.0986122886681096,0.6931471805599453,1.0986122886681096,0.0,1.0986122886681096,3.1354942159291497,3.091042453358316,4.07753744390572,2.70805020110221,1.3862943611198906,1.3862943611198906,0.0,0.0,2.1972245773362196,3.1780538303479458,2.302585092994046
Cell_1974,600+ Year (Centenarian),600,Developing Secondary Xylem (VND6/7+),0.6012681692851533,59,2,2,0,0,3,0,27,36,40,10,0,4,4,2,11,24,6,1.0986122886681096,1.0986122886681096,0.0,0.0,1.3862943611198906,0.0,3.332204510175204,3.6109179126442243,3.713572066704308,2.3978952727983707,0.0,1.6094379124341003,1.6094379124341003,1.0986122886681096,2.4849066497880004,3.2188758248682006,1.9459101490553132
Cell_1975,600+ Year (Centenarian),600,Developing Secondary Xylem (VND6/7+),0.3141994996610643,52,2,3,0,0,0,3,28,24,45,16,7,2,0,2,17,15,12,1.0986122886681096,1.3862943611198906,0.0,0.0,0.0,1.3862943611198906,3.367295829986474,3.2188758248682006,3.828641396489095,2.833213344056216,2.0794415416798357,1.0986122886681096,0.0,1.0986122886681096,2.8903717578961645,2.772588722239781,2.5649493574615367
Cell_1976,600+ Year (Centenarian),600,Developing Secondary Xylem (VND6/7+),0.7040307349610452,62,0,5,0,1,1,0,42,34,51,8,3,2,5,1,2,1,4,0.0,1.791759469228055,0.0,0.6931471805599453,0.6931471805599453,0.0,3.7612001156935624,3.5553480614894135,3.9512437185814275,2.1972245773362196,1.3862943611198906,1.0986122886681096,1.791759469228055,0.6931471805599453,1.0986122886681096,0.6931471805599453,1.6094379124341003
Cell_1977,600+ Year (Centenarian),600,Developing Secondary Xylem (VND6/7+),0.40811599339553495,50,1,0,0,0,0,2,18,29,62,17,2,4,2,1,12,10,4,0.6931471805599453,0.0,0.0,0.0,0.0,1.0986122886681096,2.9444389791664403,3.4011973816621555,4.143134726391533,2.8903717578961645,1.0986122886681096,1.6094379124341003,1.0986122886681096,0.6931471805599453,2.5649493574615367,2.3978952727983707,1.6094379124341003
Cell_1978,600+ Year (Centenarian),600,Developing Secondary Xylem (VND6/7+),0.3087448013811995,43,0,4,0,0,0,2,17,26,47,20,5,0,2,0,5,9,10,0.0,1.6094379124341003,0.0,0.0,0.0,1.0986122886681096,2.8903717578961645,3.295836866004329,3.8712010109078907,3.044522437723423,1.791759469228055,0.0,1.0986122886681096,0.0,1.791759469228055,2.302585092994046,2.3978952727983707
Cell_1979,600+ Year (Centenarian),600,Developing Secondary Xylem (VND6/7+),0.6065787416726279,45,1,2,0,0,0,0,14,18,31,18,3,3,4,0,9,11,17,0.6931471805599453,1.0986122886681096,0.0,0.0,0.0,0.0,2.70805020110221,2.9444389791664403,3.4657359027997265,2.9444389791664403,1.3862943611198906,1.3862943611198906,1.6094379124341003,0.0,2.302585092994046,2.4849066497880004,2.8903717578961645
Cell_1980,600+ Year (Centenarian),600,Developing Secondary Xylem (VND6/7+),0.6621702104563495,54,4,2,0,3,0,2,32,16,53,18,3,1,1,1,7,9,7,1.6094379124341003,1.0986122886681096,0.0,1.3862943611198906,0.0,1.0986122886681096,3.4965075614664802,2.833213344056216,3.9889840465642745,2.9444389791664403,1.3862943611198906,0.6931471805599453,0.6931471805599453,0.6931471805599453,2.0794415416798357,2.302585092994046,2.0794415416798357
Cell_1981,600+ Year (Centenarian),600,Developing Secondary Xylem (VND6/7+),0.5801742668758313,28,0,3,0,0,7,4,34,37,36,13,2,3,5,0,14,26,2,0.0,1.3862943611198906,0.0,0.0,2.0794415416798357,1.6094379124341003,3.5553480614894135,3.6375861597263857,3.6109179126442243,2.639057329615259,1.0986122886681096,1.3862943611198906,1.791759469228055,0.0,2.70805020110221,3.295836866004329,1.0986122886681096
Cell_1982,600+ Year (Centenarian),600,Developing Secondary Xylem (VND6/7+),0.2698467376453941,49,0,1,1,1,9,1,31,18,42,30,7,6,5,0,11,11,4,0.0,0.6931471805599453,0.6931471805599453,0.6931471805599453,2.302585092994046,0.6931471805599453,3.4657359027997265,2.9444389791664403,3.7612001156935624,3.4339872044851463,2.0794415416798357,1.9459101490553132,1.791759469228055,0.0,2.4849066497880004,2.4849066497880004,1.6094379124341003
Cell_1983,600+ Year (Centenarian),600,Developing Secondary Xylem (VND6/7+),0.8440056525184072,42,0,4,1,0,2,3,29,22,29,17,4,3,2,3,6,6,5,0.0,1.6094379124341003,0.6931471805599453,0.0,1.0986122886681096,1.3862943611198906,3.4011973816621555,3.1354942159291497,3.4011973816621555,2.8903717578961645,1.6094379124341003,1.3862943611198906,1.0986122886681096,1.3862943611198906,1.9459101490553132,1.9459101490553132,1.791759469228055
Cell_1984,600+ Year (Centenarian),600,Developing Secondary Xylem (VND6/7+),0.5671857488982187,53,3,5,0,0,0,1,36,29,44,27,4,2,4,3,9,6,2,1.3862943611198906,1.791759469228055,0.0,0.0,0.0,0.6931471805599453,3.6109179126442243,3.4011973816621555,3.8066624897703196,3.332204510175204,1.6094379124341003,1.0986122886681096,1.6094379124341003,1.3862943611198906,2.302585092994046,1.9459101490553132,1.0986122886681096
Cell_1985,600+ Year (Centenarian),600,Developing Secondary Xylem (VND6/7+),0.8051863427189604,47,0,5,0,1,1,1,37,17,28,7,3,1,7,2,5,11,1,0.0,1.791759469228055,0.0,0.6931471805599453,0.6931471805599453,0.6931471805599453,3.6375861597263857,2.8903717578961645,3.367295829986474,2.0794415416798357,1.3862943611198906,0.6931471805599453,2.0794415416798357,1.0986122886681096,1.791759469228055,2.4849066497880004,0.6931471805599453
Cell_1986,600+ Year (Centenarian),600,Developing Secondary Xylem (VND6/7+),0.5611353680922947,51,3,0,0,0,2,2,16,14,54,10,3,5,7,0,9,12,4,1.3862943611198906,0.0,0.0,0.0,1.0986122886681096,1.0986122886681096,2.833213344056216,2.70805020110221,4.007333185232471,2.3978952727983707,1.3862943611198906,1.791759469228055,2.0794415416798357,0.0,2.302585092994046,2.5649493574615367,1.6094379124341003
Cell_1987,600+ Year (Centenarian),600,Developing Secondary Xylem (VND6/7+),0.8981743163795887,44,2,2,1,0,0,2,8,38,35,16,9,7,5,0,4,14,9,1.0986122886681096,1.0986122886681096,0.6931471805599453,0.0,0.0,1.0986122886681096,2.1972245773362196,3.6635616461296463,3.58351893845611,2.833213344056216,2.302585092994046,2.0794415416798357,1.791759469228055,0.0,1.6094379124341003,2.70805020110221,2.302585092994046
Cell_1988,600+ Year (Centenarian),600,Developing Secondary Xylem (VND6/7+),0.6864124844457011,49,2,2,1,0,2,1,25,25,26,17,3,1,0,6,4,15,6,1.0986122886681096,1.0986122886681096,0.6931471805599453,0.0,1.0986122886681096,0.6931471805599453,3.258096538021482,3.258096538021482,3.295836866004329,2.8903717578961645,1.3862943611198906,0.6931471805599453,0.0,1.9459101490553132,1.6094379124341003,2.772588722239781,1.9459101490553132
Cell_1989,600+ Year (Centenarian),600,Developing Secondary Xylem (VND6/7+),0.7310901681523483,22,1,3,1,0,0,1,25,26,29,19,2,5,4,0,6,18,5,0.6931471805599453,1.3862943611198906,0.6931471805599453,0.0,0.0,0.6931471805599453,3.258096538021482,3.295836866004329,3.4011973816621555,2.995732273553991,1.0986122886681096,1.791759469228055,1.6094379124341003,0.0,1.9459101490553132,2.9444389791664403,1.791759469228055
Cell_1990,600+ Year (Centenarian),600,Developing Secondary Xylem (VND6/7+),0.8506391030907966,55,1,1,0,0,1,0,24,38,42,14,3,2,1,2,3,13,3,0.6931471805599453,0.6931471805599453,0.0,0.0,0.6931471805599453,0.0,3.2188758248682006,3.6635616461296463,3.7612001156935624,2.70805020110221,1.3862943611198906,1.0986122886681096,0.6931471805599453,1.0986122886681096,1.3862943611198906,2.639057329615259,1.3862943611198906
Cell_1991,600+ Year (Centenarian),600,Developing Secondary Xylem (VND6/7+),0.4812335376351273,55,3,4,0,0,2,0,26,28,69,18,7,1,15,2,3,12,5,1.3862943611198906,1.6094379124341003,0.0,0.0,1.0986122886681096,0.0,3.295836866004329,3.367295829986474,4.248495242049359,2.9444389791664403,2.0794415416798357,0.6931471805599453,2.772588722239781,1.0986122886681096,1.3862943611198906,2.5649493574615367,1.791759469228055
Cell_1992,600+ Year (Centenarian),600,Developing Secondary Xylem (VND6/7+),0.5083211874817956,57,1,7,0,0,2,6,24,23,42,17,6,1,1,1,8,11,8,0.6931471805599453,2.0794415416798357,0.0,0.0,1.0986122886681096,1.9459101490553132,3.2188758248682006,3.1780538303479458,3.7612001156935624,2.8903717578961645,1.9459101490553132,0.6931471805599453,0.6931471805599453,0.6931471805599453,2.1972245773362196,2.4849066497880004,2.1972245773362196
Cell_1993,600+ Year (Centenarian),600,Developing Secondary Xylem (VND6/7+),0.9444153838989653,51,2,12,1,0,2,0,17,27,52,15,4,1,1,2,11,11,4,1.0986122886681096,2.5649493574615367,0.6931471805599453,0.0,1.0986122886681096,0.0,2.8903717578961645,3.332204510175204,3.970291913552122,2.772588722239781,1.6094379124341003,0.6931471805599453,0.6931471805599453,1.0986122886681096,2.4849066497880004,2.4849066497880004,1.6094379124341003
Cell_1994,600+ Year (Centenarian),600,Developing Secondary Xylem (VND6/7+),0.3725208318035752,32,0,1,1,0,1,2,26,28,41,19,1,9,1,3,6,10,7,0.0,0.6931471805599453,0.6931471805599453,0.0,0.6931471805599453,1.0986122886681096,3.295836866004329,3.367295829986474,3.7376696182833684,2.995732273553991,0.6931471805599453,2.302585092994046,0.6931471805599453,1.3862943611198906,1.9459101490553132,2.3978952727983707,2.0794415416798357
Cell_1995,600+ Year (Centenarian),600,Developing Secondary Xylem (VND6/7+),0.6571192503158683,48,2,1,1,0,0,2,28,29,45,8,4,12,7,0,8,7,7,1.0986122886681096,0.6931471805599453,0.6931471805599453,0.0,0.0,1.0986122886681096,3.367295829986474,3.4011973816621555,3.828641396489095,2.1972245773362196,1.6094379124341003,2.5649493574615367,2.0794415416798357,0.0,2.1972245773362196,2.0794415416798357,2.0794415416798357
Cell_1996,600+ Year (Centenarian),600,Developing Secondary Xylem (VND6/7+),0.7703072840230845,45,2,3,1,0,0,0,34,29,26,29,0,4,1,1,5,20,15,1.0986122886681096,1.3862943611198906,0.6931471805599453,0.0,0.0,0.0,3.5553480614894135,3.4011973816621555,3.295836866004329,3.4011973816621555,0.0,1.6094379124341003,0.6931471805599453,0.6931471805599453,1.791759469228055,3.044522437723423,2.772588722239781
Cell_1997,600+ Year (Centenarian),600,Developing Secondary Xylem (VND6/7+),0.8495012714965051,57,3,10,2,1,4,1,40,34,43,18,4,0,0,0,3,7,0,1.3862943611198906,2.3978952727983707,1.0986122886681096,0.6931471805599453,1.6094379124341003,0.6931471805599453,3.713572066704308,3.5553480614894135,3.784189633918261,2.9444389791664403,1.6094379124341003,0.0,0.0,0.0,1.3862943611198906,2.0794415416798357,0.0
Cell_1998,600+ Year (Centenarian),600,Developing Secondary Xylem (VND6/7+),0.7243618772524584,62,0,2,0,0,3,1,37,26,49,24,3,1,0,4,6,9,9,0.0,1.0986122886681096,0.0,0.0,1.3862943611198906,0.6931471805599453,3.6375861597263857,3.295836866004329,3.912023005428146,3.2188758248682006,1.3862943611198906,0.6931471805599453,0.0,1.6094379124341003,1.9459101490553132,2.302585092994046,2.302585092994046
Cell_1999,600+ Year (Centenarian),600,Developing Secondary Xylem (VND6/7+),0.8253754852666569,47,1,4,0,0,0,1,29,15,53,24,2,1,3,4,9,5,8,0.6931471805599453,1.6094379124341003,0.0,0.0,0.0,0.6931471805599453,3.4011973816621555,2.772588722239781,3.9889840465642745,3.2188758248682006,1.0986122886681096,0.6931471805599453,1.3862943611198906,1.6094379124341003,2.302585092994046,1.791759469228055,2.1972245773362196
Cell_2000,600+ Year (Centenarian),600,Developing Secondary Xylem (VND6/7+),0.6873847385546982,47,1,1,0,1,4,2,22,20,27,15,2,6,2,0,9,9,10,0.6931471805599453,0.6931471805599453,0.0,0.6931471805599453,1.6094379124341003,1.0986122886681096,3.1354942159291497,3.044522437723423,3.332204510175204,2.772588722239781,1.0986122886681096,1.9459101490553132,1.0986122886681096,0.0,2.302585092994046,2.302585092994046,2.3978952727983707
Cell_2001,600+ Year (Centenarian),600,Developing Secondary Xylem (VND6/7+),0.41509101183741814,49,3,2,1,0,0,0,26,23,45,11,4,6,5,1,10,8,6,1.3862943611198906,1.0986122886681096,0.6931471805599453,0.0,0.0,0.0,3.295836866004329,3.1780538303479458,3.828641396489095,2.4849066497880004,1.6094379124341003,1.9459101490553132,1.791759469228055,0.6931471805599453,2.3978952727983707,2.1972245773362196,1.9459101490553132
Cell_2002,600+ Year (Centenarian),600,Developing Secondary Xylem (VND6/7+),0.74801718088641,53,1,3,2,0,2,3,22,21,29,8,2,3,2,4,15,7,8,0.6931471805599453,1.3862943611198906,1.0986122886681096,0.0,1.0986122886681096,1.3862943611198906,3.1354942159291497,3.091042453358316,3.4011973816621555,2.1972245773362196,1.0986122886681096,1.3862943611198906,1.0986122886681096,1.6094379124341003,2.772588722239781,2.0794415416798357,2.1972245773362196
Cell_2003,600+ Year (Centenarian),600,Developing Secondary Xylem (VND6/7+),0.7974747106378264,55,1,3,0,2,0,0,22,26,47,8,2,4,3,0,3,14,3,0.6931471805599453,1.3862943611198906,0.0,1.0986122886681096,0.0,0.0,3.1354942159291497,3.295836866004329,3.8712010109078907,2.1972245773362196,1.0986122886681096,1.6094379124341003,1.3862943611198906,0.0,1.3862943611198906,2.70805020110221,1.3862943611198906
Cell_2004,600+ Year (Centenarian),600,Developing Secondary Xylem (VND6/7+),0.6189262614044914,48,1,0,0,0,1,0,35,20,23,15,9,3,2,2,13,3,4,0.6931471805599453,0.0,0.0,0.0,0.6931471805599453,0.0,3.58351893845611,3.044522437723423,3.1780538303479458,2.772588722239781,2.302585092994046,1.3862943611198906,1.0986122886681096,1.0986122886681096,2.639057329615259,1.3862943611198906,1.6094379124341003
Cell_2005,600+ Year (Centenarian),600,Developing Secondary Xylem (VND6/7+),0.7241695179175297,42,1,3,0,0,2,2,20,30,32,19,1,1,1,3,7,15,1,0.6931471805599453,1.3862943611198906,0.0,0.0,1.0986122886681096,1.0986122886681096,3.044522437723423,3.4339872044851463,3.4965075614664802,2.995732273553991,0.6931471805599453,0.6931471805599453,0.6931471805599453,1.3862943611198906,2.0794415416798357,2.772588722239781,0.6931471805599453
Cell_2006,600+ Year (Centenarian),600,Developing Secondary Xylem (VND6/7+),0.7996666827911483,35,2,3,0,0,1,0,22,19,32,16,1,4,0,0,4,21,8,1.0986122886681096,1.3862943611198906,0.0,0.0,0.6931471805599453,0.0,3.1354942159291497,2.995732273553991,3.4965075614664802,2.833213344056216,0.6931471805599453,1.6094379124341003,0.0,0.0,1.6094379124341003,3.091042453358316,2.1972245773362196
Cell_2007,600+ Year (Centenarian),600,Developing Secondary Xylem (VND6/7+),0.8277037546028522,53,3,0,0,0,2,2,40,16,31,24,4,2,2,0,8,17,8,1.3862943611198906,0.0,0.0,0.0,1.0986122886681096,1.0986122886681096,3.713572066704308,2.833213344056216,3.4657359027997265,3.2188758248682006,1.6094379124341003,1.0986122886681096,1.0986122886681096,0.0,2.1972245773362196,2.8903717578961645,2.1972245773362196
Cell_2008,600+ Year (Centenarian),600,Developing Secondary Xylem (VND6/7+),0.4409500162748585,38,0,2,0,0,2,1,19,29,44,20,14,0,1,0,2,7,3,0.0,1.0986122886681096,0.0,0.0,1.0986122886681096,0.6931471805599453,2.995732273553991,3.4011973816621555,3.8066624897703196,3.044522437723423,2.70805020110221,0.0,0.6931471805599453,0.0,1.0986122886681096,2.0794415416798357,1.3862943611198906
Cell_2009,600+ Year (Centenarian),600,Developing Secondary Xylem (VND6/7+),0.8442785502012577,38,2,6,0,3,4,1,37,26,50,16,14,5,5,0,5,8,14,1.0986122886681096,1.9459101490553132,0.0,1.3862943611198906,1.6094379124341003,0.6931471805599453,3.6375861597263857,3.295836866004329,3.9318256327243257,2.833213344056216,2.70805020110221,1.791759469228055,1.791759469228055,0.0,1.791759469228055,2.1972245773362196,2.70805020110221
Cell_2010,600+ Year (Centenarian),600,Developing Secondary Xylem (VND6/7+),0.7448549203384517,55,0,1,1,0,2,2,22,38,32,8,1,1,2,0,2,14,10,0.0,0.6931471805599453,0.6931471805599453,0.0,1.0986122886681096,1.0986122886681096,3.1354942159291497,3.6635616461296463,3.4965075614664802,2.1972245773362196,0.6931471805599453,0.6931471805599453,1.0986122886681096,0.0,1.0986122886681096,2.70805020110221,2.3978952727983707
Cell_2011,600+ Year (Centenarian),600,Developing Secondary Xylem (VND6/7+),0.8403934126337934,48,2,4,0,1,2,1,26,21,32,20,0,3,1,2,10,8,12,1.0986122886681096,1.6094379124341003,0.0,0.6931471805599453,1.0986122886681096,0.6931471805599453,3.295836866004329,3.091042453358316,3.4965075614664802,3.044522437723423,0.0,1.3862943611198906,0.6931471805599453,1.0986122886681096,2.3978952727983707,2.1972245773362196,2.5649493574615367
Cell_2012,600+ Year (Centenarian),600,Developing Secondary Xylem (VND6/7+),0.7858135803836823,53,4,2,0,0,1,0,32,22,60,12,3,6,3,1,22,11,5,1.6094379124341003,1.0986122886681096,0.0,0.0,0.6931471805599453,0.0,3.4965075614664802,3.1354942159291497,4.110873864173311,2.5649493574615367,1.3862943611198906,1.9459101490553132,1.3862943611198906,0.6931471805599453,3.1354942159291497,2.4849066497880004,1.791759469228055
Cell_2013,600+ Year (Centenarian),600,Developing Secondary Xylem (VND6/7+),0.6648553507837648,41,0,3,0,0,1,1,23,20,42,24,4,3,1,1,11,7,4,0.0,1.3862943611198906,0.0,0.0,0.6931471805599453,0.6931471805599453,3.1780538303479458,3.044522437723423,3.7612001156935624,3.2188758248682006,1.6094379124341003,1.3862943611198906,0.6931471805599453,0.6931471805599453,2.4849066497880004,2.0794415416798357,1.6094379124341003
Cell_2014,600+ Year (Centenarian),600,Developing Secondary Xylem (VND6/7+),0.5374945275640984,54,4,5,0,0,0,3,32,10,58,17,6,4,3,0,9,15,7,1.6094379124341003,1.791759469228055,0.0,0.0,0.0,1.3862943611198906,3.4965075614664802,2.3978952727983707,4.07753744390572,2.8903717578961645,1.9459101490553132,1.6094379124341003,1.3862943611198906,0.0,2.302585092994046,2.772588722239781,2.0794415416798357
Cell_2015,600+ Year (Centenarian),600,Developing Secondary Xylem (VND6/7+),0.7657892300934545,52,4,6,0,0,1,1,30,16,33,17,2,2,0,0,6,8,7,1.6094379124341003,1.9459101490553132,0.0,0.0,0.6931471805599453,0.6931471805599453,3.4339872044851463,2.833213344056216,3.5263605246161616,2.8903717578961645,1.0986122886681096,1.0986122886681096,0.0,0.0,1.9459101490553132,2.1972245773362196,2.0794415416798357
Cell_2016,600+ Year (Centenarian),600,Developing Secondary Xylem (VND6/7+),0.37891421723967383,47,0,3,1,0,0,1,32,18,43,11,1,2,3,2,10,13,8,0.0,1.3862943611198906,0.6931471805599453,0.0,0.0,0.6931471805599453,3.4965075614664802,2.9444389791664403,3.784189633918261,2.4849066497880004,0.6931471805599453,1.0986122886681096,1.3862943611198906,1.0986122886681096,2.3978952727983707,2.639057329615259,2.1972245773362196
Cell_2017,600+ Year (Centenarian),600,Developing Secondary Xylem (VND6/7+),0.5924170826972364,42,1,6,0,1,0,7,19,37,34,9,1,9,6,4,3,6,6,0.6931471805599453,1.9459101490553132,0.0,0.6931471805599453,0.0,2.0794415416798357,2.995732273553991,3.6375861597263857,3.5553480614894135,2.302585092994046,0.6931471805599453,2.302585092994046,1.9459101490553132,1.6094379124341003,1.3862943611198906,1.9459101490553132,1.9459101490553132
Cell_2018,600+ Year (Centenarian),600,Developing Secondary Xylem (VND6/7+),0.6265037839134683,57,7,3,1,1,1,0,40,32,28,24,1,1,4,2,23,16,6,2.0794415416798357,1.3862943611198906,0.6931471805599453,0.6931471805599453,0.6931471805599453,0.0,3.713572066704308,3.4965075614664802,3.367295829986474,3.2188758248682006,0.6931471805599453,0.6931471805599453,1.6094379124341003,1.0986122886681096,3.1780538303479458,2.833213344056216,1.9459101490553132
Cell_2019,600+ Year (Centenarian),600,Developing Secondary Xylem (VND6/7+),0.8253174847164234,38,1,3,3,1,3,2,32,15,26,18,6,4,6,1,8,9,3,0.6931471805599453,1.3862943611198906,1.3862943611198906,0.6931471805599453,1.3862943611198906,1.0986122886681096,3.4965075614664802,2.772588722239781,3.295836866004329,2.9444389791664403,1.9459101490553132,1.6094379124341003,1.9459101490553132,0.6931471805599453,2.1972245773362196,2.302585092994046,1.3862943611198906
Cell_2020,600+ Year (Centenarian),600,Developing Secondary Xylem (VND6/7+),0.5582102813128238,50,3,6,0,0,0,0,34,14,47,16,5,1,6,2,10,15,9,1.3862943611198906,1.9459101490553132,0.0,0.0,0.0,0.0,3.5553480614894135,2.70805020110221,3.8712010109078907,2.833213344056216,1.791759469228055,0.6931471805599453,1.9459101490553132,1.0986122886681096,2.3978952727983707,2.772588722239781,2.302585092994046
Cell_2021,600+ Year (Centenarian),600,Developing Secondary Xylem (VND6/7+),0.2347289640300274,48,3,3,1,1,3,0,30,29,67,15,1,1,1,2,4,33,3,1.3862943611198906,1.3862943611198906,0.6931471805599453,0.6931471805599453,1.3862943611198906,0.0,3.4339872044851463,3.4011973816621555,4.219507705176107,2.772588722239781,0.6931471805599453,0.6931471805599453,0.6931471805599453,1.0986122886681096,1.6094379124341003,3.5263605246161616,1.3862943611198906
Cell_2022,600+ Year (Centenarian),600,Developing Secondary Xylem (VND6/7+),0.8149101494520518,50,1,2,0,0,1,0,55,20,58,13,7,9,1,1,3,18,2,0.6931471805599453,1.0986122886681096,0.0,0.0,0.6931471805599453,0.0,4.02535169073515,3.044522437723423,4.07753744390572,2.639057329615259,2.0794415416798357,2.302585092994046,0.6931471805599453,0.6931471805599453,1.3862943611198906,2.9444389791664403,1.0986122886681096
Cell_2023,600+ Year (Centenarian),600,Developing Secondary Xylem (VND6/7+),0.8839866068630269,63,0,1,0,0,2,1,36,21,37,19,2,3,4,0,8,8,6,0.0,0.6931471805599453,0.0,0.0,1.0986122886681096,0.6931471805599453,3.6109179126442243,3.091042453358316,3.6375861597263857,2.995732273553991,1.0986122886681096,1.3862943611198906,1.6094379124341003,0.0,2.1972245773362196,2.1972245773362196,1.9459101490553132
Cell_2024,600+ Year (Centenarian),600,Developing Secondary Xylem (VND6/7+),0.5948712053236646,50,1,1,0,0,0,3,20,23,52,19,4,1,8,0,2,6,4,0.6931471805599453,0.6931471805599453,0.0,0.0,0.0,1.3862943611198906,3.044522437723423,3.1780538303479458,3.970291913552122,2.995732273553991,1.6094379124341003,0.6931471805599453,2.1972245773362196,0.0,1.0986122886681096,1.9459101490553132,1.6094379124341003
Cell_2025,600+ Year (Centenarian),600,Developing Secondary Xylem (VND6/7+),0.8479441329488221,47,1,1,0,0,2,1,28,26,47,17,10,4,7,0,9,9,10,0.6931471805599453,0.6931471805599453,0.0,0.0,1.0986122886681096,0.6931471805599453,3.367295829986474,3.295836866004329,3.8712010109078907,2.8903717578961645,2.3978952727983707,1.6094379124341003,2.0794415416798357,0.0,2.302585092994046,2.302585092994046,2.3978952727983707
Cell_2026,600+ Year (Centenarian),600,Developing Secondary Xylem (VND6/7+),0.5918173637473484,52,0,0,0,0,0,2,45,32,63,5,3,4,1,1,6,14,5,0.0,0.0,0.0,0.0,0.0,1.0986122886681096,3.828641396489095,3.4965075614664802,4.1588830833596715,1.791759469228055,1.3862943611198906,1.6094379124341003,0.6931471805599453,0.6931471805599453,1.9459101490553132,2.70805020110221,1.791759469228055
Cell_2027,600+ Year (Centenarian),600,Developing Secondary Xylem (VND6/7+),0.8084265703404511,55,1,3,1,0,1,0,31,14,30,13,3,2,4,0,6,11,3,0.6931471805599453,1.3862943611198906,0.6931471805599453,0.0,0.6931471805599453,0.0,3.4657359027997265,2.70805020110221,3.4339872044851463,2.639057329615259,1.3862943611198906,1.0986122886681096,1.6094379124341003,0.0,1.9459101490553132,2.4849066497880004,1.3862943611198906
Cell_2028,600+ Year (Centenarian),600,Developing Secondary Xylem (VND6/7+),0.6957623163351239,62,2,4,0,0,3,2,31,19,42,17,2,0,1,1,0,8,1,1.0986122886681096,1.6094379124341003,0.0,0.0,1.3862943611198906,1.0986122886681096,3.4657359027997265,2.995732273553991,3.7612001156935624,2.8903717578961645,1.0986122886681096,0.0,0.6931471805599453,0.6931471805599453,0.0,2.1972245773362196,0.6931471805599453
Cell_2029,600+ Year (Centenarian),600,Developing Secondary Xylem (VND6/7+),0.4418683265374825,56,1,5,0,0,1,1,18,27,40,14,2,4,2,1,8,17,6,0.6931471805599453,1.791759469228055,0.0,0.0,0.6931471805599453,0.6931471805599453,2.9444389791664403,3.332204510175204,3.713572066704308,2.70805020110221,1.0986122886681096,1.6094379124341003,1.0986122886681096,0.6931471805599453,2.1972245773362196,2.8903717578961645,1.9459101490553132
Cell_2030,600+ Year (Centenarian),600,Developing Secondary Xylem (VND6/7+),0.6704989122983743,56,0,0,0,0,0,0,18,28,43,18,6,1,5,0,7,15,6,0.0,0.0,0.0,0.0,0.0,0.0,2.9444389791664403,3.367295829986474,3.784189633918261,2.9444389791664403,1.9459101490553132,0.6931471805599453,1.791759469228055,0.0,2.0794415416798357,2.772588722239781,1.9459101490553132
Cell_2031,600+ Year (Centenarian),600,Developing Secondary Xylem (VND6/7+),0.9276722883309927,60,1,1,0,0,0,1,15,13,62,23,2,0,3,2,18,27,3,0.6931471805599453,0.6931471805599453,0.0,0.0,0.0,0.6931471805599453,2.772588722239781,2.639057329615259,4.143134726391533,3.1780538303479458,1.0986122886681096,0.0,1.3862943611198906,1.0986122886681096,2.9444389791664403,3.332204510175204,1.3862943611198906
Cell_2032,600+ Year (Centenarian),600,Developing Secondary Xylem (VND6/7+),0.8651231250299021,46,1,4,0,0,3,5,21,31,16,17,4,0,2,2,7,9,7,0.6931471805599453,1.6094379124341003,0.0,0.0,1.3862943611198906,1.791759469228055,3.091042453358316,3.4657359027997265,2.833213344056216,2.8903717578961645,1.6094379124341003,0.0,1.0986122886681096,1.0986122886681096,2.0794415416798357,2.302585092994046,2.0794415416798357
Cell_2033,600+ Year (Centenarian),600,Developing Secondary Xylem (VND6/7+),0.9878261156127383,46,4,4,0,0,4,0,41,10,39,9,1,3,3,4,3,6,7,1.6094379124341003,1.6094379124341003,0.0,0.0,1.6094379124341003,0.0,3.7376696182833684,2.3978952727983707,3.6888794541139363,2.302585092994046,0.6931471805599453,1.3862943611198906,1.3862943611198906,1.6094379124341003,1.3862943611198906,1.9459101490553132,2.0794415416798357
Cell_2034,600+ Year (Centenarian),600,Developing Secondary Xylem (VND6/7+),0.48591083732534573,38,4,2,1,0,0,1,48,31,33,34,2,3,7,5,3,14,5,1.6094379124341003,1.0986122886681096,0.6931471805599453,0.0,0.0,0.6931471805599453,3.8918202981106265,3.4657359027997265,3.5263605246161616,3.5553480614894135,1.0986122886681096,1.3862943611198906,2.0794415416798357,1.791759469228055,1.3862943611198906,2.70805020110221,1.791759469228055
Cell_2035,600+ Year (Centenarian),600,Developing Secondary Xylem (VND6/7+),0.7409205867999213,38,1,2,0,0,1,0,13,23,34,22,4,9,3,0,23,11,1,0.6931471805599453,1.0986122886681096,0.0,0.0,0.6931471805599453,0.0,2.639057329615259,3.1780538303479458,3.5553480614894135,3.1354942159291497,1.6094379124341003,2.302585092994046,1.3862943611198906,0.0,3.1780538303479458,2.4849066497880004,0.6931471805599453
Cell_2036,600+ Year (Centenarian),600,Developing Secondary Xylem (VND6/7+),0.7787876458242269,58,0,1,0,0,0,2,15,22,50,14,4,4,0,0,5,10,7,0.0,0.6931471805599453,0.0,0.0,0.0,1.0986122886681096,2.772588722239781,3.1354942159291497,3.9318256327243257,2.70805020110221,1.6094379124341003,1.6094379124341003,0.0,0.0,1.791759469228055,2.3978952727983707,2.0794415416798357
Cell_2037,600+ Year (Centenarian),600,Developing Secondary Xylem (VND6/7+),0.549749487150017,56,0,2,0,1,1,0,35,11,25,15,2,3,4,0,5,14,9,0.0,1.0986122886681096,0.0,0.6931471805599453,0.6931471805599453,0.0,3.58351893845611,2.4849066497880004,3.258096538021482,2.772588722239781,1.0986122886681096,1.3862943611198906,1.6094379124341003,0.0,1.791759469228055,2.70805020110221,2.302585092994046
Cell_2038,600+ Year (Centenarian),600,Developing Secondary Xylem (VND6/7+),0.785517791654712,44,1,0,0,1,1,1,24,21,37,22,5,2,3,2,5,13,13,0.6931471805599453,0.0,0.0,0.6931471805599453,0.6931471805599453,0.6931471805599453,3.2188758248682006,3.091042453358316,3.6375861597263857,3.1354942159291497,1.791759469228055,1.0986122886681096,1.3862943611198906,1.0986122886681096,1.791759469228055,2.639057329615259,2.639057329615259
Cell_2039,600+ Year (Centenarian),600,Developing Secondary Xylem (VND6/7+),0.4213769418732512,61,0,2,0,0,0,0,36,19,34,10,0,5,8,0,4,18,3,0.0,1.0986122886681096,0.0,0.0,0.0,0.0,3.6109179126442243,2.995732273553991,3.5553480614894135,2.3978952727983707,0.0,1.791759469228055,2.1972245773362196,0.0,1.6094379124341003,2.9444389791664403,1.3862943611198906
Cell_2040,600+ Year (Centenarian),600,Developing Secondary Xylem (VND6/7+),0.8730424594711739,44,6,7,0,0,1,0,41,10,51,20,4,8,3,1,4,17,8,1.9459101490553132,2.0794415416798357,0.0,0.0,0.6931471805599453,0.0,3.7376696182833684,2.3978952727983707,3.9512437185814275,3.044522437723423,1.6094379124341003,2.1972245773362196,1.3862943611198906,0.6931471805599453,1.6094379124341003,2.8903717578961645,2.1972245773362196
Cell_2041,600+ Year (Centenarian),600,Developing Secondary Xylem (VND6/7+),0.5013026740237213,47,0,9,0,0,0,0,25,39,34,13,2,3,5,2,7,6,10,0.0,2.302585092994046,0.0,0.0,0.0,0.0,3.258096538021482,3.6888794541139363,3.5553480614894135,2.639057329615259,1.0986122886681096,1.3862943611198906,1.791759469228055,1.0986122886681096,2.0794415416798357,1.9459101490553132,2.3978952727983707
Cell_2042,600+ Year (Centenarian),600,Developing Secondary Xylem (VND6/7+),0.5820199226262704,52,7,1,0,1,2,2,12,27,34,21,10,1,2,0,7,21,1,2.0794415416798357,0.6931471805599453,0.0,0.6931471805599453,1.0986122886681096,1.0986122886681096,2.5649493574615367,3.332204510175204,3.5553480614894135,3.091042453358316,2.3978952727983707,0.6931471805599453,1.0986122886681096,0.0,2.0794415416798357,3.091042453358316,0.6931471805599453
Cell_2043,600+ Year (Centenarian),600,Developing Secondary Xylem (VND6/7+),0.7079070492539795,51,4,2,1,1,0,1,33,28,64,12,2,3,4,2,20,16,6,1.6094379124341003,1.0986122886681096,0.6931471805599453,0.6931471805599453,0.0,0.6931471805599453,3.5263605246161616,3.367295829986474,4.174387269895637,2.5649493574615367,1.0986122886681096,1.3862943611198906,1.6094379124341003,1.0986122886681096,3.044522437723423,2.833213344056216,1.9459101490553132
Cell_2044,600+ Year (Centenarian),600,Developing Secondary Xylem (VND6/7+),0.550926919487174,46,7,4,0,0,1,0,24,13,40,17,9,2,1,0,2,3,4,2.0794415416798357,1.6094379124341003,0.0,0.0,0.6931471805599453,0.0,3.2188758248682006,2.639057329615259,3.713572066704308,2.8903717578961645,2.302585092994046,1.0986122886681096,0.6931471805599453,0.0,1.0986122886681096,1.3862943611198906,1.6094379124341003
Cell_2045,600+ Year (Centenarian),600,Developing Secondary Xylem (VND6/7+),0.8160876010099337,59,1,1,1,0,0,1,33,19,34,19,2,3,4,1,10,8,2,0.6931471805599453,0.6931471805599453,0.6931471805599453,0.0,0.0,0.6931471805599453,3.5263605246161616,2.995732273553991,3.5553480614894135,2.995732273553991,1.0986122886681096,1.3862943611198906,1.6094379124341003,0.6931471805599453,2.3978952727983707,2.1972245773362196,1.0986122886681096
Cell_2046,600+ Year (Centenarian),600,Developing Secondary Xylem (VND6/7+),0.5924210253130282,53,1,2,0,0,1,1,37,15,36,17,7,4,2,3,9,9,5,0.6931471805599453,1.0986122886681096,0.0,0.0,0.6931471805599453,0.6931471805599453,3.6375861597263857,2.772588722239781,3.6109179126442243,2.8903717578961645,2.0794415416798357,1.6094379124341003,1.0986122886681096,1.3862943611198906,2.302585092994046,2.302585092994046,1.791759469228055
Cell_2047,600+ Year (Centenarian),600,Developing Secondary Xylem (VND6/7+),0.4567503081923991,47,2,1,0,0,0,2,28,26,37,14,1,0,3,4,15,7,21,1.0986122886681096,0.6931471805599453,0.0,0.0,0.0,1.0986122886681096,3.367295829986474,3.295836866004329,3.6375861597263857,2.70805020110221,0.6931471805599453,0.0,1.3862943611198906,1.6094379124341003,2.772588722239781,2.0794415416798357,3.091042453358316
Cell_2048,600+ Year (Centenarian),600,Developing Secondary Xylem (VND6/7+),0.9112239580099837,57,2,8,1,0,0,4,26,24,14,18,1,2,0,1,5,29,10,1.0986122886681096,2.1972245773362196,0.6931471805599453,0.0,0.0,1.6094379124341003,3.295836866004329,3.2188758248682006,2.70805020110221,2.9444389791664403,0.6931471805599453,1.0986122886681096,0.0,0.6931471805599453,1.791759469228055,3.4011973816621555,2.3978952727983707
Cell_2049,600+ Year (Centenarian),600,Developing Secondary Xylem (VND6/7+),0.45276880777975637,41,1,5,0,1,4,2,20,22,36,10,3,1,1,3,1,16,0,0.6931471805599453,1.791759469228055,0.0,0.6931471805599453,1.6094379124341003,1.0986122886681096,3.044522437723423,3.1354942159291497,3.6109179126442243,2.3978952727983707,1.3862943611198906,0.6931471805599453,0.6931471805599453,1.3862943611198906,0.6931471805599453,2.833213344056216,0.0
Cell_2050,600+ Year (Centenarian),600,Developing Secondary Xylem (VND6/7+),0.8369826807499283,49,2,2,0,0,0,2,29,37,37,17,1,7,4,1,10,8,4,1.0986122886681096,1.0986122886681096,0.0,0.0,0.0,1.0986122886681096,3.4011973816621555,3.6375861597263857,3.6375861597263857,2.8903717578961645,0.6931471805599453,2.0794415416798357,1.6094379124341003,0.6931471805599453,2.3978952727983707,2.1972245773362196,1.6094379124341003
Cell_2051,600+ Year (Centenarian),600,Developing Secondary Xylem (VND6/7+),0.44258484877672294,53,0,1,0,0,1,2,45,24,36,18,3,3,0,1,2,7,7,0.0,0.6931471805599453,0.0,0.0,0.6931471805599453,1.0986122886681096,3.828641396489095,3.2188758248682006,3.6109179126442243,2.9444389791664403,1.3862943611198906,1.3862943611198906,0.0,0.6931471805599453,1.0986122886681096,2.0794415416798357,2.0794415416798357
Cell_2052,600+ Year (Centenarian),600,Developing Secondary Xylem (VND6/7+),0.7432109136909637,59,1,0,1,0,1,0,25,21,39,9,3,1,5,0,12,9,9,0.6931471805599453,0.0,0.6931471805599453,0.0,0.6931471805599453,0.0,3.258096538021482,3.091042453358316,3.6888794541139363,2.302585092994046,1.3862943611198906,0.6931471805599453,1.791759469228055,0.0,2.5649493574615367,2.302585092994046,2.302585092994046
Cell_2053,600+ Year (Centenarian),600,Developing Secondary Xylem (VND6/7+),0.7059992551477582,45,3,4,0,0,0,1,33,39,47,13,5,8,6,0,8,17,6,1.3862943611198906,1.6094379124341003,0.0,0.0,0.0,0.6931471805599453,3.5263605246161616,3.6888794541139363,3.8712010109078907,2.639057329615259,1.791759469228055,2.1972245773362196,1.9459101490553132,0.0,2.1972245773362196,2.8903717578961645,1.9459101490553132
Cell_2054,600+ Year (Centenarian),600,Developing Secondary Xylem (VND6/7+),0.7150972290614579,46,0,1,0,0,0,0,23,17,60,24,0,5,1,0,6,22,3,0.0,0.6931471805599453,0.0,0.0,0.0,0.0,3.1780538303479458,2.8903717578961645,4.110873864173311,3.2188758248682006,0.0,1.791759469228055,0.6931471805599453,0.0,1.9459101490553132,3.1354942159291497,1.3862943611198906
Cell_2055,600+ Year (Centenarian),600,Developing Secondary Xylem (VND6/7+),0.6186529144616345,57,1,8,0,0,0,2,29,32,37,11,10,0,1,2,4,6,2,0.6931471805599453,2.1972245773362196,0.0,0.0,0.0,1.0986122886681096,3.4011973816621555,3.4965075614664802,3.6375861597263857,2.4849066497880004,2.3978952727983707,0.0,0.6931471805599453,1.0986122886681096,1.6094379124341003,1.9459101490553132,1.0986122886681096
Cell_2056,600+ Year (Centenarian),600,Developing Secondary Xylem (VND6/7+),0.6646286658531746,62,1,2,0,1,1,5,32,22,43,19,2,1,2,0,7,7,4,0.6931471805599453,1.0986122886681096,0.0,0.6931471805599453,0.6931471805599453,1.791759469228055,3.4965075614664802,3.1354942159291497,3.784189633918261,2.995732273553991,1.0986122886681096,0.6931471805599453,1.0986122886681096,0.0,2.0794415416798357,2.0794415416798357,1.6094379124341003
Cell_2057,600+ Year (Centenarian),600,Developing Secondary Xylem (VND6/7+),0.8643717350551334,62,1,3,0,0,1,3,22,52,21,33,2,2,1,0,3,14,8,0.6931471805599453,1.3862943611198906,0.0,0.0,0.6931471805599453,1.3862943611198906,3.1354942159291497,3.970291913552122,3.091042453358316,3.5263605246161616,1.0986122886681096,1.0986122886681096,0.6931471805599453,0.0,1.3862943611198906,2.70805020110221,2.1972245773362196
Cell_2058,600+ Year (Centenarian),600,Developing Secondary Xylem (VND6/7+),0.7002819214791615,60,2,4,1,0,0,4,50,30,44,7,8,1,0,1,14,20,3,1.0986122886681096,1.6094379124341003,0.6931471805599453,0.0,0.0,1.6094379124341003,3.9318256327243257,3.4339872044851463,3.8066624897703196,2.0794415416798357,2.1972245773362196,0.6931471805599453,0.0,0.6931471805599453,2.70805020110221,3.044522437723423,1.3862943611198906
Cell_2059,600+ Year (Centenarian),600,Developing Secondary Xylem (VND6/7+),0.6199122611542207,45,2,10,0,0,1,1,29,18,41,20,4,2,6,0,4,15,7,1.0986122886681096,2.3978952727983707,0.0,0.0,0.6931471805599453,0.6931471805599453,3.4011973816621555,2.9444389791664403,3.7376696182833684,3.044522437723423,1.6094379124341003,1.0986122886681096,1.9459101490553132,0.0,1.6094379124341003,2.772588722239781,2.0794415416798357
Cell_2060,600+ Year (Centenarian),600,Developing Secondary Xylem (VND6/7+),0.39946252859778586,44,1,1,1,0,0,1,24,12,52,21,4,3,2,3,2,21,6,0.6931471805599453,0.6931471805599453,0.6931471805599453,0.0,0.0,0.6931471805599453,3.2188758248682006,2.5649493574615367,3.970291913552122,3.091042453358316,1.6094379124341003,1.3862943611198906,1.0986122886681096,1.3862943611198906,1.0986122886681096,3.091042453358316,1.9459101490553132
Cell_2061,600+ Year (Centenarian),600,Developing Secondary Xylem (VND6/7+),0.8729393630111097,56,2,0,0,0,3,0,25,14,43,12,4,6,0,0,2,17,4,1.0986122886681096,0.0,0.0,0.0,1.3862943611198906,0.0,3.258096538021482,2.70805020110221,3.784189633918261,2.5649493574615367,1.6094379124341003,1.9459101490553132,0.0,0.0,1.0986122886681096,2.8903717578961645,1.6094379124341003
Cell_2062,600+ Year (Centenarian),600,Developing Secondary Xylem (VND6/7+),0.4144257298784496,49,0,3,0,0,0,0,38,11,19,6,4,2,2,3,8,11,9,0.0,1.3862943611198906,0.0,0.0,0.0,0.0,3.6635616461296463,2.4849066497880004,2.995732273553991,1.9459101490553132,1.6094379124341003,1.0986122886681096,1.0986122886681096,1.3862943611198906,2.1972245773362196,2.4849066497880004,2.302585092994046
Cell_2063,600+ Year (Centenarian),600,Developing Secondary Xylem (VND6/7+),0.44437759283568967,43,4,0,1,1,0,0,12,13,32,10,6,2,0,1,3,3,20,1.6094379124341003,0.0,0.6931471805599453,0.6931471805599453,0.0,0.0,2.5649493574615367,2.639057329615259,3.4965075614664802,2.3978952727983707,1.9459101490553132,1.0986122886681096,0.0,0.6931471805599453,1.3862943611198906,1.3862943611198906,3.044522437723423
Cell_2064,600+ Year (Centenarian),600,Developing Secondary Xylem (VND6/7+),0.9542262869161352,53,1,0,0,0,2,1,25,36,24,29,6,7,2,0,5,18,11,0.6931471805599453,0.0,0.0,0.0,1.0986122886681096,0.6931471805599453,3.258096538021482,3.6109179126442243,3.2188758248682006,3.4011973816621555,1.9459101490553132,2.0794415416798357,1.0986122886681096,0.0,1.791759469228055,2.9444389791664403,2.4849066497880004
Cell_2065,600+ Year (Centenarian),600,Developing Secondary Xylem (VND6/7+),0.8605241824389757,41,0,3,0,0,4,5,26,13,40,25,2,10,3,6,10,9,1,0.0,1.3862943611198906,0.0,0.0,1.6094379124341003,1.791759469228055,3.295836866004329,2.639057329615259,3.713572066704308,3.258096538021482,1.0986122886681096,2.3978952727983707,1.3862943611198906,1.9459101490553132,2.3978952727983707,2.302585092994046,0.6931471805599453
Cell_2066,600+ Year (Centenarian),600,Developing Secondary Xylem (VND6/7+),0.7890221138319016,51,5,5,1,0,1,0,24,8,57,18,2,1,5,0,4,26,7,1.791759469228055,1.791759469228055,0.6931471805599453,0.0,0.6931471805599453,0.0,3.2188758248682006,2.1972245773362196,4.060443010546419,2.9444389791664403,1.0986122886681096,0.6931471805599453,1.791759469228055,0.0,1.6094379124341003,3.295836866004329,2.0794415416798357
Cell_2067,600+ Year (Centenarian),600,Developing Secondary Xylem (VND6/7+),0.3751536030878064,57,2,4,0,0,1,1,48,28,48,13,4,0,6,2,4,15,9,1.0986122886681096,1.6094379124341003,0.0,0.0,0.6931471805599453,0.6931471805599453,3.8918202981106265,3.367295829986474,3.8918202981106265,2.639057329615259,1.6094379124341003,0.0,1.9459101490553132,1.0986122886681096,1.6094379124341003,2.772588722239781,2.302585092994046
Cell_2068,600+ Year (Centenarian),600,Developing Secondary Xylem (VND6/7+),0.8709026945301024,50,2,10,0,0,2,2,35,20,61,31,4,4,3,2,12,12,8,1.0986122886681096,2.3978952727983707,0.0,0.0,1.0986122886681096,1.0986122886681096,3.58351893845611,3.044522437723423,4.127134385045092,3.4657359027997265,1.6094379124341003,1.6094379124341003,1.3862943611198906,1.0986122886681096,2.5649493574615367,2.5649493574615367,2.1972245773362196
Cell_2069,600+ Year (Centenarian),600,Developing Secondary Xylem (VND6/7+),0.8753780411605274,49,1,2,2,0,0,2,25,13,46,24,5,0,7,0,13,6,8,0.6931471805599453,1.0986122886681096,1.0986122886681096,0.0,0.0,1.0986122886681096,3.258096538021482,2.639057329615259,3.8501476017100584,3.2188758248682006,1.791759469228055,0.0,2.0794415416798357,0.0,2.639057329615259,1.9459101490553132,2.1972245773362196
Cell_2070,600+ Year (Centenarian),600,Developing Secondary Xylem (VND6/7+),0.5947385225908335,42,1,2,0,1,0,1,46,30,51,15,0,1,3,1,8,14,7,0.6931471805599453,1.0986122886681096,0.0,0.6931471805599453,0.0,0.6931471805599453,3.8501476017100584,3.4339872044851463,3.9512437185814275,2.772588722239781,0.0,0.6931471805599453,1.3862943611198906,0.6931471805599453,2.1972245773362196,2.70805020110221,2.0794415416798357
Cell_2071,600+ Year (Centenarian),600,Developing Secondary Xylem (VND6/7+),0.8427093180559063,56,0,2,0,0,0,2,40,24,35,20,0,1,2,0,7,10,1,0.0,1.0986122886681096,0.0,0.0,0.0,1.0986122886681096,3.713572066704308,3.2188758248682006,3.58351893845611,3.044522437723423,0.0,0.6931471805599453,1.0986122886681096,0.0,2.0794415416798357,2.3978952727983707,0.6931471805599453
Cell_2072,600+ Year (Centenarian),600,Developing Secondary Xylem (VND6/7+),0.5683674857048866,49,3,2,0,1,1,0,28,41,62,13,0,2,7,1,3,9,3,1.3862943611198906,1.0986122886681096,0.0,0.6931471805599453,0.6931471805599453,0.0,3.367295829986474,3.7376696182833684,4.143134726391533,2.639057329615259,0.0,1.0986122886681096,2.0794415416798357,0.6931471805599453,1.3862943611198906,2.302585092994046,1.3862943611198906
Cell_2073,600+ Year (Centenarian),600,Developing Secondary Xylem (VND6/7+),0.7317375704370549,66,1,6,1,0,1,1,26,11,47,23,8,3,7,0,16,11,0,0.6931471805599453,1.9459101490553132,0.6931471805599453,0.0,0.6931471805599453,0.6931471805599453,3.295836866004329,2.4849066497880004,3.8712010109078907,3.1780538303479458,2.1972245773362196,1.3862943611198906,2.0794415416798357,0.0,2.833213344056216,2.4849066497880004,0.0
Cell_2074,600+ Year (Centenarian),600,Developing Secondary Xylem (VND6/7+),0.3888239148285386,58,1,3,2,0,0,0,36,34,44,22,1,3,1,4,12,10,9,0.6931471805599453,1.3862943611198906,1.0986122886681096,0.0,0.0,0.0,3.6109179126442243,3.5553480614894135,3.8066624897703196,3.1354942159291497,0.6931471805599453,1.3862943611198906,0.6931471805599453,1.6094379124341003,2.5649493574615367,2.3978952727983707,2.302585092994046
Cell_2075,600+ Year (Centenarian),600,Developing Secondary Xylem (VND6/7+),0.5266525237208116,57,4,5,2,1,1,1,31,17,34,20,1,1,0,3,14,6,14,1.6094379124341003,1.791759469228055,1.0986122886681096,0.6931471805599453,0.6931471805599453,0.6931471805599453,3.4657359027997265,2.8903717578961645,3.5553480614894135,3.044522437723423,0.6931471805599453,0.6931471805599453,0.0,1.3862943611198906,2.70805020110221,1.9459101490553132,2.70805020110221
Cell_2076,600+ Year (Centenarian),600,Developing Secondary Xylem (VND6/7+),0.8990463114160201,56,1,10,0,0,0,0,35,15,66,17,4,2,4,0,15,11,4,0.6931471805599453,2.3978952727983707,0.0,0.0,0.0,0.0,3.58351893845611,2.772588722239781,4.204692619390966,2.8903717578961645,1.6094379124341003,1.0986122886681096,1.6094379124341003,0.0,2.772588722239781,2.4849066497880004,1.6094379124341003
Cell_2077,600+ Year (Centenarian),600,Developing Secondary Xylem (VND6/7+),0.6651995927703891,43,2,4,0,0,0,2,41,26,67,23,3,5,1,1,9,9,3,1.0986122886681096,1.6094379124341003,0.0,0.0,0.0,1.0986122886681096,3.7376696182833684,3.295836866004329,4.219507705176107,3.1780538303479458,1.3862943611198906,1.791759469228055,0.6931471805599453,0.6931471805599453,2.302585092994046,2.302585092994046,1.3862943611198906
Cell_2078,600+ Year (Centenarian),600,Developing Secondary Xylem (VND6/7+),0.9166085314144796,54,0,3,1,0,3,0,55,40,28,21,1,1,2,0,7,22,5,0.0,1.3862943611198906,0.6931471805599453,0.0,1.3862943611198906,0.0,4.02535169073515,3.713572066704308,3.367295829986474,3.091042453358316,0.6931471805599453,0.6931471805599453,1.0986122886681096,0.0,2.0794415416798357,3.1354942159291497,1.791759469228055
Cell_2079,600+ Year (Centenarian),600,Developing Secondary Xylem (VND6/7+),0.5813709202268142,43,6,0,1,0,1,1,33,25,23,13,2,1,3,1,9,15,9,1.9459101490553132,0.0,0.6931471805599453,0.0,0.6931471805599453,0.6931471805599453,3.5263605246161616,3.258096538021482,3.1780538303479458,2.639057329615259,1.0986122886681096,0.6931471805599453,1.3862943611198906,0.6931471805599453,2.302585092994046,2.772588722239781,2.302585092994046
Cell_2080,600+ Year (Centenarian),600,Developing Secondary Xylem (VND6/7+),0.9069003949908492,40,3,2,0,0,2,2,29,19,36,32,2,3,1,2,4,8,7,1.3862943611198906,1.0986122886681096,0.0,0.0,1.0986122886681096,1.0986122886681096,3.4011973816621555,2.995732273553991,3.6109179126442243,3.4965075614664802,1.0986122886681096,1.3862943611198906,0.6931471805599453,1.0986122886681096,1.6094379124341003,2.1972245773362196,2.0794415416798357
Cell_2081,600+ Year (Centenarian),600,Developing Secondary Xylem (VND6/7+),0.9311703417061246,53,1,1,0,0,0,3,33,34,37,30,6,0,3,2,8,11,5,0.6931471805599453,0.6931471805599453,0.0,0.0,0.0,1.3862943611198906,3.5263605246161616,3.5553480614894135,3.6375861597263857,3.4339872044851463,1.9459101490553132,0.0,1.3862943611198906,1.0986122886681096,2.1972245773362196,2.4849066497880004,1.791759469228055
Cell_2082,600+ Year (Centenarian),600,Developing Secondary Xylem (VND6/7+),0.6986685315390161,49,1,2,0,0,0,0,46,13,49,18,12,3,1,2,3,8,16,0.6931471805599453,1.0986122886681096,0.0,0.0,0.0,0.0,3.8501476017100584,2.639057329615259,3.912023005428146,2.9444389791664403,2.5649493574615367,1.3862943611198906,0.6931471805599453,1.0986122886681096,1.3862943611198906,2.1972245773362196,2.833213344056216
Cell_2083,600+ Year (Centenarian),600,Developing Secondary Xylem (VND6/7+),0.7737971637304124,43,4,1,2,0,0,1,18,15,44,16,5,2,6,1,18,18,5,1.6094379124341003,0.6931471805599453,1.0986122886681096,0.0,0.0,0.6931471805599453,2.9444389791664403,2.772588722239781,3.8066624897703196,2.833213344056216,1.791759469228055,1.0986122886681096,1.9459101490553132,0.6931471805599453,2.9444389791664403,2.9444389791664403,1.791759469228055
Cell_2084,600+ Year (Centenarian),600,Developing Secondary Xylem (VND6/7+),0.4746949493200378,39,5,3,0,0,0,0,34,12,55,11,3,4,2,1,3,11,6,1.791759469228055,1.3862943611198906,0.0,0.0,0.0,0.0,3.5553480614894135,2.5649493574615367,4.02535169073515,2.4849066497880004,1.3862943611198906,1.6094379124341003,1.0986122886681096,0.6931471805599453,1.3862943611198906,2.4849066497880004,1.9459101490553132
Cell_2085,600+ Year (Centenarian),600,Developing Secondary Xylem (VND6/7+),0.8130003879285044,44,1,0,0,1,1,0,13,24,54,16,6,3,1,3,3,5,9,0.6931471805599453,0.0,0.0,0.6931471805599453,0.6931471805599453,0.0,2.639057329615259,3.2188758248682006,4.007333185232471,2.833213344056216,1.9459101490553132,1.3862943611198906,0.6931471805599453,1.3862943611198906,1.3862943611198906,1.791759469228055,2.302585092994046
Cell_2086,600+ Year (Centenarian),600,Developing Secondary Xylem (VND6/7+),0.5133090361521798,51,6,3,0,0,0,1,44,31,40,17,8,1,4,2,1,12,1,1.9459101490553132,1.3862943611198906,0.0,0.0,0.0,0.6931471805599453,3.8066624897703196,3.4657359027997265,3.713572066704308,2.8903717578961645,2.1972245773362196,0.6931471805599453,1.6094379124341003,1.0986122886681096,0.6931471805599453,2.5649493574615367,0.6931471805599453
Cell_2087,600+ Year (Centenarian),600,Developing Secondary Xylem (VND6/7+),0.5656198257691684,41,4,2,0,0,3,0,35,20,40,10,2,3,5,0,10,5,3,1.6094379124341003,1.0986122886681096,0.0,0.0,1.3862943611198906,0.0,3.58351893845611,3.044522437723423,3.713572066704308,2.3978952727983707,1.0986122886681096,1.3862943611198906,1.791759469228055,0.0,2.3978952727983707,1.791759469228055,1.3862943611198906
Cell_2088,600+ Year (Centenarian),600,Developing Secondary Xylem (VND6/7+),0.8046462808221252,39,1,3,0,1,1,2,35,33,39,12,4,3,2,1,11,7,3,0.6931471805599453,1.3862943611198906,0.0,0.6931471805599453,0.6931471805599453,1.0986122886681096,3.58351893845611,3.5263605246161616,3.6888794541139363,2.5649493574615367,1.6094379124341003,1.3862943611198906,1.0986122886681096,0.6931471805599453,2.4849066497880004,2.0794415416798357,1.3862943611198906
Cell_2089,600+ Year (Centenarian),600,Developing Secondary Xylem (VND6/7+),0.4963385009650942,50,8,2,0,0,0,1,21,17,65,19,2,8,2,1,4,14,5,2.1972245773362196,1.0986122886681096,0.0,0.0,0.0,0.6931471805599453,3.091042453358316,2.8903717578961645,4.189654742026425,2.995732273553991,1.0986122886681096,2.1972245773362196,1.0986122886681096,0.6931471805599453,1.6094379124341003,2.70805020110221,1.791759469228055
Cell_2090,600+ Year (Centenarian),600,Developing Secondary Xylem (VND6/7+),0.5994125392973132,49,8,9,1,0,1,1,34,14,45,17,6,2,1,0,3,7,5,2.1972245773362196,2.302585092994046,0.6931471805599453,0.0,0.6931471805599453,0.6931471805599453,3.5553480614894135,2.70805020110221,3.828641396489095,2.8903717578961645,1.9459101490553132,1.0986122886681096,0.6931471805599453,0.0,1.3862943611198906,2.0794415416798357,1.791759469228055
Cell_2091,600+ Year (Centenarian),600,Developing Secondary Xylem (VND6/7+),0.8575174325129785,44,1,4,1,0,1,0,33,19,33,19,20,3,3,0,11,13,5,0.6931471805599453,1.6094379124341003,0.6931471805599453,0.0,0.6931471805599453,0.0,3.5263605246161616,2.995732273553991,3.5263605246161616,2.995732273553991,3.044522437723423,1.3862943611198906,1.3862943611198906,0.0,2.4849066497880004,2.639057329615259,1.791759469228055
Cell_2092,600+ Year (Centenarian),600,Developing Secondary Xylem (VND6/7+),0.6214907573451621,58,4,3,0,0,6,1,31,26,52,14,2,6,1,1,9,21,8,1.6094379124341003,1.3862943611198906,0.0,0.0,1.9459101490553132,0.6931471805599453,3.4657359027997265,3.295836866004329,3.970291913552122,2.70805020110221,1.0986122886681096,1.9459101490553132,0.6931471805599453,0.6931471805599453,2.302585092994046,3.091042453358316,2.1972245773362196
Cell_2093,600+ Year (Centenarian),600,Developing Secondary Xylem (VND6/7+),0.5921078012777875,57,2,2,0,0,0,0,34,33,43,19,4,1,5,1,2,11,3,1.0986122886681096,1.0986122886681096,0.0,0.0,0.0,0.0,3.5553480614894135,3.5263605246161616,3.784189633918261,2.995732273553991,1.6094379124341003,0.6931471805599453,1.791759469228055,0.6931471805599453,1.0986122886681096,2.4849066497880004,1.3862943611198906
Cell_2094,600+ Year (Centenarian),600,Developing Secondary Xylem (VND6/7+),0.7535178173691002,49,1,10,1,0,2,0,30,41,47,15,8,1,6,5,5,8,3,0.6931471805599453,2.3978952727983707,0.6931471805599453,0.0,1.0986122886681096,0.0,3.4339872044851463,3.7376696182833684,3.8712010109078907,2.772588722239781,2.1972245773362196,0.6931471805599453,1.9459101490553132,1.791759469228055,1.791759469228055,2.1972245773362196,1.3862943611198906
Cell_2095,600+ Year (Centenarian),600,Developing Secondary Xylem (VND6/7+),0.4851011129537748,54,2,1,1,0,0,2,31,26,31,22,5,10,2,0,7,22,8,1.0986122886681096,0.6931471805599453,0.6931471805599453,0.0,0.0,1.0986122886681096,3.4657359027997265,3.295836866004329,3.4657359027997265,3.1354942159291497,1.791759469228055,2.3978952727983707,1.0986122886681096,0.0,2.0794415416798357,3.1354942159291497,2.1972245773362196
Cell_2096,600+ Year (Centenarian),600,Developing Secondary Xylem (VND6/7+),0.5368358515701593,58,0,5,0,0,2,0,29,25,50,20,3,6,3,1,13,4,2,0.0,1.791759469228055,0.0,0.0,1.0986122886681096,0.0,3.4011973816621555,3.258096538021482,3.9318256327243257,3.044522437723423,1.3862943611198906,1.9459101490553132,1.3862943611198906,0.6931471805599453,2.639057329615259,1.6094379124341003,1.0986122886681096
Cell_2097,600+ Year (Centenarian),600,Developing Secondary Xylem (VND6/7+),0.9815133912637467,51,3,1,1,0,1,0,29,30,68,20,7,5,1,0,12,8,7,1.3862943611198906,0.6931471805599453,0.6931471805599453,0.0,0.6931471805599453,0.0,3.4011973816621555,3.4339872044851463,4.23410650459726,3.044522437723423,2.0794415416798357,1.791759469228055,0.6931471805599453,0.0,2.5649493574615367,2.1972245773362196,2.0794415416798357
Cell_2098,600+ Year (Centenarian),600,Developing Secondary Xylem (VND6/7+),0.934102544110119,42,1,2,0,0,1,1,28,36,40,8,5,0,4,0,15,10,11,0.6931471805599453,1.0986122886681096,0.0,0.0,0.6931471805599453,0.6931471805599453,3.367295829986474,3.6109179126442243,3.713572066704308,2.1972245773362196,1.791759469228055,0.0,1.6094379124341003,0.0,2.772588722239781,2.3978952727983707,2.4849066497880004
Cell_2099,600+ Year (Centenarian),600,Developing Secondary Xylem (VND6/7+),0.7874647861190949,44,3,4,0,0,0,1,21,23,45,16,2,3,0,1,11,14,6,1.3862943611198906,1.6094379124341003,0.0,0.0,0.0,0.6931471805599453,3.091042453358316,3.1780538303479458,3.828641396489095,2.833213344056216,1.0986122886681096,1.3862943611198906,0.0,0.6931471805599453,2.4849066497880004,2.70805020110221,1.9459101490553132
Cell_2100,600+ Year (Centenarian),600,Developing Secondary Xylem (VND6/7+),0.7703181714981305,47,2,2,0,0,2,0,25,21,20,22,2,2,4,0,6,27,5,1.0986122886681096,1.0986122886681096,0.0,0.0,1.0986122886681096,0.0,3.258096538021482,3.091042453358316,3.044522437723423,3.1354942159291497,1.0986122886681096,1.0986122886681096,1.6094379124341003,0.0,1.9459101490553132,3.332204510175204,1.791759469228055
Cell_2101,600+ Year (Centenarian),600,Developing Secondary Xylem (VND6/7+),0.672567829322503,58,0,1,0,1,0,1,29,29,56,22,2,9,1,2,1,16,5,0.0,0.6931471805599453,0.0,0.6931471805599453,0.0,0.6931471805599453,3.4011973816621555,3.4011973816621555,4.04305126783455,3.1354942159291497,1.0986122886681096,2.302585092994046,0.6931471805599453,1.0986122886681096,0.6931471805599453,2.833213344056216,1.791759469228055
Cell_2102,600+ Year (Centenarian),600,Developing Secondary Xylem (VND6/7+),0.8496173940484986,55,2,0,1,0,1,0,37,26,25,20,3,1,4,0,4,11,7,1.0986122886681096,0.0,0.6931471805599453,0.0,0.6931471805599453,0.0,3.6375861597263857,3.295836866004329,3.258096538021482,3.044522437723423,1.3862943611198906,0.6931471805599453,1.6094379124341003,0.0,1.6094379124341003,2.4849066497880004,2.0794415416798357
Cell_2103,600+ Year (Centenarian),600,Developing Secondary Xylem (VND6/7+),0.5783112949098692,53,5,4,0,0,0,2,46,20,51,10,3,1,9,0,5,5,5,1.791759469228055,1.6094379124341003,0.0,0.0,0.0,1.0986122886681096,3.8501476017100584,3.044522437723423,3.9512437185814275,2.3978952727983707,1.3862943611198906,0.6931471805599453,2.302585092994046,0.0,1.791759469228055,1.791759469228055,1.791759469228055
Cell_2104,600+ Year (Centenarian),600,Developing Secondary Xylem (VND6/7+),0.8435834158684653,60,0,3,0,0,2,0,32,18,60,27,3,8,0,0,2,31,6,0.0,1.3862943611198906,0.0,0.0,1.0986122886681096,0.0,3.4965075614664802,2.9444389791664403,4.110873864173311,3.332204510175204,1.3862943611198906,2.1972245773362196,0.0,0.0,1.0986122886681096,3.4657359027997265,1.9459101490553132
Cell_2105,600+ Year (Centenarian),600,Developing Secondary Xylem (VND6/7+),0.46453727751323975,65,0,4,1,0,0,0,26,21,35,19,3,6,2,3,15,10,3,0.0,1.6094379124341003,0.6931471805599453,0.0,0.0,0.0,3.295836866004329,3.091042453358316,3.58351893845611,2.995732273553991,1.3862943611198906,1.9459101490553132,1.0986122886681096,1.3862943611198906,2.772588722239781,2.3978952727983707,1.3862943611198906
Cell_2106,600+ Year (Centenarian),600,Developing Secondary Xylem (VND6/7+),0.781375728567121,40,2,1,0,0,1,2,24,31,39,6,7,2,0,2,9,6,3,1.0986122886681096,0.6931471805599453,0.0,0.0,0.6931471805599453,1.0986122886681096,3.2188758248682006,3.4657359027997265,3.6888794541139363,1.9459101490553132,2.0794415416798357,1.0986122886681096,0.0,1.0986122886681096,2.302585092994046,1.9459101490553132,1.3862943611198906
Cell_2107,600+ Year (Centenarian),600,Developing Secondary Xylem (VND6/7+),0.7167049417555499,55,2,3,0,0,2,1,26,26,48,21,5,2,3,0,8,5,8,1.0986122886681096,1.3862943611198906,0.0,0.0,1.0986122886681096,0.6931471805599453,3.295836866004329,3.295836866004329,3.8918202981106265,3.091042453358316,1.791759469228055,1.0986122886681096,1.3862943611198906,0.0,2.1972245773362196,1.791759469228055,2.1972245773362196
Cell_2108,600+ Year (Centenarian),600,Developing Secondary Xylem (VND6/7+),0.7966117766274969,55,1,2,0,0,5,5,30,19,20,13,4,2,4,1,13,25,6,0.6931471805599453,1.0986122886681096,0.0,0.0,1.791759469228055,1.791759469228055,3.4339872044851463,2.995732273553991,3.044522437723423,2.639057329615259,1.6094379124341003,1.0986122886681096,1.6094379124341003,0.6931471805599453,2.639057329615259,3.258096538021482,1.9459101490553132
Cell_2109,600+ Year (Centenarian),600,Developing Secondary Xylem (VND6/7+),0.6606073087921497,45,1,4,0,1,2,0,15,14,42,18,1,1,3,0,8,12,3,0.6931471805599453,1.6094379124341003,0.0,0.6931471805599453,1.0986122886681096,0.0,2.772588722239781,2.70805020110221,3.7612001156935624,2.9444389791664403,0.6931471805599453,0.6931471805599453,1.3862943611198906,0.0,2.1972245773362196,2.5649493574615367,1.3862943611198906
Cell_2110,600+ Year (Centenarian),600,Developing Secondary Xylem (VND6/7+),0.45827152925959524,51,3,1,0,0,1,1,27,28,32,14,2,10,6,0,9,4,2,1.3862943611198906,0.6931471805599453,0.0,0.0,0.6931471805599453,0.6931471805599453,3.332204510175204,3.367295829986474,3.4965075614664802,2.70805020110221,1.0986122886681096,2.3978952727983707,1.9459101490553132,0.0,2.302585092994046,1.6094379124341003,1.0986122886681096
Cell_2111,600+ Year (Centenarian),600,Developing Secondary Xylem (VND6/7+),0.6039058762600704,66,4,2,1,1,1,2,42,21,38,28,10,2,5,1,12,18,7,1.6094379124341003,1.0986122886681096,0.6931471805599453,0.6931471805599453,0.6931471805599453,1.0986122886681096,3.7612001156935624,3.091042453358316,3.6635616461296463,3.367295829986474,2.3978952727983707,1.0986122886681096,1.791759469228055,0.6931471805599453,2.5649493574615367,2.9444389791664403,2.0794415416798357
Cell_2112,600+ Year (Centenarian),600,Developing Secondary Xylem (VND6/7+),0.7808802528864386,52,0,2,1,0,3,2,25,23,35,17,4,3,2,0,2,8,5,0.0,1.0986122886681096,0.6931471805599453,0.0,1.3862943611198906,1.0986122886681096,3.258096538021482,3.1780538303479458,3.58351893845611,2.8903717578961645,1.6094379124341003,1.3862943611198906,1.0986122886681096,0.0,1.0986122886681096,2.1972245773362196,1.791759469228055
Cell_2113,600+ Year (Centenarian),600,Developing Secondary Xylem (VND6/7+),0.7619771482279899,43,2,3,0,0,2,0,37,25,57,16,9,2,2,3,8,4,8,1.0986122886681096,1.3862943611198906,0.0,0.0,1.0986122886681096,0.0,3.6375861597263857,3.258096538021482,4.060443010546419,2.833213344056216,2.302585092994046,1.0986122886681096,1.0986122886681096,1.3862943611198906,2.1972245773362196,1.6094379124341003,2.1972245773362196
Cell_2114,600+ Year (Centenarian),600,Developing Secondary Xylem (VND6/7+),0.8514973613844695,48,5,6,1,0,1,0,17,26,30,7,0,3,0,1,2,13,5,1.791759469228055,1.9459101490553132,0.6931471805599453,0.0,0.6931471805599453,0.0,2.8903717578961645,3.295836866004329,3.4339872044851463,2.0794415416798357,0.0,1.3862943611198906,0.0,0.6931471805599453,1.0986122886681096,2.639057329615259,1.791759469228055
Cell_2115,600+ Year (Centenarian),600,Developing Secondary Xylem (VND6/7+),0.5393883258664185,51,0,2,2,1,1,2,13,19,40,18,9,3,0,0,8,28,7,0.0,1.0986122886681096,1.0986122886681096,0.6931471805599453,0.6931471805599453,1.0986122886681096,2.639057329615259,2.995732273553991,3.713572066704308,2.9444389791664403,2.302585092994046,1.3862943611198906,0.0,0.0,2.1972245773362196,3.367295829986474,2.0794415416798357
Cell_2116,600+ Year (Centenarian),600,Developing Secondary Xylem (VND6/7+),0.7224306819928482,41,0,4,0,0,0,2,32,21,46,24,5,1,3,2,6,15,0,0.0,1.6094379124341003,0.0,0.0,0.0,1.0986122886681096,3.4965075614664802,3.091042453358316,3.8501476017100584,3.2188758248682006,1.791759469228055,0.6931471805599453,1.3862943611198906,1.0986122886681096,1.9459101490553132,2.772588722239781,0.0
Cell_2117,600+ Year (Centenarian),600,Developing Secondary Xylem (VND6/7+),0.592182446562734,47,2,5,1,0,2,1,20,31,53,20,3,3,6,1,13,5,5,1.0986122886681096,1.791759469228055,0.6931471805599453,0.0,1.0986122886681096,0.6931471805599453,3.044522437723423,3.4657359027997265,3.9889840465642745,3.044522437723423,1.3862943611198906,1.3862943611198906,1.9459101490553132,0.6931471805599453,2.639057329615259,1.791759469228055,1.791759469228055
Cell_2118,600+ Year (Centenarian),600,Developing Secondary Xylem (VND6/7+),0.7976330157738097,43,0,2,0,1,3,0,26,36,29,22,7,4,2,3,6,12,5,0.0,1.0986122886681096,0.0,0.6931471805599453,1.3862943611198906,0.0,3.295836866004329,3.6109179126442243,3.4011973816621555,3.1354942159291497,2.0794415416798357,1.6094379124341003,1.0986122886681096,1.3862943611198906,1.9459101490553132,2.5649493574615367,1.791759469228055
Cell_2119,600+ Year (Centenarian),600,Developing Secondary Xylem (VND6/7+),0.4702647735869043,58,0,3,0,2,1,0,37,25,28,38,0,6,4,0,12,7,1,0.0,1.3862943611198906,0.0,1.0986122886681096,0.6931471805599453,0.0,3.6375861597263857,3.258096538021482,3.367295829986474,3.6635616461296463,0.0,1.9459101490553132,1.6094379124341003,0.0,2.5649493574615367,2.0794415416798357,0.6931471805599453
Cell_2120,600+ Year (Centenarian),600,Developing Secondary Xylem (VND6/7+),0.5367078677377903,48,4,3,0,0,1,0,25,29,38,8,6,1,0,3,8,7,4,1.6094379124341003,1.3862943611198906,0.0,0.0,0.6931471805599453,0.0,3.258096538021482,3.4011973816621555,3.6635616461296463,2.1972245773362196,1.9459101490553132,0.6931471805599453,0.0,1.3862943611198906,2.1972245773362196,2.0794415416798357,1.6094379124341003
Cell_2121,600+ Year (Centenarian),600,Developing Secondary Phloem (APL+),0.3756488322745635,55,0,9,0,1,4,0,39,34,45,21,0,1,3,1,24,19,1,0.0,2.302585092994046,0.0,0.6931471805599453,1.6094379124341003,0.0,3.6888794541139363,3.5553480614894135,3.828641396489095,3.091042453358316,0.0,0.6931471805599453,1.3862943611198906,0.6931471805599453,3.2188758248682006,2.995732273553991,0.6931471805599453
Cell_2122,600+ Year (Centenarian),600,Developing Secondary Phloem (APL+),0.6084964086391625,55,2,1,0,0,0,0,17,37,27,19,7,8,6,2,7,5,4,1.0986122886681096,0.6931471805599453,0.0,0.0,0.0,0.0,2.8903717578961645,3.6375861597263857,3.332204510175204,2.995732273553991,2.0794415416798357,2.1972245773362196,1.9459101490553132,1.0986122886681096,2.0794415416798357,1.791759469228055,1.6094379124341003
Cell_2123,600+ Year (Centenarian),600,Developing Secondary Phloem (APL+),0.7879119432402278,50,1,2,3,0,2,4,36,14,65,9,2,8,1,4,5,13,3,0.6931471805599453,1.0986122886681096,1.3862943611198906,0.0,1.0986122886681096,1.6094379124341003,3.6109179126442243,2.70805020110221,4.189654742026425,2.302585092994046,1.0986122886681096,2.1972245773362196,0.6931471805599453,1.6094379124341003,1.791759469228055,2.639057329615259,1.3862943611198906
Cell_2124,600+ Year (Centenarian),600,Developing Secondary Phloem (APL+),0.8685503596724203,52,4,6,1,1,2,0,30,30,30,29,8,0,1,3,6,21,4,1.6094379124341003,1.9459101490553132,0.6931471805599453,0.6931471805599453,1.0986122886681096,0.0,3.4339872044851463,3.4339872044851463,3.4339872044851463,3.4011973816621555,2.1972245773362196,0.0,0.6931471805599453,1.3862943611198906,1.9459101490553132,3.091042453358316,1.6094379124341003
Cell_2125,600+ Year (Centenarian),600,Developing Secondary Phloem (APL+),0.7142857542538108,48,1,5,0,0,1,1,16,23,41,15,4,2,5,2,11,6,6,0.6931471805599453,1.791759469228055,0.0,0.0,0.6931471805599453,0.6931471805599453,2.833213344056216,3.1780538303479458,3.7376696182833684,2.772588722239781,1.6094379124341003,1.0986122886681096,1.791759469228055,1.0986122886681096,2.4849066497880004,1.9459101490553132,1.9459101490553132
Cell_2126,600+ Year (Centenarian),600,Developing Secondary Phloem (APL+),0.7007350866734919,59,6,4,0,0,0,0,19,31,45,31,7,7,4,2,10,10,11,1.9459101490553132,1.6094379124341003,0.0,0.0,0.0,0.0,2.995732273553991,3.4657359027997265,3.828641396489095,3.4657359027997265,2.0794415416798357,2.0794415416798357,1.6094379124341003,1.0986122886681096,2.3978952727983707,2.3978952727983707,2.4849066497880004
Cell_2127,600+ Year (Centenarian),600,Developing Secondary Phloem (APL+),0.8037352965782358,56,0,4,1,0,0,0,31,28,40,12,5,1,0,0,1,14,1,0.0,1.6094379124341003,0.6931471805599453,0.0,0.0,0.0,3.4657359027997265,3.367295829986474,3.713572066704308,2.5649493574615367,1.791759469228055,0.6931471805599453,0.0,0.0,0.6931471805599453,2.70805020110221,0.6931471805599453
Cell_2128,600+ Year (Centenarian),600,Developing Secondary Phloem (APL+),0.896788942356246,44,1,3,0,0,2,0,18,28,47,27,2,2,1,0,7,6,5,0.6931471805599453,1.3862943611198906,0.0,0.0,1.0986122886681096,0.0,2.9444389791664403,3.367295829986474,3.8712010109078907,3.332204510175204,1.0986122886681096,1.0986122886681096,0.6931471805599453,0.0,2.0794415416798357,1.9459101490553132,1.791759469228055
Cell_2129,600+ Year (Centenarian),600,Developing Secondary Phloem (APL+),0.5785045031495999,52,1,4,0,1,3,0,7,20,40,5,4,5,3,2,13,18,6,0.6931471805599453,1.6094379124341003,0.0,0.6931471805599453,1.3862943611198906,0.0,2.0794415416798357,3.044522437723423,3.713572066704308,1.791759469228055,1.6094379124341003,1.791759469228055,1.3862943611198906,1.0986122886681096,2.639057329615259,2.9444389791664403,1.9459101490553132
Cell_2130,600+ Year (Centenarian),600,Developing Secondary Phloem (APL+),0.8332922970695671,44,1,2,0,0,2,3,22,23,57,21,2,3,3,2,4,8,4,0.6931471805599453,1.0986122886681096,0.0,0.0,1.0986122886681096,1.3862943611198906,3.1354942159291497,3.1780538303479458,4.060443010546419,3.091042453358316,1.0986122886681096,1.3862943611198906,1.3862943611198906,1.0986122886681096,1.6094379124341003,2.1972245773362196,1.6094379124341003
Cell_2131,600+ Year (Centenarian),600,Developing Secondary Phloem (APL+),0.48450040230911473,47,1,0,0,0,1,6,38,19,34,10,13,4,0,0,8,13,3,0.6931471805599453,0.0,0.0,0.0,0.6931471805599453,1.9459101490553132,3.6635616461296463,2.995732273553991,3.5553480614894135,2.3978952727983707,2.639057329615259,1.6094379124341003,0.0,0.0,2.1972245773362196,2.639057329615259,1.3862943611198906
Cell_2132,600+ Year (Centenarian),600,Developing Secondary Phloem (APL+),0.26055753556206473,43,1,3,2,1,1,2,19,31,71,10,3,1,3,0,8,6,2,0.6931471805599453,1.3862943611198906,1.0986122886681096,0.6931471805599453,0.6931471805599453,1.0986122886681096,2.995732273553991,3.4657359027997265,4.276666119016055,2.3978952727983707,1.3862943611198906,0.6931471805599453,1.3862943611198906,0.0,2.1972245773362196,1.9459101490553132,1.0986122886681096
Cell_2133,600+ Year (Centenarian),600,Developing Secondary Phloem (APL+),0.5886040419780014,58,2,9,0,0,3,1,31,20,51,14,1,2,6,0,16,9,2,1.0986122886681096,2.302585092994046,0.0,0.0,1.3862943611198906,0.6931471805599453,3.4657359027997265,3.044522437723423,3.9512437185814275,2.70805020110221,0.6931471805599453,1.0986122886681096,1.9459101490553132,0.0,2.833213344056216,2.302585092994046,1.0986122886681096
Cell_2134,600+ Year (Centenarian),600,Developing Secondary Phloem (APL+),0.7119860845051729,53,4,5,0,0,1,4,24,31,45,21,5,6,3,1,12,17,3,1.6094379124341003,1.791759469228055,0.0,0.0,0.6931471805599453,1.6094379124341003,3.2188758248682006,3.4657359027997265,3.828641396489095,3.091042453358316,1.791759469228055,1.9459101490553132,1.3862943611198906,0.6931471805599453,2.5649493574615367,2.8903717578961645,1.3862943611198906
Cell_2135,600+ Year (Centenarian),600,Developing Secondary Phloem (APL+),0.5214217678571101,38,1,2,1,1,4,3,34,23,49,8,3,3,1,0,7,18,15,0.6931471805599453,1.0986122886681096,0.6931471805599453,0.6931471805599453,1.6094379124341003,1.3862943611198906,3.5553480614894135,3.1780538303479458,3.912023005428146,2.1972245773362196,1.3862943611198906,1.3862943611198906,0.6931471805599453,0.0,2.0794415416798357,2.9444389791664403,2.772588722239781
Cell_2136,600+ Year (Centenarian),600,Developing Secondary Phloem (APL+),0.7552244412678523,55,4,3,1,0,1,0,25,30,36,16,2,4,0,1,9,21,5,1.6094379124341003,1.3862943611198906,0.6931471805599453,0.0,0.6931471805599453,0.0,3.258096538021482,3.4339872044851463,3.6109179126442243,2.833213344056216,1.0986122886681096,1.6094379124341003,0.0,0.6931471805599453,2.302585092994046,3.091042453358316,1.791759469228055
Cell_2137,600+ Year (Centenarian),600,Developing Secondary Phloem (APL+),0.428220342637249,50,3,3,0,0,0,3,27,25,40,23,1,4,7,0,6,5,3,1.3862943611198906,1.3862943611198906,0.0,0.0,0.0,1.3862943611198906,3.332204510175204,3.258096538021482,3.713572066704308,3.1780538303479458,0.6931471805599453,1.6094379124341003,2.0794415416798357,0.0,1.9459101490553132,1.791759469228055,1.3862943611198906
Cell_2138,600+ Year (Centenarian),600,Developing Secondary Phloem (APL+),0.6094988781191747,51,5,3,1,0,3,1,41,13,53,9,5,6,3,0,9,7,9,1.791759469228055,1.3862943611198906,0.6931471805599453,0.0,1.3862943611198906,0.6931471805599453,3.7376696182833684,2.639057329615259,3.9889840465642745,2.302585092994046,1.791759469228055,1.9459101490553132,1.3862943611198906,0.0,2.302585092994046,2.0794415416798357,2.302585092994046
Cell_2139,600+ Year (Centenarian),600,Developing Secondary Phloem (APL+),0.7473046567695525,48,1,2,0,0,0,2,29,13,61,10,9,1,3,2,1,5,4,0.6931471805599453,1.0986122886681096,0.0,0.0,0.0,1.0986122886681096,3.4011973816621555,2.639057329615259,4.127134385045092,2.3978952727983707,2.302585092994046,0.6931471805599453,1.3862943611198906,1.0986122886681096,0.6931471805599453,1.791759469228055,1.6094379124341003
Cell_2140,600+ Year (Centenarian),600,Developing Secondary Phloem (APL+),0.8022760024588524,45,5,0,2,2,1,1,25,40,47,22,0,0,1,1,8,13,4,1.791759469228055,0.0,1.0986122886681096,1.0986122886681096,0.6931471805599453,0.6931471805599453,3.258096538021482,3.713572066704308,3.8712010109078907,3.1354942159291497,0.0,0.0,0.6931471805599453,0.6931471805599453,2.1972245773362196,2.639057329615259,1.6094379124341003
Cell_2141,600+ Year (Centenarian),600,Developing Secondary Phloem (APL+),0.11666842778325802,56,2,1,0,0,4,0,31,25,15,31,1,0,3,2,7,6,0,1.0986122886681096,0.6931471805599453,0.0,0.0,1.6094379124341003,0.0,3.4657359027997265,3.258096538021482,2.772588722239781,3.4657359027997265,0.6931471805599453,0.0,1.3862943611198906,1.0986122886681096,2.0794415416798357,1.9459101490553132,0.0
Cell_2142,600+ Year (Centenarian),600,Developing Secondary Phloem (APL+),0.46548212602066813,45,2,4,0,0,2,2,37,37,30,12,4,4,1,1,8,11,14,1.0986122886681096,1.6094379124341003,0.0,0.0,1.0986122886681096,1.0986122886681096,3.6375861597263857,3.6375861597263857,3.4339872044851463,2.5649493574615367,1.6094379124341003,1.6094379124341003,0.6931471805599453,0.6931471805599453,2.1972245773362196,2.4849066497880004,2.70805020110221
Cell_2143,600+ Year (Centenarian),600,Developing Secondary Phloem (APL+),0.41714444589017985,51,0,2,0,0,3,2,32,25,29,10,3,3,2,2,10,7,7,0.0,1.0986122886681096,0.0,0.0,1.3862943611198906,1.0986122886681096,3.4965075614664802,3.258096538021482,3.4011973816621555,2.3978952727983707,1.3862943611198906,1.3862943611198906,1.0986122886681096,1.0986122886681096,2.3978952727983707,2.0794415416798357,2.0794415416798357
Cell_2144,600+ Year (Centenarian),600,Developing Secondary Phloem (APL+),0.2083968476707296,49,2,1,0,0,1,6,24,11,25,20,4,4,2,0,4,12,12,1.0986122886681096,0.6931471805599453,0.0,0.0,0.6931471805599453,1.9459101490553132,3.2188758248682006,2.4849066497880004,3.258096538021482,3.044522437723423,1.6094379124341003,1.6094379124341003,1.0986122886681096,0.0,1.6094379124341003,2.5649493574615367,2.5649493574615367
Cell_2145,600+ Year (Centenarian),600,Developing Secondary Phloem (APL+),0.5449396521693941,46,2,12,1,0,4,0,32,27,48,17,5,0,1,0,10,11,6,1.0986122886681096,2.5649493574615367,0.6931471805599453,0.0,1.6094379124341003,0.0,3.4965075614664802,3.332204510175204,3.8918202981106265,2.8903717578961645,1.791759469228055,0.0,0.6931471805599453,0.0,2.3978952727983707,2.4849066497880004,1.9459101490553132
Cell_2146,600+ Year (Centenarian),600,Developing Secondary Phloem (APL+),0.5981688811952632,41,7,5,0,0,3,0,37,18,56,14,3,1,1,0,9,5,4,2.0794415416798357,1.791759469228055,0.0,0.0,1.3862943611198906,0.0,3.6375861597263857,2.9444389791664403,4.04305126783455,2.70805020110221,1.3862943611198906,0.6931471805599453,0.6931471805599453,0.0,2.302585092994046,1.791759469228055,1.6094379124341003
Cell_2147,600+ Year (Centenarian),600,Developing Secondary Phloem (APL+),0.9535743408436531,44,5,6,5,2,0,3,29,29,55,28,7,8,4,0,2,21,9,1.791759469228055,1.9459101490553132,1.791759469228055,1.0986122886681096,0.0,1.3862943611198906,3.4011973816621555,3.4011973816621555,4.02535169073515,3.367295829986474,2.0794415416798357,2.1972245773362196,1.6094379124341003,0.0,1.0986122886681096,3.091042453358316,2.302585092994046
Cell_2148,600+ Year (Centenarian),600,Developing Secondary Phloem (APL+),0.5301305134278713,56,5,4,1,0,5,5,37,24,36,13,4,2,5,0,18,19,2,1.791759469228055,1.6094379124341003,0.6931471805599453,0.0,1.791759469228055,1.791759469228055,3.6375861597263857,3.2188758248682006,3.6109179126442243,2.639057329615259,1.6094379124341003,1.0986122886681096,1.791759469228055,0.0,2.9444389791664403,2.995732273553991,1.0986122886681096
Cell_2149,600+ Year (Centenarian),600,Developing Secondary Phloem (APL+),0.23869522176332408,44,1,4,1,0,2,1,30,22,35,16,3,4,4,0,6,14,8,0.6931471805599453,1.6094379124341003,0.6931471805599453,0.0,1.0986122886681096,0.6931471805599453,3.4339872044851463,3.1354942159291497,3.58351893845611,2.833213344056216,1.3862943611198906,1.6094379124341003,1.6094379124341003,0.0,1.9459101490553132,2.70805020110221,2.1972245773362196
Cell_2150,600+ Year (Centenarian),600,Developing Secondary Phloem (APL+),0.44006513158081145,61,0,0,2,0,0,1,35,28,48,24,5,2,2,0,5,16,3,0.0,0.0,1.0986122886681096,0.0,0.0,0.6931471805599453,3.58351893845611,3.367295829986474,3.8918202981106265,3.2188758248682006,1.791759469228055,1.0986122886681096,1.0986122886681096,0.0,1.791759469228055,2.833213344056216,1.3862943611198906
Cell_2151,600+ Year (Centenarian),600,Developing Secondary Phloem (APL+),0.812702853256772,38,2,6,0,0,3,0,20,24,56,15,1,3,0,1,6,10,6,1.0986122886681096,1.9459101490553132,0.0,0.0,1.3862943611198906,0.0,3.044522437723423,3.2188758248682006,4.04305126783455,2.772588722239781,0.6931471805599453,1.3862943611198906,0.0,0.6931471805599453,1.9459101490553132,2.3978952727983707,1.9459101490553132
Cell_2152,600+ Year (Centenarian),600,Developing Secondary Phloem (APL+),0.7465691872200361,47,4,3,0,0,0,1,34,27,36,21,10,2,2,0,4,20,9,1.6094379124341003,1.3862943611198906,0.0,0.0,0.0,0.6931471805599453,3.5553480614894135,3.332204510175204,3.6109179126442243,3.091042453358316,2.3978952727983707,1.0986122886681096,1.0986122886681096,0.0,1.6094379124341003,3.044522437723423,2.302585092994046
Cell_2153,600+ Year (Centenarian),600,Developing Secondary Phloem (APL+),0.6218828800412561,53,1,4,0,0,0,1,24,43,45,15,2,5,3,0,6,7,4,0.6931471805599453,1.6094379124341003,0.0,0.0,0.0,0.6931471805599453,3.2188758248682006,3.784189633918261,3.828641396489095,2.772588722239781,1.0986122886681096,1.791759469228055,1.3862943611198906,0.0,1.9459101490553132,2.0794415416798357,1.6094379124341003
Cell_2154,600+ Year (Centenarian),600,Developing Secondary Phloem (APL+),0.7139242622809042,57,0,1,0,1,0,0,23,41,22,25,0,2,0,1,4,16,10,0.0,0.6931471805599453,0.0,0.6931471805599453,0.0,0.0,3.1780538303479458,3.7376696182833684,3.1354942159291497,3.258096538021482,0.0,1.0986122886681096,0.0,0.6931471805599453,1.6094379124341003,2.833213344056216,2.3978952727983707
Cell_2155,600+ Year (Centenarian),600,Developing Secondary Phloem (APL+),0.724412986098475,39,10,0,0,0,0,0,36,15,50,14,1,3,8,0,3,7,6,2.3978952727983707,0.0,0.0,0.0,0.0,0.0,3.6109179126442243,2.772588722239781,3.9318256327243257,2.70805020110221,0.6931471805599453,1.3862943611198906,2.1972245773362196,0.0,1.3862943611198906,2.0794415416798357,1.9459101490553132
Cell_2156,600+ Year (Centenarian),600,Developing Secondary Phloem (APL+),0.8806958157725391,46,1,3,0,1,1,0,25,19,43,22,0,1,5,3,11,9,6,0.6931471805599453,1.3862943611198906,0.0,0.6931471805599453,0.6931471805599453,0.0,3.258096538021482,2.995732273553991,3.784189633918261,3.1354942159291497,0.0,0.6931471805599453,1.791759469228055,1.3862943611198906,2.4849066497880004,2.302585092994046,1.9459101490553132
Cell_2157,600+ Year (Centenarian),600,Developing Secondary Phloem (APL+),0.846782526141517,48,1,4,0,2,1,0,28,15,32,8,4,5,4,0,4,17,7,0.6931471805599453,1.6094379124341003,0.0,1.0986122886681096,0.6931471805599453,0.0,3.367295829986474,2.772588722239781,3.4965075614664802,2.1972245773362196,1.6094379124341003,1.791759469228055,1.6094379124341003,0.0,1.6094379124341003,2.8903717578961645,2.0794415416798357
Cell_2158,600+ Year (Centenarian),600,Developing Secondary Phloem (APL+),0.5907765143121296,49,0,12,1,0,3,1,30,12,42,20,5,1,6,0,2,11,4,0.0,2.5649493574615367,0.6931471805599453,0.0,1.3862943611198906,0.6931471805599453,3.4339872044851463,2.5649493574615367,3.7612001156935624,3.044522437723423,1.791759469228055,0.6931471805599453,1.9459101490553132,0.0,1.0986122886681096,2.4849066497880004,1.6094379124341003
Cell_2159,600+ Year (Centenarian),600,Developing Secondary Phloem (APL+),0.42883235452849794,59,2,1,1,0,2,1,33,20,30,14,2,6,4,1,15,8,2,1.0986122886681096,0.6931471805599453,0.6931471805599453,0.0,1.0986122886681096,0.6931471805599453,3.5263605246161616,3.044522437723423,3.4339872044851463,2.70805020110221,1.0986122886681096,1.9459101490553132,1.6094379124341003,0.6931471805599453,2.772588722239781,2.1972245773362196,1.0986122886681096
Cell_2160,600+ Year (Centenarian),600,Developing Secondary Phloem (APL+),0.44159053502657514,55,6,8,1,0,1,0,10,32,65,15,1,1,5,6,3,15,7,1.9459101490553132,2.1972245773362196,0.6931471805599453,0.0,0.6931471805599453,0.0,2.3978952727983707,3.4965075614664802,4.189654742026425,2.772588722239781,0.6931471805599453,0.6931471805599453,1.791759469228055,1.9459101490553132,1.3862943611198906,2.772588722239781,2.0794415416798357
Cell_2161,600+ Year (Centenarian),600,Developing Secondary Phloem (APL+),0.5216655235805967,56,0,4,3,0,7,1,52,22,43,11,1,0,0,2,3,11,8,0.0,1.6094379124341003,1.3862943611198906,0.0,2.0794415416798357,0.6931471805599453,3.970291913552122,3.1354942159291497,3.784189633918261,2.4849066497880004,0.6931471805599453,0.0,0.0,1.0986122886681096,1.3862943611198906,2.4849066497880004,2.1972245773362196
Cell_2162,600+ Year (Centenarian),600,Developing Secondary Phloem (APL+),0.33602691785527367,37,0,3,1,0,0,0,48,24,47,12,2,2,5,2,6,12,7,0.0,1.3862943611198906,0.6931471805599453,0.0,0.0,0.0,3.8918202981106265,3.2188758248682006,3.8712010109078907,2.5649493574615367,1.0986122886681096,1.0986122886681096,1.791759469228055,1.0986122886681096,1.9459101490553132,2.5649493574615367,2.0794415416798357
Cell_2163,600+ Year (Centenarian),600,Developing Secondary Phloem (APL+),0.8711907053076294,47,1,2,1,0,1,2,27,32,33,15,8,2,1,0,8,5,3,0.6931471805599453,1.0986122886681096,0.6931471805599453,0.0,0.6931471805599453,1.0986122886681096,3.332204510175204,3.4965075614664802,3.5263605246161616,2.772588722239781,2.1972245773362196,1.0986122886681096,0.6931471805599453,0.0,2.1972245773362196,1.791759469228055,1.3862943611198906
Cell_2164,600+ Year (Centenarian),600,Developing Secondary Phloem (APL+),0.5381491845078058,49,0,4,0,0,1,2,36,29,28,10,4,0,8,3,9,19,3,0.0,1.6094379124341003,0.0,0.0,0.6931471805599453,1.0986122886681096,3.6109179126442243,3.4011973816621555,3.367295829986474,2.3978952727983707,1.6094379124341003,0.0,2.1972245773362196,1.3862943611198906,2.302585092994046,2.995732273553991,1.3862943611198906
Cell_2165,600+ Year (Centenarian),600,Developing Secondary Phloem (APL+),0.34613234158637085,40,1,3,0,0,0,7,30,23,35,9,5,6,0,3,8,9,6,0.6931471805599453,1.3862943611198906,0.0,0.0,0.0,2.0794415416798357,3.4339872044851463,3.1780538303479458,3.58351893845611,2.302585092994046,1.791759469228055,1.9459101490553132,0.0,1.3862943611198906,2.1972245773362196,2.302585092994046,1.9459101490553132
Cell_2166,600+ Year (Centenarian),600,Developing Secondary Phloem (APL+),0.6320192789255575,61,3,4,0,0,2,0,31,37,55,13,0,3,2,2,4,6,13,1.3862943611198906,1.6094379124341003,0.0,0.0,1.0986122886681096,0.0,3.4657359027997265,3.6375861597263857,4.02535169073515,2.639057329615259,0.0,1.3862943611198906,1.0986122886681096,1.0986122886681096,1.6094379124341003,1.9459101490553132,2.639057329615259
Cell_2167,600+ Year (Centenarian),600,Developing Secondary Phloem (APL+),0.7115011829222462,47,3,1,0,0,1,2,21,28,39,34,3,1,3,1,5,9,5,1.3862943611198906,0.6931471805599453,0.0,0.0,0.6931471805599453,1.0986122886681096,3.091042453358316,3.367295829986474,3.6888794541139363,3.5553480614894135,1.3862943611198906,0.6931471805599453,1.3862943611198906,0.6931471805599453,1.791759469228055,2.302585092994046,1.791759469228055
Cell_2168,600+ Year (Centenarian),600,Developing Secondary Phloem (APL+),0.6808014496663831,46,0,3,0,0,4,0,34,16,50,12,5,4,3,1,6,12,10,0.0,1.3862943611198906,0.0,0.0,1.6094379124341003,0.0,3.5553480614894135,2.833213344056216,3.9318256327243257,2.5649493574615367,1.791759469228055,1.6094379124341003,1.3862943611198906,0.6931471805599453,1.9459101490553132,2.5649493574615367,2.3978952727983707
Cell_2169,600+ Year (Centenarian),600,Developing Secondary Phloem (APL+),0.6877383580042062,55,2,10,0,0,0,4,36,8,32,24,5,0,4,1,2,9,12,1.0986122886681096,2.3978952727983707,0.0,0.0,0.0,1.6094379124341003,3.6109179126442243,2.1972245773362196,3.4965075614664802,3.2188758248682006,1.791759469228055,0.0,1.6094379124341003,0.6931471805599453,1.0986122886681096,2.302585092994046,2.5649493574615367
Cell_2170,600+ Year (Centenarian),600,Developing Secondary Phloem (APL+),0.6460970606419798,49,1,3,1,0,2,5,32,10,34,19,15,4,2,1,9,15,5,0.6931471805599453,1.3862943611198906,0.6931471805599453,0.0,1.0986122886681096,1.791759469228055,3.4965075614664802,2.3978952727983707,3.5553480614894135,2.995732273553991,2.772588722239781,1.6094379124341003,1.0986122886681096,0.6931471805599453,2.302585092994046,2.772588722239781,1.791759469228055
Cell_2171,600+ Year (Centenarian),600,Developing Secondary Phloem (APL+),0.6530248458920458,49,1,3,0,0,2,0,23,30,27,23,12,1,6,2,10,12,8,0.6931471805599453,1.3862943611198906,0.0,0.0,1.0986122886681096,0.0,3.1780538303479458,3.4339872044851463,3.332204510175204,3.1780538303479458,2.5649493574615367,0.6931471805599453,1.9459101490553132,1.0986122886681096,2.3978952727983707,2.5649493574615367,2.1972245773362196
Cell_2172,600+ Year (Centenarian),600,Developing Secondary Phloem (APL+),0.6423232108235832,56,2,3,0,2,0,2,49,24,57,19,3,3,0,2,9,5,11,1.0986122886681096,1.3862943611198906,0.0,1.0986122886681096,0.0,1.0986122886681096,3.912023005428146,3.2188758248682006,4.060443010546419,2.995732273553991,1.3862943611198906,1.3862943611198906,0.0,1.0986122886681096,2.302585092994046,1.791759469228055,2.4849066497880004
Cell_2173,600+ Year (Centenarian),600,Developing Secondary Phloem (APL+),0.887865751306054,54,1,3,1,2,0,1,43,14,43,18,1,1,1,1,3,9,6,0.6931471805599453,1.3862943611198906,0.6931471805599453,1.0986122886681096,0.0,0.6931471805599453,3.784189633918261,2.70805020110221,3.784189633918261,2.9444389791664403,0.6931471805599453,0.6931471805599453,0.6931471805599453,0.6931471805599453,1.3862943611198906,2.302585092994046,1.9459101490553132
Cell_2174,600+ Year (Centenarian),600,Developing Secondary Phloem (APL+),0.6787785075420957,37,2,1,2,0,1,2,44,26,62,20,5,5,5,5,9,6,10,1.0986122886681096,0.6931471805599453,1.0986122886681096,0.0,0.6931471805599453,1.0986122886681096,3.8066624897703196,3.295836866004329,4.143134726391533,3.044522437723423,1.791759469228055,1.791759469228055,1.791759469228055,1.791759469228055,2.302585092994046,1.9459101490553132,2.3978952727983707
Cell_2175,600+ Year (Centenarian),600,Developing Secondary Phloem (APL+),0.5750976461208701,50,3,4,1,0,0,3,13,30,34,24,1,4,4,0,9,16,8,1.3862943611198906,1.6094379124341003,0.6931471805599453,0.0,0.0,1.3862943611198906,2.639057329615259,3.4339872044851463,3.5553480614894135,3.2188758248682006,0.6931471805599453,1.6094379124341003,1.6094379124341003,0.0,2.302585092994046,2.833213344056216,2.1972245773362196
Cell_2176,600+ Year (Centenarian),600,Developing Secondary Phloem (APL+),0.7012079102524872,51,2,1,0,0,0,3,40,11,39,14,4,1,5,3,4,14,2,1.0986122886681096,0.6931471805599453,0.0,0.0,0.0,1.3862943611198906,3.713572066704308,2.4849066497880004,3.6888794541139363,2.70805020110221,1.6094379124341003,0.6931471805599453,1.791759469228055,1.3862943611198906,1.6094379124341003,2.70805020110221,1.0986122886681096
Cell_2177,600+ Year (Centenarian),600,Developing Secondary Phloem (APL+),0.6497814842372479,51,2,1,0,0,1,0,31,13,32,10,2,2,6,1,3,10,2,1.0986122886681096,0.6931471805599453,0.0,0.0,0.6931471805599453,0.0,3.4657359027997265,2.639057329615259,3.4965075614664802,2.3978952727983707,1.0986122886681096,1.0986122886681096,1.9459101490553132,0.6931471805599453,1.3862943611198906,2.3978952727983707,1.0986122886681096
Cell_2178,600+ Year (Centenarian),600,Developing Secondary Phloem (APL+),0.7134468287863678,44,4,2,0,0,1,0,25,35,19,12,7,3,1,0,15,13,1,1.6094379124341003,1.0986122886681096,0.0,0.0,0.6931471805599453,0.0,3.258096538021482,3.58351893845611,2.995732273553991,2.5649493574615367,2.0794415416798357,1.3862943611198906,0.6931471805599453,0.0,2.772588722239781,2.639057329615259,0.6931471805599453
Cell_2179,600+ Year (Centenarian),600,Developing Secondary Phloem (APL+),0.45018909037061744,58,3,3,0,1,2,1,17,29,43,8,3,2,1,0,3,10,3,1.3862943611198906,1.3862943611198906,0.0,0.6931471805599453,1.0986122886681096,0.6931471805599453,2.8903717578961645,3.4011973816621555,3.784189633918261,2.1972245773362196,1.3862943611198906,1.0986122886681096,0.6931471805599453,0.0,1.3862943611198906,2.3978952727983707,1.3862943611198906
Cell_2180,600+ Year (Centenarian),600,Developing Secondary Phloem (APL+),0.3919880808707946,60,1,0,0,1,2,1,24,24,38,22,3,1,0,0,8,10,4,0.6931471805599453,0.0,0.0,0.6931471805599453,1.0986122886681096,0.6931471805599453,3.2188758248682006,3.2188758248682006,3.6635616461296463,3.1354942159291497,1.3862943611198906,0.6931471805599453,0.0,0.0,2.1972245773362196,2.3978952727983707,1.6094379124341003
Cell_2181,600+ Year (Centenarian),600,Developing Secondary Phloem (APL+),0.6442468045063471,59,4,3,0,0,1,0,35,20,41,15,3,0,2,1,10,4,5,1.6094379124341003,1.3862943611198906,0.0,0.0,0.6931471805599453,0.0,3.58351893845611,3.044522437723423,3.7376696182833684,2.772588722239781,1.3862943611198906,0.0,1.0986122886681096,0.6931471805599453,2.3978952727983707,1.6094379124341003,1.791759469228055
Cell_2182,600+ Year (Centenarian),600,Developing Secondary Phloem (APL+),0.5719111521635994,61,5,3,0,0,1,0,34,16,36,20,5,4,8,3,12,26,5,1.791759469228055,1.3862943611198906,0.0,0.0,0.6931471805599453,0.0,3.5553480614894135,2.833213344056216,3.6109179126442243,3.044522437723423,1.791759469228055,1.6094379124341003,2.1972245773362196,1.3862943611198906,2.5649493574615367,3.295836866004329,1.791759469228055
Cell_2183,600+ Year (Centenarian),600,Developing Secondary Phloem (APL+),0.1780251545228389,54,5,2,1,0,0,2,31,19,46,16,3,11,1,4,3,13,6,1.791759469228055,1.0986122886681096,0.6931471805599453,0.0,0.0,1.0986122886681096,3.4657359027997265,2.995732273553991,3.8501476017100584,2.833213344056216,1.3862943611198906,2.4849066497880004,0.6931471805599453,1.6094379124341003,1.3862943611198906,2.639057329615259,1.9459101490553132
Cell_2184,600+ Year (Centenarian),600,Developing Secondary Phloem (APL+),0.35301028865579726,53,3,1,0,0,0,0,26,32,34,11,7,4,0,0,5,11,6,1.3862943611198906,0.6931471805599453,0.0,0.0,0.0,0.0,3.295836866004329,3.4965075614664802,3.5553480614894135,2.4849066497880004,2.0794415416798357,1.6094379124341003,0.0,0.0,1.791759469228055,2.4849066497880004,1.9459101490553132
Cell_2185,600+ Year (Centenarian),600,Developing Secondary Phloem (APL+),0.6422849735574596,58,0,1,0,1,1,0,33,28,45,14,5,2,4,1,7,14,5,0.0,0.6931471805599453,0.0,0.6931471805599453,0.6931471805599453,0.0,3.5263605246161616,3.367295829986474,3.828641396489095,2.70805020110221,1.791759469228055,1.0986122886681096,1.6094379124341003,0.6931471805599453,2.0794415416798357,2.70805020110221,1.791759469228055
Cell_2186,600+ Year (Centenarian),600,Developing Secondary Phloem (APL+),0.6779576619543267,58,5,8,0,0,1,2,29,18,33,26,1,1,1,4,3,7,3,1.791759469228055,2.1972245773362196,0.0,0.0,0.6931471805599453,1.0986122886681096,3.4011973816621555,2.9444389791664403,3.5263605246161616,3.295836866004329,0.6931471805599453,0.6931471805599453,0.6931471805599453,1.6094379124341003,1.3862943611198906,2.0794415416798357,1.3862943611198906
Cell_2187,600+ Year (Centenarian),600,Developing Secondary Phloem (APL+),0.6567217400056216,53,0,5,0,0,2,2,27,42,39,16,2,4,1,0,6,13,12,0.0,1.791759469228055,0.0,0.0,1.0986122886681096,1.0986122886681096,3.332204510175204,3.7612001156935624,3.6888794541139363,2.833213344056216,1.0986122886681096,1.6094379124341003,0.6931471805599453,0.0,1.9459101490553132,2.639057329615259,2.5649493574615367
Cell_2188,600+ Year (Centenarian),600,Developing Secondary Phloem (APL+),0.8670764741388508,39,0,2,0,0,1,2,34,19,32,23,3,2,2,4,6,23,4,0.0,1.0986122886681096,0.0,0.0,0.6931471805599453,1.0986122886681096,3.5553480614894135,2.995732273553991,3.4965075614664802,3.1780538303479458,1.3862943611198906,1.0986122886681096,1.0986122886681096,1.6094379124341003,1.9459101490553132,3.1780538303479458,1.6094379124341003
Cell_2189,600+ Year (Centenarian),600,Developing Secondary Phloem (APL+),0.544076858718103,51,2,6,0,1,0,5,22,13,46,19,2,2,2,1,1,11,9,1.0986122886681096,1.9459101490553132,0.0,0.6931471805599453,0.0,1.791759469228055,3.1354942159291497,2.639057329615259,3.8501476017100584,2.995732273553991,1.0986122886681096,1.0986122886681096,1.0986122886681096,0.6931471805599453,0.6931471805599453,2.4849066497880004,2.302585092994046
Cell_2190,600+ Year (Centenarian),600,Developing Secondary Phloem (APL+),0.6411077631028406,54,2,2,0,0,2,0,37,11,37,15,5,1,4,2,1,5,3,1.0986122886681096,1.0986122886681096,0.0,0.0,1.0986122886681096,0.0,3.6375861597263857,2.4849066497880004,3.6375861597263857,2.772588722239781,1.791759469228055,0.6931471805599453,1.6094379124341003,1.0986122886681096,0.6931471805599453,1.791759469228055,1.3862943611198906
Cell_2191,600+ Year (Centenarian),600,Developing Secondary Phloem (APL+),0.6276221087191217,52,1,1,0,0,0,3,16,30,42,19,2,1,2,1,7,10,7,0.6931471805599453,0.6931471805599453,0.0,0.0,0.0,1.3862943611198906,2.833213344056216,3.4339872044851463,3.7612001156935624,2.995732273553991,1.0986122886681096,0.6931471805599453,1.0986122886681096,0.6931471805599453,2.0794415416798357,2.3978952727983707,2.0794415416798357
Cell_2192,600+ Year (Centenarian),600,Developing Secondary Phloem (APL+),0.7036559313346031,49,2,7,0,0,2,0,41,17,48,15,4,4,2,0,10,1,4,1.0986122886681096,2.0794415416798357,0.0,0.0,1.0986122886681096,0.0,3.7376696182833684,2.8903717578961645,3.8918202981106265,2.772588722239781,1.6094379124341003,1.6094379124341003,1.0986122886681096,0.0,2.3978952727983707,0.6931471805599453,1.6094379124341003
Cell_2193,600+ Year (Centenarian),600,Developing Secondary Phloem (APL+),0.6065680086858937,48,3,9,0,0,0,0,24,35,33,18,6,4,4,0,1,11,8,1.3862943611198906,2.302585092994046,0.0,0.0,0.0,0.0,3.2188758248682006,3.58351893845611,3.5263605246161616,2.9444389791664403,1.9459101490553132,1.6094379124341003,1.6094379124341003,0.0,0.6931471805599453,2.4849066497880004,2.1972245773362196
Cell_2194,600+ Year (Centenarian),600,Developing Secondary Phloem (APL+),0.5937168213431062,50,5,0,0,0,0,1,40,25,27,10,11,0,5,2,2,11,2,1.791759469228055,0.0,0.0,0.0,0.0,0.6931471805599453,3.713572066704308,3.258096538021482,3.332204510175204,2.3978952727983707,2.4849066497880004,0.0,1.791759469228055,1.0986122886681096,1.0986122886681096,2.4849066497880004,1.0986122886681096
Cell_2195,600+ Year (Centenarian),600,Developing Secondary Phloem (APL+),0.4089993013821111,63,2,1,1,0,1,1,31,24,33,13,10,3,1,1,7,19,4,1.0986122886681096,0.6931471805599453,0.6931471805599453,0.0,0.6931471805599453,0.6931471805599453,3.4657359027997265,3.2188758248682006,3.5263605246161616,2.639057329615259,2.3978952727983707,1.3862943611198906,0.6931471805599453,0.6931471805599453,2.0794415416798357,2.995732273553991,1.6094379124341003
Cell_2196,600+ Year (Centenarian),600,Developing Secondary Phloem (APL+),0.8392363492533417,59,2,4,0,0,0,0,29,18,40,28,8,1,1,0,2,8,4,1.0986122886681096,1.6094379124341003,0.0,0.0,0.0,0.0,3.4011973816621555,2.9444389791664403,3.713572066704308,3.367295829986474,2.1972245773362196,0.6931471805599453,0.6931471805599453,0.0,1.0986122886681096,2.1972245773362196,1.6094379124341003
Cell_2197,600+ Year (Centenarian),600,Developing Secondary Phloem (APL+),0.48935268723104736,53,3,5,0,1,0,0,16,17,46,21,0,3,1,0,9,5,9,1.3862943611198906,1.791759469228055,0.0,0.6931471805599453,0.0,0.0,2.833213344056216,2.8903717578961645,3.8501476017100584,3.091042453358316,0.0,1.3862943611198906,0.6931471805599453,0.0,2.302585092994046,1.791759469228055,2.302585092994046
Cell_2198,600+ Year (Centenarian),600,Developing Secondary Phloem (APL+),0.33977866746763363,42,2,2,1,0,1,1,23,32,30,14,4,5,3,7,3,10,8,1.0986122886681096,1.0986122886681096,0.6931471805599453,0.0,0.6931471805599453,0.6931471805599453,3.1780538303479458,3.4965075614664802,3.4339872044851463,2.70805020110221,1.6094379124341003,1.791759469228055,1.3862943611198906,2.0794415416798357,1.3862943611198906,2.3978952727983707,2.1972245773362196
Cell_2199,600+ Year (Centenarian),600,Developing Secondary Phloem (APL+),0.7240415966548767,43,1,3,1,0,1,2,17,11,22,14,2,4,0,0,9,14,6,0.6931471805599453,1.3862943611198906,0.6931471805599453,0.0,0.6931471805599453,1.0986122886681096,2.8903717578961645,2.4849066497880004,3.1354942159291497,2.70805020110221,1.0986122886681096,1.6094379124341003,0.0,0.0,2.302585092994046,2.70805020110221,1.9459101490553132
Cell_2200,600+ Year (Centenarian),600,Developing Secondary Phloem (APL+),0.49973291039184464,52,0,3,0,0,1,1,47,32,47,15,6,4,1,1,0,13,7,0.0,1.3862943611198906,0.0,0.0,0.6931471805599453,0.6931471805599453,3.8712010109078907,3.4965075614664802,3.8712010109078907,2.772588722239781,1.9459101490553132,1.6094379124341003,0.6931471805599453,0.6931471805599453,0.0,2.639057329615259,2.0794415416798357
Cell_2201,600+ Year (Centenarian),600,Developing Secondary Phloem (APL+),0.43880714708587626,35,2,8,0,0,2,3,31,17,45,14,2,3,2,1,6,11,9,1.0986122886681096,2.1972245773362196,0.0,0.0,1.0986122886681096,1.3862943611198906,3.4657359027997265,2.8903717578961645,3.828641396489095,2.70805020110221,1.0986122886681096,1.3862943611198906,1.0986122886681096,0.6931471805599453,1.9459101490553132,2.4849066497880004,2.302585092994046
Cell_2202,600+ Year (Centenarian),600,Developing Secondary Phloem (APL+),0.4821045095431245,56,1,3,0,0,2,0,23,27,52,9,1,2,2,0,10,22,10,0.6931471805599453,1.3862943611198906,0.0,0.0,1.0986122886681096,0.0,3.1780538303479458,3.332204510175204,3.970291913552122,2.302585092994046,0.6931471805599453,1.0986122886681096,1.0986122886681096,0.0,2.3978952727983707,3.1354942159291497,2.3978952727983707
Cell_2203,600+ Year (Centenarian),600,Developing Secondary Phloem (APL+),0.6805097298777752,58,0,2,0,0,2,4,34,16,35,11,3,10,8,1,10,14,7,0.0,1.0986122886681096,0.0,0.0,1.0986122886681096,1.6094379124341003,3.5553480614894135,2.833213344056216,3.58351893845611,2.4849066497880004,1.3862943611198906,2.3978952727983707,2.1972245773362196,0.6931471805599453,2.3978952727983707,2.70805020110221,2.0794415416798357
Cell_2204,600+ Year (Centenarian),600,Developing Secondary Phloem (APL+),0.34902790918776255,36,3,4,0,0,1,1,20,22,30,17,4,4,1,0,7,9,3,1.3862943611198906,1.6094379124341003,0.0,0.0,0.6931471805599453,0.6931471805599453,3.044522437723423,3.1354942159291497,3.4339872044851463,2.8903717578961645,1.6094379124341003,1.6094379124341003,0.6931471805599453,0.0,2.0794415416798357,2.302585092994046,1.3862943611198906
Cell_2205,600+ Year (Centenarian),600,Developing Secondary Phloem (APL+),0.8405927493816736,66,6,3,0,0,4,1,39,27,40,22,8,4,5,1,5,12,3,1.9459101490553132,1.3862943611198906,0.0,0.0,1.6094379124341003,0.6931471805599453,3.6888794541139363,3.332204510175204,3.713572066704308,3.1354942159291497,2.1972245773362196,1.6094379124341003,1.791759469228055,0.6931471805599453,1.791759469228055,2.5649493574615367,1.3862943611198906
Cell_2206,600+ Year (Centenarian),600,Developing Secondary Phloem (APL+),0.34109152446241575,47,3,8,1,0,2,1,27,29,60,10,0,1,1,3,4,4,7,1.3862943611198906,2.1972245773362196,0.6931471805599453,0.0,1.0986122886681096,0.6931471805599453,3.332204510175204,3.4011973816621555,4.110873864173311,2.3978952727983707,0.0,0.6931471805599453,0.6931471805599453,1.3862943611198906,1.6094379124341003,1.6094379124341003,2.0794415416798357
Cell_2207,600+ Year (Centenarian),600,Developing Secondary Phloem (APL+),0.5048747230653543,69,1,4,0,0,1,0,21,17,44,23,9,1,2,1,11,17,5,0.6931471805599453,1.6094379124341003,0.0,0.0,0.6931471805599453,0.0,3.091042453358316,2.8903717578961645,3.8066624897703196,3.1780538303479458,2.302585092994046,0.6931471805599453,1.0986122886681096,0.6931471805599453,2.4849066497880004,2.8903717578961645,1.791759469228055
Cell_2208,600+ Year (Centenarian),600,Developing Secondary Phloem (APL+),0.8650856084737462,42,3,2,0,0,0,7,41,17,45,12,1,2,2,1,10,10,5,1.3862943611198906,1.0986122886681096,0.0,0.0,0.0,2.0794415416798357,3.7376696182833684,2.8903717578961645,3.828641396489095,2.5649493574615367,0.6931471805599453,1.0986122886681096,1.0986122886681096,0.6931471805599453,2.3978952727983707,2.3978952727983707,1.791759469228055
Cell_2209,600+ Year (Centenarian),600,Developing Secondary Phloem (APL+),0.46781343123138736,62,0,3,2,0,6,0,19,25,46,17,3,1,3,1,8,10,2,0.0,1.3862943611198906,1.0986122886681096,0.0,1.9459101490553132,0.0,2.995732273553991,3.258096538021482,3.8501476017100584,2.8903717578961645,1.3862943611198906,0.6931471805599453,1.3862943611198906,0.6931471805599453,2.1972245773362196,2.3978952727983707,1.0986122886681096
Cell_2210,600+ Year (Centenarian),600,Developing Secondary Phloem (APL+),0.6178278491222139,45,1,0,3,0,0,1,24,11,28,16,2,1,9,1,4,14,4,0.6931471805599453,0.0,1.3862943611198906,0.0,0.0,0.6931471805599453,3.2188758248682006,2.4849066497880004,3.367295829986474,2.833213344056216,1.0986122886681096,0.6931471805599453,2.302585092994046,0.6931471805599453,1.6094379124341003,2.70805020110221,1.6094379124341003
Cell_2211,600+ Year (Centenarian),600,Developing Secondary Phloem (APL+),0.21905518636588064,47,0,2,1,0,1,2,23,41,24,16,1,1,0,1,11,9,13,0.0,1.0986122886681096,0.6931471805599453,0.0,0.6931471805599453,1.0986122886681096,3.1780538303479458,3.7376696182833684,3.2188758248682006,2.833213344056216,0.6931471805599453,0.6931471805599453,0.0,0.6931471805599453,2.4849066497880004,2.302585092994046,2.639057329615259
Cell_2212,600+ Year (Centenarian),600,Developing Secondary Phloem (APL+),0.4108443487142781,40,1,1,1,0,1,4,34,39,39,15,8,4,6,1,3,15,12,0.6931471805599453,0.6931471805599453,0.6931471805599453,0.0,0.6931471805599453,1.6094379124341003,3.5553480614894135,3.6888794541139363,3.6888794541139363,2.772588722239781,2.1972245773362196,1.6094379124341003,1.9459101490553132,0.6931471805599453,1.3862943611198906,2.772588722239781,2.5649493574615367
Cell_2213,600+ Year (Centenarian),600,Developing Secondary Phloem (APL+),0.21925634351490886,54,0,2,0,1,0,2,38,20,40,18,3,3,3,2,4,9,11,0.0,1.0986122886681096,0.0,0.6931471805599453,0.0,1.0986122886681096,3.6635616461296463,3.044522437723423,3.713572066704308,2.9444389791664403,1.3862943611198906,1.3862943611198906,1.3862943611198906,1.0986122886681096,1.6094379124341003,2.302585092994046,2.4849066497880004
Cell_2214,600+ Year (Centenarian),600,Developing Secondary Phloem (APL+),0.2752341425112837,40,3,3,2,0,0,0,54,21,36,23,7,2,2,3,6,15,5,1.3862943611198906,1.3862943611198906,1.0986122886681096,0.0,0.0,0.0,4.007333185232471,3.091042453358316,3.6109179126442243,3.1780538303479458,2.0794415416798357,1.0986122886681096,1.0986122886681096,1.3862943611198906,1.9459101490553132,2.772588722239781,1.791759469228055
Cell_2215,600+ Year (Centenarian),600,Developing Secondary Phloem (APL+),0.23391391202128653,56,0,1,0,0,1,1,38,21,53,23,4,4,6,2,3,8,1,0.0,0.6931471805599453,0.0,0.0,0.6931471805599453,0.6931471805599453,3.6635616461296463,3.091042453358316,3.9889840465642745,3.1780538303479458,1.6094379124341003,1.6094379124341003,1.9459101490553132,1.0986122886681096,1.3862943611198906,2.1972245773362196,0.6931471805599453
Cell_2216,600+ Year (Centenarian),600,Developing Secondary Phloem (APL+),0.7289180925357982,53,3,0,1,1,5,2,16,22,49,10,5,1,3,4,19,6,5,1.3862943611198906,0.0,0.6931471805599453,0.6931471805599453,1.791759469228055,1.0986122886681096,2.833213344056216,3.1354942159291497,3.912023005428146,2.3978952727983707,1.791759469228055,0.6931471805599453,1.3862943611198906,1.6094379124341003,2.995732273553991,1.9459101490553132,1.791759469228055
Cell_2217,600+ Year (Centenarian),600,Developing Secondary Phloem (APL+),0.6844497539357209,57,10,2,0,0,1,0,29,25,40,15,0,8,0,0,6,14,4,2.3978952727983707,1.0986122886681096,0.0,0.0,0.6931471805599453,0.0,3.4011973816621555,3.258096538021482,3.713572066704308,2.772588722239781,0.0,2.1972245773362196,0.0,0.0,1.9459101490553132,2.70805020110221,1.6094379124341003
Cell_2218,600+ Year (Centenarian),600,Developing Secondary Phloem (APL+),0.21189269671341848,60,0,7,0,0,0,1,34,27,20,17,7,2,2,3,10,20,12,0.0,2.0794415416798357,0.0,0.0,0.0,0.6931471805599453,3.5553480614894135,3.332204510175204,3.044522437723423,2.8903717578961645,2.0794415416798357,1.0986122886681096,1.0986122886681096,1.3862943611198906,2.3978952727983707,3.044522437723423,2.5649493574615367
Cell_2219,600+ Year (Centenarian),600,Developing Secondary Phloem (APL+),0.7565565298369678,46,1,1,0,0,2,2,32,23,34,5,3,5,1,2,18,8,4,0.6931471805599453,0.6931471805599453,0.0,0.0,1.0986122886681096,1.0986122886681096,3.4965075614664802,3.1780538303479458,3.5553480614894135,1.791759469228055,1.3862943611198906,1.791759469228055,0.6931471805599453,1.0986122886681096,2.9444389791664403,2.1972245773362196,1.6094379124341003
Cell_2220,600+ Year (Centenarian),600,Developing Secondary Phloem (APL+),0.8192202219957596,44,0,4,0,0,3,3,22,26,30,19,9,12,2,1,15,9,8,0.0,1.6094379124341003,0.0,0.0,1.3862943611198906,1.3862943611198906,3.1354942159291497,3.295836866004329,3.4339872044851463,2.995732273553991,2.302585092994046,2.5649493574615367,1.0986122886681096,0.6931471805599453,2.772588722239781,2.302585092994046,2.1972245773362196
Cell_2221,600+ Year (Centenarian),600,Developing Secondary Phloem (APL+),0.3201810868729402,55,2,2,0,0,0,1,21,26,37,9,3,3,0,2,1,13,6,1.0986122886681096,1.0986122886681096,0.0,0.0,0.0,0.6931471805599453,3.091042453358316,3.295836866004329,3.6375861597263857,2.302585092994046,1.3862943611198906,1.3862943611198906,0.0,1.0986122886681096,0.6931471805599453,2.639057329615259,1.9459101490553132
Cell_2222,600+ Year (Centenarian),600,Developing Secondary Phloem (APL+),0.6826752536370747,56,1,8,0,0,2,0,29,16,40,28,0,2,0,1,5,5,5,0.6931471805599453,2.1972245773362196,0.0,0.0,1.0986122886681096,0.0,3.4011973816621555,2.833213344056216,3.713572066704308,3.367295829986474,0.0,1.0986122886681096,0.0,0.6931471805599453,1.791759469228055,1.791759469228055,1.791759469228055
Cell_2223,600+ Year (Centenarian),600,Developing Secondary Phloem (APL+),0.6566555055008237,46,0,4,0,0,1,4,28,25,44,22,7,2,1,2,4,17,4,0.0,1.6094379124341003,0.0,0.0,0.6931471805599453,1.6094379124341003,3.367295829986474,3.258096538021482,3.8066624897703196,3.1354942159291497,2.0794415416798357,1.0986122886681096,0.6931471805599453,1.0986122886681096,1.6094379124341003,2.8903717578961645,1.6094379124341003
Cell_2224,600+ Year (Centenarian),600,Developing Secondary Phloem (APL+),0.8957566244491239,54,0,0,2,0,0,0,28,20,46,22,4,7,2,0,7,16,3,0.0,0.0,1.0986122886681096,0.0,0.0,0.0,3.367295829986474,3.044522437723423,3.8501476017100584,3.1354942159291497,1.6094379124341003,2.0794415416798357,1.0986122886681096,0.0,2.0794415416798357,2.833213344056216,1.3862943611198906
Cell_2225,600+ Year (Centenarian),600,Developing Secondary Phloem (APL+),0.55563300855859,49,0,1,0,0,0,0,30,17,35,24,1,3,1,1,10,8,11,0.0,0.6931471805599453,0.0,0.0,0.0,0.0,3.4339872044851463,2.8903717578961645,3.58351893845611,3.2188758248682006,0.6931471805599453,1.3862943611198906,0.6931471805599453,0.6931471805599453,2.3978952727983707,2.1972245773362196,2.4849066497880004
Cell_2226,600+ Year (Centenarian),600,Developing Secondary Phloem (APL+),0.7580453469756194,54,1,4,2,0,2,2,23,25,43,17,5,8,2,5,9,17,3,0.6931471805599453,1.6094379124341003,1.0986122886681096,0.0,1.0986122886681096,1.0986122886681096,3.1780538303479458,3.258096538021482,3.784189633918261,2.8903717578961645,1.791759469228055,2.1972245773362196,1.0986122886681096,1.791759469228055,2.302585092994046,2.8903717578961645,1.3862943611198906
Cell_2227,600+ Year (Centenarian),600,Developing Secondary Phloem (APL+),0.6021221594524078,56,2,2,0,0,1,2,45,32,35,18,11,4,3,0,10,2,5,1.0986122886681096,1.0986122886681096,0.0,0.0,0.6931471805599453,1.0986122886681096,3.828641396489095,3.4965075614664802,3.58351893845611,2.9444389791664403,2.4849066497880004,1.6094379124341003,1.3862943611198906,0.0,2.3978952727983707,1.0986122886681096,1.791759469228055
Cell_2228,600+ Year (Centenarian),600,Developing Secondary Phloem (APL+),0.3778867018925945,41,1,1,0,0,0,2,29,31,41,27,7,0,3,2,3,8,1,0.6931471805599453,0.6931471805599453,0.0,0.0,0.0,1.0986122886681096,3.4011973816621555,3.4657359027997265,3.7376696182833684,3.332204510175204,2.0794415416798357,0.0,1.3862943611198906,1.0986122886681096,1.3862943611198906,2.1972245773362196,0.6931471805599453
Cell_2229,600+ Year (Centenarian),600,Developing Secondary Phloem (APL+),0.637774955095679,47,0,3,1,1,0,2,36,24,23,20,2,1,1,2,7,5,2,0.0,1.3862943611198906,0.6931471805599453,0.6931471805599453,0.0,1.0986122886681096,3.6109179126442243,3.2188758248682006,3.1780538303479458,3.044522437723423,1.0986122886681096,0.6931471805599453,0.6931471805599453,1.0986122886681096,2.0794415416798357,1.791759469228055,1.0986122886681096
Cell_2230,600+ Year (Centenarian),600,Developing Secondary Phloem (APL+),0.9086579573017669,51,1,4,0,0,0,4,34,14,58,8,4,3,4,1,6,22,5,0.6931471805599453,1.6094379124341003,0.0,0.0,0.0,1.6094379124341003,3.5553480614894135,2.70805020110221,4.07753744390572,2.1972245773362196,1.6094379124341003,1.3862943611198906,1.6094379124341003,0.6931471805599453,1.9459101490553132,3.1354942159291497,1.791759469228055
Cell_2231,600+ Year (Centenarian),600,Developing Secondary Phloem (APL+),0.48009353479681754,54,8,1,2,0,2,0,28,22,53,25,4,0,0,6,4,3,9,2.1972245773362196,0.6931471805599453,1.0986122886681096,0.0,1.0986122886681096,0.0,3.367295829986474,3.1354942159291497,3.9889840465642745,3.258096538021482,1.6094379124341003,0.0,0.0,1.9459101490553132,1.6094379124341003,1.3862943611198906,2.302585092994046
Cell_2232,600+ Year (Centenarian),600,Developing Secondary Phloem (APL+),0.35167502038968024,57,1,2,0,0,3,1,36,33,35,17,3,5,2,0,16,14,4,0.6931471805599453,1.0986122886681096,0.0,0.0,1.3862943611198906,0.6931471805599453,3.6109179126442243,3.5263605246161616,3.58351893845611,2.8903717578961645,1.3862943611198906,1.791759469228055,1.0986122886681096,0.0,2.833213344056216,2.70805020110221,1.6094379124341003
Cell_2233,600+ Year (Centenarian),600,Developing Secondary Phloem (APL+),0.4231310030616517,59,0,2,0,0,0,0,39,25,58,28,7,7,1,4,14,11,5,0.0,1.0986122886681096,0.0,0.0,0.0,0.0,3.6888794541139363,3.258096538021482,4.07753744390572,3.367295829986474,2.0794415416798357,2.0794415416798357,0.6931471805599453,1.6094379124341003,2.70805020110221,2.4849066497880004,1.791759469228055
Cell_2234,600+ Year (Centenarian),600,Developing Secondary Phloem (APL+),0.7780189509783546,56,2,1,1,0,1,1,12,30,28,13,4,2,6,3,10,13,3,1.0986122886681096,0.6931471805599453,0.6931471805599453,0.0,0.6931471805599453,0.6931471805599453,2.5649493574615367,3.4339872044851463,3.367295829986474,2.639057329615259,1.6094379124341003,1.0986122886681096,1.9459101490553132,1.3862943611198906,2.3978952727983707,2.639057329615259,1.3862943611198906
Cell_2235,600+ Year (Centenarian),600,Developing Secondary Phloem (APL+),0.9072513357842613,57,2,4,0,1,0,4,12,15,32,8,5,1,1,0,5,24,2,1.0986122886681096,1.6094379124341003,0.0,0.6931471805599453,0.0,1.6094379124341003,2.5649493574615367,2.772588722239781,3.4965075614664802,2.1972245773362196,1.791759469228055,0.6931471805599453,0.6931471805599453,0.0,1.791759469228055,3.2188758248682006,1.0986122886681096
Cell_2236,600+ Year (Centenarian),600,Developing Secondary Phloem (APL+),0.7444442984226102,47,1,9,0,0,0,3,28,20,82,15,9,5,1,1,8,5,2,0.6931471805599453,2.302585092994046,0.0,0.0,0.0,1.3862943611198906,3.367295829986474,3.044522437723423,4.418840607796598,2.772588722239781,2.302585092994046,1.791759469228055,0.6931471805599453,0.6931471805599453,2.1972245773362196,1.791759469228055,1.0986122886681096
Cell_2237,600+ Year (Centenarian),600,Developing Secondary Phloem (APL+),0.6643839837930035,32,1,1,0,0,0,1,21,38,62,12,1,3,3,0,6,15,7,0.6931471805599453,0.6931471805599453,0.0,0.0,0.0,0.6931471805599453,3.091042453358316,3.6635616461296463,4.143134726391533,2.5649493574615367,0.6931471805599453,1.3862943611198906,1.3862943611198906,0.0,1.9459101490553132,2.772588722239781,2.0794415416798357
Cell_2238,600+ Year (Centenarian),600,Developing Secondary Phloem (APL+),0.8977798934094781,45,0,14,1,1,1,0,45,25,49,13,1,4,5,1,10,12,11,0.0,2.70805020110221,0.6931471805599453,0.6931471805599453,0.6931471805599453,0.0,3.828641396489095,3.258096538021482,3.912023005428146,2.639057329615259,0.6931471805599453,1.6094379124341003,1.791759469228055,0.6931471805599453,2.3978952727983707,2.5649493574615367,2.4849066497880004
Cell_2239,600+ Year (Centenarian),600,Developing Secondary Phloem (APL+),0.6820889681947822,47,3,0,0,0,0,1,30,30,38,17,6,4,3,0,12,14,8,1.3862943611198906,0.0,0.0,0.0,0.0,0.6931471805599453,3.4339872044851463,3.4339872044851463,3.6635616461296463,2.8903717578961645,1.9459101490553132,1.6094379124341003,1.3862943611198906,0.0,2.5649493574615367,2.70805020110221,2.1972245773362196
Cell_2240,600+ Year (Centenarian),600,Developing Secondary Phloem (APL+),0.8455115123273952,47,0,0,2,0,0,0,35,30,50,15,3,3,3,0,17,11,6,0.0,0.0,1.0986122886681096,0.0,0.0,0.0,3.58351893845611,3.4339872044851463,3.9318256327243257,2.772588722239781,1.3862943611198906,1.3862943611198906,1.3862943611198906,0.0,2.8903717578961645,2.4849066497880004,1.9459101490553132
Cell_2241,600+ Year (Centenarian),600,Developing Secondary Phloem (APL+),0.3588368070232418,48,3,1,0,3,1,0,34,9,42,11,5,3,2,1,5,3,10,1.3862943611198906,0.6931471805599453,0.0,1.3862943611198906,0.6931471805599453,0.0,3.5553480614894135,2.302585092994046,3.7612001156935624,2.4849066497880004,1.791759469228055,1.3862943611198906,1.0986122886681096,0.6931471805599453,1.791759469228055,1.3862943611198906,2.3978952727983707
Cell_2242,600+ Year (Centenarian),600,Developing Secondary Phloem (APL+),0.723333177951401,42,0,3,0,0,1,2,33,21,58,15,0,6,0,0,4,9,5,0.0,1.3862943611198906,0.0,0.0,0.6931471805599453,1.0986122886681096,3.5263605246161616,3.091042453358316,4.07753744390572,2.772588722239781,0.0,1.9459101490553132,0.0,0.0,1.6094379124341003,2.302585092994046,1.791759469228055
Cell_2243,600+ Year (Centenarian),600,Developing Secondary Phloem (APL+),0.16796813771721006,48,1,3,0,0,2,0,42,11,36,16,3,4,5,1,7,15,5,0.6931471805599453,1.3862943611198906,0.0,0.0,1.0986122886681096,0.0,3.7612001156935624,2.4849066497880004,3.6109179126442243,2.833213344056216,1.3862943611198906,1.6094379124341003,1.791759469228055,0.6931471805599453,2.0794415416798357,2.772588722239781,1.791759469228055
Cell_2244,600+ Year (Centenarian),600,Developing Secondary Phloem (APL+),0.6520067804575979,50,6,3,0,0,0,14,18,28,35,26,1,2,4,2,8,4,6,1.9459101490553132,1.3862943611198906,0.0,0.0,0.0,2.70805020110221,2.9444389791664403,3.367295829986474,3.58351893845611,3.295836866004329,0.6931471805599453,1.0986122886681096,1.6094379124341003,1.0986122886681096,2.1972245773362196,1.6094379124341003,1.9459101490553132
Cell_2245,600+ Year (Centenarian),600,Developing Secondary Phloem (APL+),0.2615906682790644,46,0,1,0,0,0,0,14,29,43,7,1,7,1,0,9,19,5,0.0,0.6931471805599453,0.0,0.0,0.0,0.0,2.70805020110221,3.4011973816621555,3.784189633918261,2.0794415416798357,0.6931471805599453,2.0794415416798357,0.6931471805599453,0.0,2.302585092994046,2.995732273553991,1.791759469228055
Cell_2246,600+ Year (Centenarian),600,Developing Secondary Phloem (APL+),0.8189392016899545,52,2,7,1,0,1,1,25,17,35,9,5,5,2,1,6,11,6,1.0986122886681096,2.0794415416798357,0.6931471805599453,0.0,0.6931471805599453,0.6931471805599453,3.258096538021482,2.8903717578961645,3.58351893845611,2.302585092994046,1.791759469228055,1.791759469228055,1.0986122886681096,0.6931471805599453,1.9459101490553132,2.4849066497880004,1.9459101490553132
Cell_2247,600+ Year (Centenarian),600,Developing Secondary Phloem (APL+),0.8102343031127963,55,0,3,0,1,0,7,32,28,26,34,6,14,6,2,9,21,2,0.0,1.3862943611198906,0.0,0.6931471805599453,0.0,2.0794415416798357,3.4965075614664802,3.367295829986474,3.295836866004329,3.5553480614894135,1.9459101490553132,2.70805020110221,1.9459101490553132,1.0986122886681096,2.302585092994046,3.091042453358316,1.0986122886681096
Cell_2248,600+ Year (Centenarian),600,Developing Secondary Phloem (APL+),0.43825917214841403,52,0,1,0,0,1,0,40,17,40,21,6,5,7,1,6,8,7,0.0,0.6931471805599453,0.0,0.0,0.6931471805599453,0.0,3.713572066704308,2.8903717578961645,3.713572066704308,3.091042453358316,1.9459101490553132,1.791759469228055,2.0794415416798357,0.6931471805599453,1.9459101490553132,2.1972245773362196,2.0794415416798357
Cell_2249,600+ Year (Centenarian),600,Developing Secondary Phloem (APL+),0.4286190895785805,58,4,6,1,1,0,1,26,10,53,15,2,2,2,2,6,11,0,1.6094379124341003,1.9459101490553132,0.6931471805599453,0.6931471805599453,0.0,0.6931471805599453,3.295836866004329,2.3978952727983707,3.9889840465642745,2.772588722239781,1.0986122886681096,1.0986122886681096,1.0986122886681096,1.0986122886681096,1.9459101490553132,2.4849066497880004,0.0
Cell_2250,600+ Year (Centenarian),600,Developing Secondary Phloem (APL+),0.593548129930508,40,0,5,0,0,3,1,24,22,62,22,2,1,1,4,10,19,6,0.0,1.791759469228055,0.0,0.0,1.3862943611198906,0.6931471805599453,3.2188758248682006,3.1354942159291497,4.143134726391533,3.1354942159291497,1.0986122886681096,0.6931471805599453,0.6931471805599453,1.6094379124341003,2.3978952727983707,2.995732273553991,1.9459101490553132
Cell_2251,600+ Year (Centenarian),600,Developing Secondary Phloem (APL+),0.39240621801253317,46,5,11,2,0,0,4,43,39,54,17,1,0,3,2,11,6,8,1.791759469228055,2.4849066497880004,1.0986122886681096,0.0,0.0,1.6094379124341003,3.784189633918261,3.6888794541139363,4.007333185232471,2.8903717578961645,0.6931471805599453,0.0,1.3862943611198906,1.0986122886681096,2.4849066497880004,1.9459101490553132,2.1972245773362196
Cell_2252,600+ Year (Centenarian),600,Developing Secondary Phloem (APL+),0.4313600370968423,59,2,4,0,1,1,1,41,28,56,18,2,0,3,0,4,16,5,1.0986122886681096,1.6094379124341003,0.0,0.6931471805599453,0.6931471805599453,0.6931471805599453,3.7376696182833684,3.367295829986474,4.04305126783455,2.9444389791664403,1.0986122886681096,0.0,1.3862943611198906,0.0,1.6094379124341003,2.833213344056216,1.791759469228055
Cell_2253,600+ Year (Centenarian),600,Developing Secondary Phloem (APL+),0.41615258410416633,46,3,5,0,0,0,3,34,36,20,12,3,2,3,0,2,5,3,1.3862943611198906,1.791759469228055,0.0,0.0,0.0,1.3862943611198906,3.5553480614894135,3.6109179126442243,3.044522437723423,2.5649493574615367,1.3862943611198906,1.0986122886681096,1.3862943611198906,0.0,1.0986122886681096,1.791759469228055,1.3862943611198906
Cell_2254,600+ Year (Centenarian),600,Developing Secondary Phloem (APL+),0.6176842080626144,48,3,3,0,0,0,0,19,23,40,14,2,3,5,3,6,21,5,1.3862943611198906,1.3862943611198906,0.0,0.0,0.0,0.0,2.995732273553991,3.1780538303479458,3.713572066704308,2.70805020110221,1.0986122886681096,1.3862943611198906,1.791759469228055,1.3862943611198906,1.9459101490553132,3.091042453358316,1.791759469228055
Cell_2255,600+ Year (Centenarian),600,Developing Secondary Phloem (APL+),0.6905585765773051,46,2,2,1,0,1,1,50,14,24,8,1,3,6,2,4,16,1,1.0986122886681096,1.0986122886681096,0.6931471805599453,0.0,0.6931471805599453,0.6931471805599453,3.9318256327243257,2.70805020110221,3.2188758248682006,2.1972245773362196,0.6931471805599453,1.3862943611198906,1.9459101490553132,1.0986122886681096,1.6094379124341003,2.833213344056216,0.6931471805599453
Cell_2256,600+ Year (Centenarian),600,Developing Secondary Phloem (APL+),0.6311246035885474,52,2,0,0,0,1,2,41,12,21,17,0,2,5,1,3,7,6,1.0986122886681096,0.0,0.0,0.0,0.6931471805599453,1.0986122886681096,3.7376696182833684,2.5649493574615367,3.091042453358316,2.8903717578961645,0.0,1.0986122886681096,1.791759469228055,0.6931471805599453,1.3862943611198906,2.0794415416798357,1.9459101490553132
Cell_2257,600+ Year (Centenarian),600,Developing Secondary Phloem (APL+),0.5950785615062107,41,1,7,0,0,0,0,47,38,31,20,4,3,3,2,8,19,8,0.6931471805599453,2.0794415416798357,0.0,0.0,0.0,0.0,3.8712010109078907,3.6635616461296463,3.4657359027997265,3.044522437723423,1.6094379124341003,1.3862943611198906,1.3862943611198906,1.0986122886681096,2.1972245773362196,2.995732273553991,2.1972245773362196
Cell_2258,600+ Year (Centenarian),600,Developing Secondary Phloem (APL+),0.7078810260456307,35,4,2,0,0,4,0,36,24,42,13,3,4,1,3,8,21,2,1.6094379124341003,1.0986122886681096,0.0,0.0,1.6094379124341003,0.0,3.6109179126442243,3.2188758248682006,3.7612001156935624,2.639057329615259,1.3862943611198906,1.6094379124341003,0.6931471805599453,1.3862943611198906,2.1972245773362196,3.091042453358316,1.0986122886681096
Cell_2259,600+ Year (Centenarian),600,Developing Secondary Phloem (APL+),0.24736904183058867,58,2,0,0,0,1,1,39,32,61,36,3,4,2,1,1,5,6,1.0986122886681096,0.0,0.0,0.0,0.6931471805599453,0.6931471805599453,3.6888794541139363,3.4965075614664802,4.127134385045092,3.6109179126442243,1.3862943611198906,1.6094379124341003,1.0986122886681096,0.6931471805599453,0.6931471805599453,1.791759469228055,1.9459101490553132
Cell_2260,600+ Year (Centenarian),600,Developing Secondary Phloem (APL+),0.37457000680791214,56,1,1,1,1,1,1,32,19,46,30,7,3,3,1,8,18,8,0.6931471805599453,0.6931471805599453,0.6931471805599453,0.6931471805599453,0.6931471805599453,0.6931471805599453,3.4965075614664802,2.995732273553991,3.8501476017100584,3.4339872044851463,2.0794415416798357,1.3862943611198906,1.3862943611198906,0.6931471805599453,2.1972245773362196,2.9444389791664403,2.1972245773362196
Cell_2261,600+ Year (Centenarian),600,Developing Secondary Phloem (APL+),0.6994281989199189,45,3,0,0,0,6,1,50,14,44,8,5,5,2,1,11,10,7,1.3862943611198906,0.0,0.0,0.0,1.9459101490553132,0.6931471805599453,3.9318256327243257,2.70805020110221,3.8066624897703196,2.1972245773362196,1.791759469228055,1.791759469228055,1.0986122886681096,0.6931471805599453,2.4849066497880004,2.3978952727983707,2.0794415416798357
Cell_2262,600+ Year (Centenarian),600,Developing Secondary Phloem (APL+),0.5904001823615408,59,1,2,1,0,3,0,12,17,54,8,5,8,6,0,4,15,4,0.6931471805599453,1.0986122886681096,0.6931471805599453,0.0,1.3862943611198906,0.0,2.5649493574615367,2.8903717578961645,4.007333185232471,2.1972245773362196,1.791759469228055,2.1972245773362196,1.9459101490553132,0.0,1.6094379124341003,2.772588722239781,1.6094379124341003
Cell_2263,600+ Year (Centenarian),600,Developing Secondary Phloem (APL+),0.9065836671326158,50,3,4,0,0,1,2,18,16,44,24,1,2,2,1,8,7,3,1.3862943611198906,1.6094379124341003,0.0,0.0,0.6931471805599453,1.0986122886681096,2.9444389791664403,2.833213344056216,3.8066624897703196,3.2188758248682006,0.6931471805599453,1.0986122886681096,1.0986122886681096,0.6931471805599453,2.1972245773362196,2.0794415416798357,1.3862943611198906
Cell_2264,600+ Year (Centenarian),600,Developing Secondary Phloem (APL+),0.7737565372074015,63,0,9,0,0,3,2,35,24,50,11,3,6,5,4,6,12,12,0.0,2.302585092994046,0.0,0.0,1.3862943611198906,1.0986122886681096,3.58351893845611,3.2188758248682006,3.9318256327243257,2.4849066497880004,1.3862943611198906,1.9459101490553132,1.791759469228055,1.6094379124341003,1.9459101490553132,2.5649493574615367,2.5649493574615367
Cell_2265,600+ Year (Centenarian),600,Developing Secondary Phloem (APL+),0.7920399324982335,56,6,3,0,0,1,1,24,27,33,18,0,3,1,0,9,18,8,1.9459101490553132,1.3862943611198906,0.0,0.0,0.6931471805599453,0.6931471805599453,3.2188758248682006,3.332204510175204,3.5263605246161616,2.9444389791664403,0.0,1.3862943611198906,0.6931471805599453,0.0,2.302585092994046,2.9444389791664403,2.1972245773362196
Cell_2266,600+ Year (Centenarian),600,Developing Secondary Phloem (APL+),0.4731273968810718,49,2,1,0,0,0,2,36,12,30,16,0,1,5,2,4,19,8,1.0986122886681096,0.6931471805599453,0.0,0.0,0.0,1.0986122886681096,3.6109179126442243,2.5649493574615367,3.4339872044851463,2.833213344056216,0.0,0.6931471805599453,1.791759469228055,1.0986122886681096,1.6094379124341003,2.995732273553991,2.1972245773362196
Cell_2267,600+ Year (Centenarian),600,Developing Secondary Phloem (APL+),0.7043429302379163,54,0,0,0,0,0,1,31,14,21,34,0,0,4,1,10,13,4,0.0,0.0,0.0,0.0,0.0,0.6931471805599453,3.4657359027997265,2.70805020110221,3.091042453358316,3.5553480614894135,0.0,0.0,1.6094379124341003,0.6931471805599453,2.3978952727983707,2.639057329615259,1.6094379124341003
Cell_2268,600+ Year (Centenarian),600,Developing Secondary Phloem (APL+),0.5950942453689737,47,4,1,1,2,3,1,35,17,29,11,3,3,2,1,9,9,14,1.6094379124341003,0.6931471805599453,0.6931471805599453,1.0986122886681096,1.3862943611198906,0.6931471805599453,3.58351893845611,2.8903717578961645,3.4011973816621555,2.4849066497880004,1.3862943611198906,1.3862943611198906,1.0986122886681096,0.6931471805599453,2.302585092994046,2.302585092994046,2.70805020110221
Cell_2269,600+ Year (Centenarian),600,Developing Secondary Phloem (APL+),0.6277476019075141,38,3,3,0,0,0,1,29,34,33,17,1,1,2,2,15,4,6,1.3862943611198906,1.3862943611198906,0.0,0.0,0.0,0.6931471805599453,3.4011973816621555,3.5553480614894135,3.5263605246161616,2.8903717578961645,0.6931471805599453,0.6931471805599453,1.0986122886681096,1.0986122886681096,2.772588722239781,1.6094379124341003,1.9459101490553132
Cell_2270,600+ Year (Centenarian),600,Developing Secondary Phloem (APL+),0.6115293492830663,41,1,5,2,0,7,2,23,24,41,18,6,3,1,0,20,9,17,0.6931471805599453,1.791759469228055,1.0986122886681096,0.0,2.0794415416798357,1.0986122886681096,3.1780538303479458,3.2188758248682006,3.7376696182833684,2.9444389791664403,1.9459101490553132,1.3862943611198906,0.6931471805599453,0.0,3.044522437723423,2.302585092994046,2.8903717578961645
Cell_2271,600+ Year (Centenarian),600,Developing Secondary Phloem (APL+),0.38607091205758187,66,4,1,0,1,1,1,47,25,42,22,5,6,0,2,7,9,1,1.6094379124341003,0.6931471805599453,0.0,0.6931471805599453,0.6931471805599453,0.6931471805599453,3.8712010109078907,3.258096538021482,3.7612001156935624,3.1354942159291497,1.791759469228055,1.9459101490553132,0.0,1.0986122886681096,2.0794415416798357,2.302585092994046,0.6931471805599453
Cell_2272,600+ Year (Centenarian),600,Developing Secondary Phloem (APL+),0.562886599992581,36,1,1,0,0,1,5,20,28,30,14,2,6,4,0,4,6,3,0.6931471805599453,0.6931471805599453,0.0,0.0,0.6931471805599453,1.791759469228055,3.044522437723423,3.367295829986474,3.4339872044851463,2.70805020110221,1.0986122886681096,1.9459101490553132,1.6094379124341003,0.0,1.6094379124341003,1.9459101490553132,1.3862943611198906
Cell_2273,600+ Year (Centenarian),600,Developing Secondary Phloem (APL+),0.4970589571493491,51,2,3,0,0,2,2,13,19,24,5,7,1,1,1,6,6,3,1.0986122886681096,1.3862943611198906,0.0,0.0,1.0986122886681096,1.0986122886681096,2.639057329615259,2.995732273553991,3.2188758248682006,1.791759469228055,2.0794415416798357,0.6931471805599453,0.6931471805599453,0.6931471805599453,1.9459101490553132,1.9459101490553132,1.3862943611198906
Cell_2274,600+ Year (Centenarian),600,Developing Secondary Phloem (APL+),0.8568565419242505,46,3,2,1,0,0,0,27,32,35,19,4,7,4,1,14,12,3,1.3862943611198906,1.0986122886681096,0.6931471805599453,0.0,0.0,0.0,3.332204510175204,3.4965075614664802,3.58351893845611,2.995732273553991,1.6094379124341003,2.0794415416798357,1.6094379124341003,0.6931471805599453,2.70805020110221,2.5649493574615367,1.3862943611198906
Cell_2275,600+ Year (Centenarian),600,Developing Secondary Phloem (APL+),0.24902073237017106,57,0,3,0,0,2,1,33,33,35,16,4,3,1,1,9,8,6,0.0,1.3862943611198906,0.0,0.0,1.0986122886681096,0.6931471805599453,3.5263605246161616,3.5263605246161616,3.58351893845611,2.833213344056216,1.6094379124341003,1.3862943611198906,0.6931471805599453,0.6931471805599453,2.302585092994046,2.1972245773362196,1.9459101490553132
Cell_2276,600+ Year (Centenarian),600,Developing Secondary Phloem (APL+),0.7861576012530764,39,2,1,1,0,0,0,25,40,62,13,6,11,1,0,9,4,5,1.0986122886681096,0.6931471805599453,0.6931471805599453,0.0,0.0,0.0,3.258096538021482,3.713572066704308,4.143134726391533,2.639057329615259,1.9459101490553132,2.4849066497880004,0.6931471805599453,0.0,2.302585092994046,1.6094379124341003,1.791759469228055
Cell_2277,600+ Year (Centenarian),600,Developing Secondary Phloem (APL+),0.6745311784356379,48,3,0,1,0,1,0,24,22,34,28,4,0,6,0,4,14,3,1.3862943611198906,0.0,0.6931471805599453,0.0,0.6931471805599453,0.0,3.2188758248682006,3.1354942159291497,3.5553480614894135,3.367295829986474,1.6094379124341003,0.0,1.9459101490553132,0.0,1.6094379124341003,2.70805020110221,1.3862943611198906
Cell_2278,600+ Year (Centenarian),600,Developing Secondary Phloem (APL+),0.47291281386807615,52,1,7,0,0,0,2,17,25,33,18,9,2,3,2,10,11,5,0.6931471805599453,2.0794415416798357,0.0,0.0,0.0,1.0986122886681096,2.8903717578961645,3.258096538021482,3.5263605246161616,2.9444389791664403,2.302585092994046,1.0986122886681096,1.3862943611198906,1.0986122886681096,2.3978952727983707,2.4849066497880004,1.791759469228055
Cell_2279,600+ Year (Centenarian),600,Developing Secondary Phloem (APL+),0.7396687685431367,40,0,2,1,0,1,3,22,11,46,8,2,0,2,1,8,9,9,0.0,1.0986122886681096,0.6931471805599453,0.0,0.6931471805599453,1.3862943611198906,3.1354942159291497,2.4849066497880004,3.8501476017100584,2.1972245773362196,1.0986122886681096,0.0,1.0986122886681096,0.6931471805599453,2.1972245773362196,2.302585092994046,2.302585092994046
Cell_2280,600+ Year (Centenarian),600,Developing Secondary Phloem (APL+),0.5109961209757996,55,3,5,0,0,0,1,34,13,30,13,5,2,3,2,10,18,6,1.3862943611198906,1.791759469228055,0.0,0.0,0.0,0.6931471805599453,3.5553480614894135,2.639057329615259,3.4339872044851463,2.639057329615259,1.791759469228055,1.0986122886681096,1.3862943611198906,1.0986122886681096,2.3978952727983707,2.9444389791664403,1.9459101490553132
Cell_2281,600+ Year (Centenarian),600,Developing Secondary Phloem (APL+),0.44675503768199165,47,1,5,0,0,0,4,47,29,33,6,5,4,1,3,4,13,8,0.6931471805599453,1.791759469228055,0.0,0.0,0.0,1.6094379124341003,3.8712010109078907,3.4011973816621555,3.5263605246161616,1.9459101490553132,1.791759469228055,1.6094379124341003,0.6931471805599453,1.3862943611198906,1.6094379124341003,2.639057329615259,2.1972245773362196
Cell_2282,600+ Year (Centenarian),600,Developing Secondary Phloem (APL+),0.5749602572863527,58,1,2,2,0,0,0,11,17,21,23,2,1,0,2,2,9,5,0.6931471805599453,1.0986122886681096,1.0986122886681096,0.0,0.0,0.0,2.4849066497880004,2.8903717578961645,3.091042453358316,3.1780538303479458,1.0986122886681096,0.6931471805599453,0.0,1.0986122886681096,1.0986122886681096,2.302585092994046,1.791759469228055
Cell_2283,600+ Year (Centenarian),600,Developing Secondary Phloem (APL+),0.667747614472025,61,5,3,0,0,1,4,22,18,32,14,0,6,1,1,8,8,4,1.791759469228055,1.3862943611198906,0.0,0.0,0.6931471805599453,1.6094379124341003,3.1354942159291497,2.9444389791664403,3.4965075614664802,2.70805020110221,0.0,1.9459101490553132,0.6931471805599453,0.6931471805599453,2.1972245773362196,2.1972245773362196,1.6094379124341003
Cell_2284,600+ Year (Centenarian),600,Developing Secondary Phloem (APL+),0.5702307089601087,40,1,2,1,0,5,0,27,16,48,9,1,5,7,3,14,7,4,0.6931471805599453,1.0986122886681096,0.6931471805599453,0.0,1.791759469228055,0.0,3.332204510175204,2.833213344056216,3.8918202981106265,2.302585092994046,0.6931471805599453,1.791759469228055,2.0794415416798357,1.3862943611198906,2.70805020110221,2.0794415416798357,1.6094379124341003
Cell_2285,600+ Year (Centenarian),600,Developing Secondary Phloem (APL+),0.35028702127700406,48,0,3,0,0,4,1,44,29,44,16,6,3,3,2,4,4,2,0.0,1.3862943611198906,0.0,0.0,1.6094379124341003,0.6931471805599453,3.8066624897703196,3.4011973816621555,3.8066624897703196,2.833213344056216,1.9459101490553132,1.3862943611198906,1.3862943611198906,1.0986122886681096,1.6094379124341003,1.6094379124341003,1.0986122886681096
Cell_2286,600+ Year (Centenarian),600,Developing Secondary Phloem (APL+),0.7424256973260352,42,1,10,0,1,1,3,35,39,46,22,4,7,1,0,8,14,5,0.6931471805599453,2.3978952727983707,0.0,0.6931471805599453,0.6931471805599453,1.3862943611198906,3.58351893845611,3.6888794541139363,3.8501476017100584,3.1354942159291497,1.6094379124341003,2.0794415416798357,0.6931471805599453,0.0,2.1972245773362196,2.70805020110221,1.791759469228055
Cell_2287,600+ Year (Centenarian),600,Developing Secondary Phloem (APL+),0.817611384503914,46,1,0,0,0,1,5,39,30,50,11,4,4,1,1,9,3,4,0.6931471805599453,0.0,0.0,0.0,0.6931471805599453,1.791759469228055,3.6888794541139363,3.4339872044851463,3.9318256327243257,2.4849066497880004,1.6094379124341003,1.6094379124341003,0.6931471805599453,0.6931471805599453,2.302585092994046,1.3862943611198906,1.6094379124341003
Cell_2288,600+ Year (Centenarian),600,Developing Secondary Phloem (APL+),0.2464774806313091,47,2,1,1,2,1,1,26,21,48,9,5,4,3,2,11,12,0,1.0986122886681096,0.6931471805599453,0.6931471805599453,1.0986122886681096,0.6931471805599453,0.6931471805599453,3.295836866004329,3.091042453358316,3.8918202981106265,2.302585092994046,1.791759469228055,1.6094379124341003,1.3862943611198906,1.0986122886681096,2.4849066497880004,2.5649493574615367,0.0
Cell_2289,600+ Year (Centenarian),600,Developing Secondary Phloem (APL+),0.5959813983926432,49,2,7,0,0,0,2,43,22,53,25,11,2,5,1,1,15,4,1.0986122886681096,2.0794415416798357,0.0,0.0,0.0,1.0986122886681096,3.784189633918261,3.1354942159291497,3.9889840465642745,3.258096538021482,2.4849066497880004,1.0986122886681096,1.791759469228055,0.6931471805599453,0.6931471805599453,2.772588722239781,1.6094379124341003
Cell_2290,600+ Year (Centenarian),600,Developing Secondary Phloem (APL+),0.5658163120775077,43,0,0,1,0,0,2,49,24,49,15,3,1,6,0,11,11,6,0.0,0.0,0.6931471805599453,0.0,0.0,1.0986122886681096,3.912023005428146,3.2188758248682006,3.912023005428146,2.772588722239781,1.3862943611198906,0.6931471805599453,1.9459101490553132,0.0,2.4849066497880004,2.4849066497880004,1.9459101490553132
Cell_2291,600+ Year (Centenarian),600,Developing Secondary Phloem (APL+),0.5077950509322403,40,5,0,0,0,0,1,29,18,57,16,4,3,1,0,5,13,8,1.791759469228055,0.0,0.0,0.0,0.0,0.6931471805599453,3.4011973816621555,2.9444389791664403,4.060443010546419,2.833213344056216,1.6094379124341003,1.3862943611198906,0.6931471805599453,0.0,1.791759469228055,2.639057329615259,2.1972245773362196
Cell_2292,600+ Year (Centenarian),600,Developing Secondary Phloem (APL+),0.35701849204602293,49,0,1,0,0,6,0,42,34,59,17,6,0,3,1,5,11,0,0.0,0.6931471805599453,0.0,0.0,1.9459101490553132,0.0,3.7612001156935624,3.5553480614894135,4.0943445622221,2.8903717578961645,1.9459101490553132,0.0,1.3862943611198906,0.6931471805599453,1.791759469228055,2.4849066497880004,0.0
Cell_2293,600+ Year (Centenarian),600,Developing Secondary Phloem (APL+),0.10585010587939184,54,0,4,0,0,4,1,25,25,64,28,5,3,3,0,8,6,7,0.0,1.6094379124341003,0.0,0.0,1.6094379124341003,0.6931471805599453,3.258096538021482,3.258096538021482,4.174387269895637,3.367295829986474,1.791759469228055,1.3862943611198906,1.3862943611198906,0.0,2.1972245773362196,1.9459101490553132,2.0794415416798357
Cell_2294,600+ Year (Centenarian),600,Developing Secondary Phloem (APL+),0.18225676729431856,45,4,2,0,0,1,1,27,19,20,9,3,0,5,1,6,12,4,1.6094379124341003,1.0986122886681096,0.0,0.0,0.6931471805599453,0.6931471805599453,3.332204510175204,2.995732273553991,3.044522437723423,2.302585092994046,1.3862943611198906,0.0,1.791759469228055,0.6931471805599453,1.9459101490553132,2.5649493574615367,1.6094379124341003
Cell_2295,600+ Year (Centenarian),600,Developing Secondary Phloem (APL+),0.6999865740434305,42,1,1,0,1,1,3,67,10,56,14,4,5,0,1,3,12,6,0.6931471805599453,0.6931471805599453,0.0,0.6931471805599453,0.6931471805599453,1.3862943611198906,4.219507705176107,2.3978952727983707,4.04305126783455,2.70805020110221,1.6094379124341003,1.791759469228055,0.0,0.6931471805599453,1.3862943611198906,2.5649493574615367,1.9459101490553132
Cell_2296,600+ Year (Centenarian),600,Developing Secondary Phloem (APL+),0.8562054869304164,58,2,3,0,2,0,3,27,29,44,9,1,1,4,1,21,16,6,1.0986122886681096,1.3862943611198906,0.0,1.0986122886681096,0.0,1.3862943611198906,3.332204510175204,3.4011973816621555,3.8066624897703196,2.302585092994046,0.6931471805599453,0.6931471805599453,1.6094379124341003,0.6931471805599453,3.091042453358316,2.833213344056216,1.9459101490553132
Cell_2297,600+ Year (Centenarian),600,Developing Secondary Phloem (APL+),0.7055534718809108,46,1,0,1,1,3,1,37,48,51,19,2,2,3,0,7,17,4,0.6931471805599453,0.0,0.6931471805599453,0.6931471805599453,1.3862943611198906,0.6931471805599453,3.6375861597263857,3.8918202981106265,3.9512437185814275,2.995732273553991,1.0986122886681096,1.0986122886681096,1.3862943611198906,0.0,2.0794415416798357,2.8903717578961645,1.6094379124341003
Cell_2298,600+ Year (Centenarian),600,Developing Secondary Phloem (APL+),0.35381636728274596,39,0,2,0,0,0,0,33,21,52,8,4,1,3,2,8,7,4,0.0,1.0986122886681096,0.0,0.0,0.0,0.0,3.5263605246161616,3.091042453358316,3.970291913552122,2.1972245773362196,1.6094379124341003,0.6931471805599453,1.3862943611198906,1.0986122886681096,2.1972245773362196,2.0794415416798357,1.6094379124341003
Cell_2299,600+ Year (Centenarian),600,Developing Secondary Phloem (APL+),0.54652725053241,49,0,3,0,0,0,0,27,8,39,8,0,4,4,2,7,15,15,0.0,1.3862943611198906,0.0,0.0,0.0,0.0,3.332204510175204,2.1972245773362196,3.6888794541139363,2.1972245773362196,0.0,1.6094379124341003,1.6094379124341003,1.0986122886681096,2.0794415416798357,2.772588722239781,2.772588722239781
Cell_2300,600+ Year (Centenarian),600,Developing Secondary Phloem (APL+),0.7920787704592183,38,4,6,0,1,0,3,24,31,45,18,10,4,4,0,17,21,6,1.6094379124341003,1.9459101490553132,0.0,0.6931471805599453,0.0,1.3862943611198906,3.2188758248682006,3.4657359027997265,3.828641396489095,2.9444389791664403,2.3978952727983707,1.6094379124341003,1.6094379124341003,0.0,2.8903717578961645,3.091042453358316,1.9459101490553132
Cell_2301,600+ Year (Centenarian),600,Developing Secondary Phloem (APL+),0.7533207595409736,42,2,1,0,0,2,1,28,55,18,20,4,4,4,1,8,22,0,1.0986122886681096,0.6931471805599453,0.0,0.0,1.0986122886681096,0.6931471805599453,3.367295829986474,4.02535169073515,2.9444389791664403,3.044522437723423,1.6094379124341003,1.6094379124341003,1.6094379124341003,0.6931471805599453,2.1972245773362196,3.1354942159291497,0.0
Cell_2302,600+ Year (Centenarian),600,Developing Secondary Phloem (APL+),0.5897022323204095,49,2,3,1,0,1,2,11,10,45,7,3,0,1,0,19,21,7,1.0986122886681096,1.3862943611198906,0.6931471805599453,0.0,0.6931471805599453,1.0986122886681096,2.4849066497880004,2.3978952727983707,3.828641396489095,2.0794415416798357,1.3862943611198906,0.0,0.6931471805599453,0.0,2.995732273553991,3.091042453358316,2.0794415416798357
Cell_2303,600+ Year (Centenarian),600,Developing Secondary Phloem (APL+),0.9657018254913468,49,8,3,0,1,1,6,25,20,41,28,3,4,1,0,9,20,9,2.1972245773362196,1.3862943611198906,0.0,0.6931471805599453,0.6931471805599453,1.9459101490553132,3.258096538021482,3.044522437723423,3.7376696182833684,3.367295829986474,1.3862943611198906,1.6094379124341003,0.6931471805599453,0.0,2.302585092994046,3.044522437723423,2.302585092994046
Cell_2304,600+ Year (Centenarian),600,Developing Secondary Phloem (APL+),0.5600307147187487,40,1,3,1,0,0,0,29,30,54,16,1,3,2,0,11,13,7,0.6931471805599453,1.3862943611198906,0.6931471805599453,0.0,0.0,0.0,3.4011973816621555,3.4339872044851463,4.007333185232471,2.833213344056216,0.6931471805599453,1.3862943611198906,1.0986122886681096,0.0,2.4849066497880004,2.639057329615259,2.0794415416798357
Cell_2305,600+ Year (Centenarian),600,Developing Secondary Phloem (APL+),0.9463825572444567,53,7,1,0,2,3,1,31,14,48,23,0,1,2,3,7,12,8,2.0794415416798357,0.6931471805599453,0.0,1.0986122886681096,1.3862943611198906,0.6931471805599453,3.4657359027997265,2.70805020110221,3.8918202981106265,3.1780538303479458,0.0,0.6931471805599453,1.0986122886681096,1.3862943611198906,2.0794415416798357,2.5649493574615367,2.1972245773362196
Cell_2306,600+ Year (Centenarian),600,Developing Secondary Phloem (APL+),0.4364687675978859,59,0,1,1,0,2,0,35,12,39,18,7,0,1,0,6,46,8,0.0,0.6931471805599453,0.6931471805599453,0.0,1.0986122886681096,0.0,3.58351893845611,2.5649493574615367,3.6888794541139363,2.9444389791664403,2.0794415416798357,0.0,0.6931471805599453,0.0,1.9459101490553132,3.8501476017100584,2.1972245773362196
Cell_2307,600+ Year (Centenarian),600,Developing Secondary Phloem (APL+),0.2288356113039076,49,3,3,0,0,1,0,36,19,38,12,3,1,5,4,10,15,5,1.3862943611198906,1.3862943611198906,0.0,0.0,0.6931471805599453,0.0,3.6109179126442243,2.995732273553991,3.6635616461296463,2.5649493574615367,1.3862943611198906,0.6931471805599453,1.791759469228055,1.6094379124341003,2.3978952727983707,2.772588722239781,1.791759469228055
Cell_2308,600+ Year (Centenarian),600,Developing Secondary Phloem (APL+),0.850620108323481,51,1,1,0,1,0,5,22,20,48,8,2,4,4,0,10,21,7,0.6931471805599453,0.6931471805599453,0.0,0.6931471805599453,0.0,1.791759469228055,3.1354942159291497,3.044522437723423,3.8918202981106265,2.1972245773362196,1.0986122886681096,1.6094379124341003,1.6094379124341003,0.0,2.3978952727983707,3.091042453358316,2.0794415416798357
Cell_2309,600+ Year (Centenarian),600,Developing Secondary Phloem (APL+),0.6161900815054848,45,1,3,3,0,0,1,48,21,27,38,2,3,0,3,4,12,9,0.6931471805599453,1.3862943611198906,1.3862943611198906,0.0,0.0,0.6931471805599453,3.8918202981106265,3.091042453358316,3.332204510175204,3.6635616461296463,1.0986122886681096,1.3862943611198906,0.0,1.3862943611198906,1.6094379124341003,2.5649493574615367,2.302585092994046
Cell_2310,600+ Year (Centenarian),600,Developing Secondary Phloem (APL+),0.7142976362727204,49,3,0,0,1,4,1,35,30,28,25,0,3,5,1,14,3,1,1.3862943611198906,0.0,0.0,0.6931471805599453,1.6094379124341003,0.6931471805599453,3.58351893845611,3.4339872044851463,3.367295829986474,3.258096538021482,0.0,1.3862943611198906,1.791759469228055,0.6931471805599453,2.70805020110221,1.3862943611198906,0.6931471805599453
Cell_2311,600+ Year (Centenarian),600,Developing Secondary Phloem (APL+),0.8614774264673443,53,1,2,0,0,3,3,18,31,58,10,0,1,2,1,9,16,4,0.6931471805599453,1.0986122886681096,0.0,0.0,1.3862943611198906,1.3862943611198906,2.9444389791664403,3.4657359027997265,4.07753744390572,2.3978952727983707,0.0,0.6931471805599453,1.0986122886681096,0.6931471805599453,2.302585092994046,2.833213344056216,1.6094379124341003
Cell_2312,600+ Year (Centenarian),600,Developing Secondary Phloem (APL+),0.6503154410177028,39,1,3,0,1,1,0,27,26,42,18,1,1,1,5,11,13,3,0.6931471805599453,1.3862943611198906,0.0,0.6931471805599453,0.6931471805599453,0.0,3.332204510175204,3.295836866004329,3.7612001156935624,2.9444389791664403,0.6931471805599453,0.6931471805599453,0.6931471805599453,1.791759469228055,2.4849066497880004,2.639057329615259,1.3862943611198906
Cell_2313,600+ Year (Centenarian),600,Developing Secondary Phloem (APL+),0.33204908868988925,54,1,5,1,0,1,1,23,39,22,19,4,6,1,3,13,7,1,0.6931471805599453,1.791759469228055,0.6931471805599453,0.0,0.6931471805599453,0.6931471805599453,3.1780538303479458,3.6888794541139363,3.1354942159291497,2.995732273553991,1.6094379124341003,1.9459101490553132,0.6931471805599453,1.3862943611198906,2.639057329615259,2.0794415416798357,0.6931471805599453
Cell_2314,600+ Year (Centenarian),600,Developing Secondary Phloem (APL+),0.6592394280318002,60,2,0,2,0,2,0,15,36,47,14,3,3,8,0,7,12,3,1.0986122886681096,0.0,1.0986122886681096,0.0,1.0986122886681096,0.0,2.772588722239781,3.6109179126442243,3.8712010109078907,2.70805020110221,1.3862943611198906,1.3862943611198906,2.1972245773362196,0.0,2.0794415416798357,2.5649493574615367,1.3862943611198906
Cell_2315,600+ Year (Centenarian),600,Developing Secondary Phloem (APL+),0.20688606445629185,50,7,1,0,0,0,1,40,20,46,10,3,3,5,0,2,13,9,2.0794415416798357,0.6931471805599453,0.0,0.0,0.0,0.6931471805599453,3.713572066704308,3.044522437723423,3.8501476017100584,2.3978952727983707,1.3862943611198906,1.3862943611198906,1.791759469228055,0.0,1.0986122886681096,2.639057329615259,2.302585092994046
Cell_2316,600+ Year (Centenarian),600,Developing Secondary Phloem (APL+),0.4542454129908336,53,4,0,0,0,2,2,24,15,20,9,0,3,4,1,21,8,6,1.6094379124341003,0.0,0.0,0.0,1.0986122886681096,1.0986122886681096,3.2188758248682006,2.772588722239781,3.044522437723423,2.302585092994046,0.0,1.3862943611198906,1.6094379124341003,0.6931471805599453,3.091042453358316,2.1972245773362196,1.9459101490553132
Cell_2317,600+ Year (Centenarian),600,Developing Secondary Phloem (APL+),0.7921681187100418,54,1,5,0,2,0,1,30,22,45,14,5,4,3,1,7,5,10,0.6931471805599453,1.791759469228055,0.0,1.0986122886681096,0.0,0.6931471805599453,3.4339872044851463,3.1354942159291497,3.828641396489095,2.70805020110221,1.791759469228055,1.6094379124341003,1.3862943611198906,0.6931471805599453,2.0794415416798357,1.791759469228055,2.3978952727983707
Cell_2318,600+ Year (Centenarian),600,Developing Secondary Phloem (APL+),0.6357391893818979,55,1,6,0,1,0,0,10,21,26,22,2,2,2,0,6,8,11,0.6931471805599453,1.9459101490553132,0.0,0.6931471805599453,0.0,0.0,2.3978952727983707,3.091042453358316,3.295836866004329,3.1354942159291497,1.0986122886681096,1.0986122886681096,1.0986122886681096,0.0,1.9459101490553132,2.1972245773362196,2.4849066497880004
Cell_2319,600+ Year (Centenarian),600,Developing Secondary Phloem (APL+),0.5629658426179039,54,2,2,0,0,1,0,20,20,50,9,1,1,2,2,6,13,6,1.0986122886681096,1.0986122886681096,0.0,0.0,0.6931471805599453,0.0,3.044522437723423,3.044522437723423,3.9318256327243257,2.302585092994046,0.6931471805599453,0.6931471805599453,1.0986122886681096,1.0986122886681096,1.9459101490553132,2.639057329615259,1.9459101490553132
Cell_2320,600+ Year (Centenarian),600,Developing Secondary Phloem (APL+),0.3941818793008777,47,0,1,1,0,3,1,15,14,32,15,6,2,1,2,1,5,3,0.0,0.6931471805599453,0.6931471805599453,0.0,1.3862943611198906,0.6931471805599453,2.772588722239781,2.70805020110221,3.4965075614664802,2.772588722239781,1.9459101490553132,1.0986122886681096,0.6931471805599453,1.0986122886681096,0.6931471805599453,1.791759469228055,1.3862943611198906
Cell_2321,600+ Year (Centenarian),600,Mitotic Checkpoint Primed Cells (TPX2+/CDC20.1+),0.6392614369346549,58,3,1,0,0,11,1,23,24,29,6,49,34,16,18,6,5,9,1.3862943611198906,0.6931471805599453,0.0,0.0,2.4849066497880004,0.6931471805599453,3.1780538303479458,3.2188758248682006,3.4011973816621555,1.9459101490553132,3.912023005428146,3.5553480614894135,2.833213344056216,2.9444389791664403,1.9459101490553132,1.791759469228055,2.302585092994046
Cell_2322,600+ Year (Centenarian),600,Mitotic Checkpoint Primed Cells (TPX2+/CDC20.1+),0.3252624998723836,41,0,3,0,2,16,0,26,24,28,9,88,18,23,15,8,3,4,0.0,1.3862943611198906,0.0,1.0986122886681096,2.833213344056216,0.0,3.295836866004329,3.2188758248682006,3.367295829986474,2.302585092994046,4.48863636973214,2.9444389791664403,3.1780538303479458,2.772588722239781,2.1972245773362196,1.3862943611198906,1.6094379124341003
Cell_2323,600+ Year (Centenarian),600,Mitotic Checkpoint Primed Cells (TPX2+/CDC20.1+),0.03016999218500312,36,4,4,0,0,15,5,24,27,45,13,79,23,36,29,7,20,14,1.6094379124341003,1.6094379124341003,0.0,0.0,2.772588722239781,1.791759469228055,3.2188758248682006,3.332204510175204,3.828641396489095,2.639057329615259,4.382026634673881,3.1780538303479458,3.6109179126442243,3.4011973816621555,2.0794415416798357,3.044522437723423,2.70805020110221
Cell_2324,600+ Year (Centenarian),600,Mitotic Checkpoint Primed Cells (TPX2+/CDC20.1+),0.22807416875041678,49,3,0,1,0,16,0,24,25,42,12,62,84,48,25,12,12,5,1.3862943611198906,0.0,0.6931471805599453,0.0,2.833213344056216,0.0,3.2188758248682006,3.258096538021482,3.7612001156935624,2.5649493574615367,4.143134726391533,4.442651256490317,3.8918202981106265,3.258096538021482,2.5649493574615367,2.5649493574615367,1.791759469228055
Cell_2325,600+ Year (Centenarian),600,Mitotic Checkpoint Primed Cells (TPX2+/CDC20.1+),0.2617375476688149,46,0,0,0,0,15,1,22,32,36,6,58,48,43,16,8,9,2,0.0,0.0,0.0,0.0,2.772588722239781,0.6931471805599453,3.1354942159291497,3.4965075614664802,3.6109179126442243,1.9459101490553132,4.07753744390572,3.8918202981106265,3.784189633918261,2.833213344056216,2.1972245773362196,2.302585092994046,1.0986122886681096
Cell_2326,600+ Year (Centenarian),600,Mitotic Checkpoint Primed Cells (TPX2+/CDC20.1+),0.18901362036300462,46,0,7,0,0,11,3,32,14,63,24,39,26,37,14,8,8,1,0.0,2.0794415416798357,0.0,0.0,2.4849066497880004,1.3862943611198906,3.4965075614664802,2.70805020110221,4.1588830833596715,3.2188758248682006,3.6888794541139363,3.295836866004329,3.6375861597263857,2.70805020110221,2.1972245773362196,2.1972245773362196,0.6931471805599453
Cell_2327,600+ Year (Centenarian),600,Mitotic Checkpoint Primed Cells (TPX2+/CDC20.1+),0.380750899537859,53,3,3,0,0,9,0,18,25,65,16,66,28,36,24,9,6,2,1.3862943611198906,1.3862943611198906,0.0,0.0,2.302585092994046,0.0,2.9444389791664403,3.258096538021482,4.189654742026425,2.833213344056216,4.204692619390966,3.367295829986474,3.6109179126442243,3.2188758248682006,2.302585092994046,1.9459101490553132,1.0986122886681096
Cell_2328,600+ Year (Centenarian),600,Mitotic Checkpoint Primed Cells (TPX2+/CDC20.1+),0.1385644998184305,38,1,0,0,0,17,1,41,25,46,15,43,30,33,12,20,12,4,0.6931471805599453,0.0,0.0,0.0,2.8903717578961645,0.6931471805599453,3.7376696182833684,3.258096538021482,3.8501476017100584,2.772588722239781,3.784189633918261,3.4339872044851463,3.5263605246161616,2.5649493574615367,3.044522437723423,2.5649493574615367,1.6094379124341003
Cell_2329,600+ Year (Centenarian),600,Mitotic Checkpoint Primed Cells (TPX2+/CDC20.1+),0.23947995182869852,56,2,2,0,0,19,1,17,28,30,21,37,56,16,27,5,10,9,1.0986122886681096,1.0986122886681096,0.0,0.0,2.995732273553991,0.6931471805599453,2.8903717578961645,3.367295829986474,3.4339872044851463,3.091042453358316,3.6375861597263857,4.04305126783455,2.833213344056216,3.332204510175204,1.791759469228055,2.3978952727983707,2.302585092994046
Cell_2330,600+ Year (Centenarian),600,Mitotic Checkpoint Primed Cells (TPX2+/CDC20.1+),0.2507308927013576,56,1,0,0,2,11,0,30,20,36,22,86,27,25,18,8,7,4,0.6931471805599453,0.0,0.0,1.0986122886681096,2.4849066497880004,0.0,3.4339872044851463,3.044522437723423,3.6109179126442243,3.1354942159291497,4.465908118654584,3.332204510175204,3.258096538021482,2.9444389791664403,2.1972245773362196,2.0794415416798357,1.6094379124341003
Cell_2331,600+ Year (Centenarian),600,Mitotic Checkpoint Primed Cells (TPX2+/CDC20.1+),0.4279787708596744,40,1,3,0,0,21,2,26,22,28,19,45,49,54,18,6,12,5,0.6931471805599453,1.3862943611198906,0.0,0.0,3.091042453358316,1.0986122886681096,3.295836866004329,3.1354942159291497,3.367295829986474,2.995732273553991,3.828641396489095,3.912023005428146,4.007333185232471,2.9444389791664403,1.9459101490553132,2.5649493574615367,1.791759469228055
Cell_2332,600+ Year (Centenarian),600,Mitotic Checkpoint Primed Cells (TPX2+/CDC20.1+),0.3933462037560892,51,3,3,0,0,9,0,30,28,20,21,64,30,30,18,16,9,4,1.3862943611198906,1.3862943611198906,0.0,0.0,2.302585092994046,0.0,3.4339872044851463,3.367295829986474,3.044522437723423,3.091042453358316,4.174387269895637,3.4339872044851463,3.4339872044851463,2.9444389791664403,2.833213344056216,2.302585092994046,1.6094379124341003
Cell_2333,600+ Year (Centenarian),600,Mitotic Checkpoint Primed Cells (TPX2+/CDC20.1+),0.711388928568454,53,1,1,0,0,3,2,28,30,35,14,51,30,21,11,5,12,5,0.6931471805599453,0.6931471805599453,0.0,0.0,1.3862943611198906,1.0986122886681096,3.367295829986474,3.4339872044851463,3.58351893845611,2.70805020110221,3.9512437185814275,3.4339872044851463,3.091042453358316,2.4849066497880004,1.791759469228055,2.5649493574615367,1.791759469228055
Cell_2334,600+ Year (Centenarian),600,Mitotic Checkpoint Primed Cells (TPX2+/CDC20.1+),0.8242649460096967,60,0,3,0,0,20,0,51,21,49,19,37,27,32,21,11,12,4,0.0,1.3862943611198906,0.0,0.0,3.044522437723423,0.0,3.9512437185814275,3.091042453358316,3.912023005428146,2.995732273553991,3.6375861597263857,3.332204510175204,3.4965075614664802,3.091042453358316,2.4849066497880004,2.5649493574615367,1.6094379124341003
Cell_2335,600+ Year (Centenarian),600,Mitotic Checkpoint Primed Cells (TPX2+/CDC20.1+),0.5373590377458822,45,1,2,3,0,18,1,45,24,55,22,64,22,26,28,4,17,1,0.6931471805599453,1.0986122886681096,1.3862943611198906,0.0,2.9444389791664403,0.6931471805599453,3.828641396489095,3.2188758248682006,4.02535169073515,3.1354942159291497,4.174387269895637,3.1354942159291497,3.295836866004329,3.367295829986474,1.6094379124341003,2.8903717578961645,0.6931471805599453
Cell_2336,600+ Year (Centenarian),600,Mitotic Checkpoint Primed Cells (TPX2+/CDC20.1+),0.5944132622700234,49,4,4,1,2,9,0,28,17,42,12,45,24,43,42,10,6,7,1.6094379124341003,1.6094379124341003,0.6931471805599453,1.0986122886681096,2.302585092994046,0.0,3.367295829986474,2.8903717578961645,3.7612001156935624,2.5649493574615367,3.828641396489095,3.2188758248682006,3.784189633918261,3.7612001156935624,2.3978952727983707,1.9459101490553132,2.0794415416798357
Cell_2337,600+ Year (Centenarian),600,Mitotic Checkpoint Primed Cells (TPX2+/CDC20.1+),0.6375443938344302,46,0,2,0,1,15,1,19,32,56,19,60,34,27,23,12,5,6,0.0,1.0986122886681096,0.0,0.6931471805599453,2.772588722239781,0.6931471805599453,2.995732273553991,3.4965075614664802,4.04305126783455,2.995732273553991,4.110873864173311,3.5553480614894135,3.332204510175204,3.1780538303479458,2.5649493574615367,1.791759469228055,1.9459101490553132
Cell_2338,600+ Year (Centenarian),600,Mitotic Checkpoint Primed Cells (TPX2+/CDC20.1+),0.49076085300710526,36,2,3,0,0,13,0,22,21,35,16,63,33,32,19,5,9,5,1.0986122886681096,1.3862943611198906,0.0,0.0,2.639057329615259,0.0,3.1354942159291497,3.091042453358316,3.58351893845611,2.833213344056216,4.1588830833596715,3.5263605246161616,3.4965075614664802,2.995732273553991,1.791759469228055,2.302585092994046,1.791759469228055
Cell_2339,600+ Year (Centenarian),600,Mitotic Checkpoint Primed Cells (TPX2+/CDC20.1+),0.1030619395901328,41,2,2,1,0,4,0,21,17,72,22,56,24,21,16,15,9,1,1.0986122886681096,1.0986122886681096,0.6931471805599453,0.0,1.6094379124341003,0.0,3.091042453358316,2.8903717578961645,4.290459441148391,3.1354942159291497,4.04305126783455,3.2188758248682006,3.091042453358316,2.833213344056216,2.772588722239781,2.302585092994046,0.6931471805599453
Cell_2340,600+ Year (Centenarian),600,Mitotic Checkpoint Primed Cells (TPX2+/CDC20.1+),0.6132759409751054,65,3,0,2,0,28,3,28,23,37,17,52,35,28,33,7,16,7,1.3862943611198906,0.0,1.0986122886681096,0.0,3.367295829986474,1.3862943611198906,3.367295829986474,3.1780538303479458,3.6375861597263857,2.8903717578961645,3.970291913552122,3.58351893845611,3.367295829986474,3.5263605246161616,2.0794415416798357,2.833213344056216,2.0794415416798357
Cell_2341,600+ Year (Centenarian),600,Mitotic Checkpoint Primed Cells (TPX2+/CDC20.1+),0.607878062264258,39,2,2,1,3,20,1,29,30,62,12,40,26,24,16,7,8,7,1.0986122886681096,1.0986122886681096,0.6931471805599453,1.3862943611198906,3.044522437723423,0.6931471805599453,3.4011973816621555,3.4339872044851463,4.143134726391533,2.5649493574615367,3.713572066704308,3.295836866004329,3.2188758248682006,2.833213344056216,2.0794415416798357,2.1972245773362196,2.0794415416798357
Cell_2342,600+ Year (Centenarian),600,Mitotic Checkpoint Primed Cells (TPX2+/CDC20.1+),0.47773772781946544,53,2,3,1,0,17,1,40,27,43,13,46,24,26,23,2,6,3,1.0986122886681096,1.3862943611198906,0.6931471805599453,0.0,2.8903717578961645,0.6931471805599453,3.713572066704308,3.332204510175204,3.784189633918261,2.639057329615259,3.8501476017100584,3.2188758248682006,3.295836866004329,3.1780538303479458,1.0986122886681096,1.9459101490553132,1.3862943611198906
Cell_2343,600+ Year (Centenarian),600,Mitotic Checkpoint Primed Cells (TPX2+/CDC20.1+),0.34056983056150353,33,0,1,0,0,8,1,46,28,30,17,34,35,17,26,3,7,10,0.0,0.6931471805599453,0.0,0.0,2.1972245773362196,0.6931471805599453,3.8501476017100584,3.367295829986474,3.4339872044851463,2.8903717578961645,3.5553480614894135,3.58351893845611,2.8903717578961645,3.295836866004329,1.3862943611198906,2.0794415416798357,2.3978952727983707
Cell_2344,600+ Year (Centenarian),600,Mitotic Checkpoint Primed Cells (TPX2+/CDC20.1+),0.527228878156926,65,3,2,1,0,9,1,37,26,26,6,72,35,38,22,5,14,3,1.3862943611198906,1.0986122886681096,0.6931471805599453,0.0,2.302585092994046,0.6931471805599453,3.6375861597263857,3.295836866004329,3.295836866004329,1.9459101490553132,4.290459441148391,3.58351893845611,3.6635616461296463,3.1354942159291497,1.791759469228055,2.70805020110221,1.3862943611198906
Cell_2345,600+ Year (Centenarian),600,Mitotic Checkpoint Primed Cells (TPX2+/CDC20.1+),0.6617751139736213,45,1,5,0,0,16,0,36,25,36,23,40,33,34,39,5,16,3,0.6931471805599453,1.791759469228055,0.0,0.0,2.833213344056216,0.0,3.6109179126442243,3.258096538021482,3.6109179126442243,3.1780538303479458,3.713572066704308,3.5263605246161616,3.5553480614894135,3.6888794541139363,1.791759469228055,2.833213344056216,1.3862943611198906
Cell_2346,600+ Year (Centenarian),600,Mitotic Checkpoint Primed Cells (TPX2+/CDC20.1+),0.11799279667241197,52,2,0,0,0,4,0,18,28,59,21,31,31,29,16,11,19,4,1.0986122886681096,0.0,0.0,0.0,1.6094379124341003,0.0,2.9444389791664403,3.367295829986474,4.0943445622221,3.091042453358316,3.4657359027997265,3.4657359027997265,3.4011973816621555,2.833213344056216,2.4849066497880004,2.995732273553991,1.6094379124341003
Cell_2347,600+ Year (Centenarian),600,Mitotic Checkpoint Primed Cells (TPX2+/CDC20.1+),0.511824178717951,44,1,1,2,0,10,2,45,17,34,18,33,33,35,24,3,12,3,0.6931471805599453,0.6931471805599453,1.0986122886681096,0.0,2.3978952727983707,1.0986122886681096,3.828641396489095,2.8903717578961645,3.5553480614894135,2.9444389791664403,3.5263605246161616,3.5263605246161616,3.58351893845611,3.2188758248682006,1.3862943611198906,2.5649493574615367,1.3862943611198906
Cell_2348,600+ Year (Centenarian),600,Mitotic Checkpoint Primed Cells (TPX2+/CDC20.1+),0.32539848108009134,57,2,5,1,0,26,1,25,27,56,14,38,33,28,22,9,9,3,1.0986122886681096,1.791759469228055,0.6931471805599453,0.0,3.295836866004329,0.6931471805599453,3.258096538021482,3.332204510175204,4.04305126783455,2.70805020110221,3.6635616461296463,3.5263605246161616,3.367295829986474,3.1354942159291497,2.302585092994046,2.302585092994046,1.3862943611198906
Cell_2349,600+ Year (Centenarian),600,Mitotic Checkpoint Primed Cells (TPX2+/CDC20.1+),0.5492801717535294,49,5,4,0,1,13,0,28,11,36,8,65,42,27,28,10,10,5,1.791759469228055,1.6094379124341003,0.0,0.6931471805599453,2.639057329615259,0.0,3.367295829986474,2.4849066497880004,3.6109179126442243,2.1972245773362196,4.189654742026425,3.7612001156935624,3.332204510175204,3.367295829986474,2.3978952727983707,2.3978952727983707,1.791759469228055
Cell_2350,600+ Year (Centenarian),600,Mitotic Checkpoint Primed Cells (TPX2+/CDC20.1+),0.2925979921269259,57,1,4,0,1,15,0,31,23,48,18,82,47,39,29,11,10,4,0.6931471805599453,1.6094379124341003,0.0,0.6931471805599453,2.772588722239781,0.0,3.4657359027997265,3.1780538303479458,3.8918202981106265,2.9444389791664403,4.418840607796598,3.8712010109078907,3.6888794541139363,3.4011973816621555,2.4849066497880004,2.3978952727983707,1.6094379124341003
Cell_2351,600+ Year (Centenarian),600,Mitotic Checkpoint Primed Cells (TPX2+/CDC20.1+),0.5647636376725896,44,3,4,0,0,9,2,28,20,40,17,37,19,34,27,2,20,7,1.3862943611198906,1.6094379124341003,0.0,0.0,2.302585092994046,1.0986122886681096,3.367295829986474,3.044522437723423,3.713572066704308,2.8903717578961645,3.6375861597263857,2.995732273553991,3.5553480614894135,3.332204510175204,1.0986122886681096,3.044522437723423,2.0794415416798357
Cell_2352,600+ Year (Centenarian),600,Mitotic Checkpoint Primed Cells (TPX2+/CDC20.1+),0.32615367730444644,40,7,6,2,0,12,2,38,39,42,15,45,38,31,12,5,16,3,2.0794415416798357,1.9459101490553132,1.0986122886681096,0.0,2.5649493574615367,1.0986122886681096,3.6635616461296463,3.6888794541139363,3.7612001156935624,2.772588722239781,3.828641396489095,3.6635616461296463,3.4657359027997265,2.5649493574615367,1.791759469228055,2.833213344056216,1.3862943611198906
Cell_2353,600+ Year (Centenarian),600,Mitotic Checkpoint Primed Cells (TPX2+/CDC20.1+),0.37949087632934353,64,4,5,1,0,18,2,45,24,43,11,34,29,19,11,4,14,8,1.6094379124341003,1.791759469228055,0.6931471805599453,0.0,2.9444389791664403,1.0986122886681096,3.828641396489095,3.2188758248682006,3.784189633918261,2.4849066497880004,3.5553480614894135,3.4011973816621555,2.995732273553991,2.4849066497880004,1.6094379124341003,2.70805020110221,2.1972245773362196
Cell_2354,600+ Year (Centenarian),600,Mitotic Checkpoint Primed Cells (TPX2+/CDC20.1+),0.15451823544423246,59,0,2,0,0,19,1,20,31,27,12,55,42,36,20,11,23,5,0.0,1.0986122886681096,0.0,0.0,2.995732273553991,0.6931471805599453,3.044522437723423,3.4657359027997265,3.332204510175204,2.5649493574615367,4.02535169073515,3.7612001156935624,3.6109179126442243,3.044522437723423,2.4849066497880004,3.1780538303479458,1.791759469228055
Cell_2355,600+ Year (Centenarian),600,Mitotic Checkpoint Primed Cells (TPX2+/CDC20.1+),0.37491248083279355,41,1,1,0,0,13,5,29,30,47,11,44,34,19,35,16,7,1,0.6931471805599453,0.6931471805599453,0.0,0.0,2.639057329615259,1.791759469228055,3.4011973816621555,3.4339872044851463,3.8712010109078907,2.4849066497880004,3.8066624897703196,3.5553480614894135,2.995732273553991,3.58351893845611,2.833213344056216,2.0794415416798357,0.6931471805599453
Cell_2356,600+ Year (Centenarian),600,Mitotic Checkpoint Primed Cells (TPX2+/CDC20.1+),0.3991777607220601,50,5,2,0,0,28,0,31,13,35,21,74,36,23,13,2,11,5,1.791759469228055,1.0986122886681096,0.0,0.0,3.367295829986474,0.0,3.4657359027997265,2.639057329615259,3.58351893845611,3.091042453358316,4.31748811353631,3.6109179126442243,3.1780538303479458,2.639057329615259,1.0986122886681096,2.4849066497880004,1.791759469228055
Cell_2357,600+ Year (Centenarian),600,Mitotic Checkpoint Primed Cells (TPX2+/CDC20.1+),0.27907582835728656,56,1,10,0,0,11,2,37,28,40,24,62,47,32,16,7,16,12,0.6931471805599453,2.3978952727983707,0.0,0.0,2.4849066497880004,1.0986122886681096,3.6375861597263857,3.367295829986474,3.713572066704308,3.2188758248682006,4.143134726391533,3.8712010109078907,3.4965075614664802,2.833213344056216,2.0794415416798357,2.833213344056216,2.5649493574615367
Cell_2358,600+ Year (Centenarian),600,Mitotic Checkpoint Primed Cells (TPX2+/CDC20.1+),0.4727143769753077,46,8,1,0,0,11,0,47,20,42,13,69,27,24,21,8,27,6,2.1972245773362196,0.6931471805599453,0.0,0.0,2.4849066497880004,0.0,3.8712010109078907,3.044522437723423,3.7612001156935624,2.639057329615259,4.248495242049359,3.332204510175204,3.2188758248682006,3.091042453358316,2.1972245773362196,3.332204510175204,1.9459101490553132
Cell_2359,600+ Year (Centenarian),600,Mitotic Checkpoint Primed Cells (TPX2+/CDC20.1+),0.8127763656812694,54,2,2,0,0,19,1,45,16,49,19,66,28,30,18,12,6,1,1.0986122886681096,1.0986122886681096,0.0,0.0,2.995732273553991,0.6931471805599453,3.828641396489095,2.833213344056216,3.912023005428146,2.995732273553991,4.204692619390966,3.367295829986474,3.4339872044851463,2.9444389791664403,2.5649493574615367,1.9459101490553132,0.6931471805599453
Cell_2360,600+ Year (Centenarian),600,Mitotic Checkpoint Primed Cells (TPX2+/CDC20.1+),0.6026304947903617,46,1,2,1,0,17,1,26,14,34,19,37,41,50,19,8,15,7,0.6931471805599453,1.0986122886681096,0.6931471805599453,0.0,2.8903717578961645,0.6931471805599453,3.295836866004329,2.70805020110221,3.5553480614894135,2.995732273553991,3.6375861597263857,3.7376696182833684,3.9318256327243257,2.995732273553991,2.1972245773362196,2.772588722239781,2.0794415416798357
Cell_2361,600+ Year (Centenarian),600,Mitotic Checkpoint Primed Cells (TPX2+/CDC20.1+),0.12192428687016876,46,2,3,0,0,12,3,22,28,48,14,49,28,39,20,4,10,7,1.0986122886681096,1.3862943611198906,0.0,0.0,2.5649493574615367,1.3862943611198906,3.1354942159291497,3.367295829986474,3.8918202981106265,2.70805020110221,3.912023005428146,3.367295829986474,3.6888794541139363,3.044522437723423,1.6094379124341003,2.3978952727983707,2.0794415416798357
Cell_2362,600+ Year (Centenarian),600,Mitotic Checkpoint Primed Cells (TPX2+/CDC20.1+),0.4091657919150508,44,2,0,1,0,7,0,22,11,49,18,57,32,14,15,2,9,11,1.0986122886681096,0.0,0.6931471805599453,0.0,2.0794415416798357,0.0,3.1354942159291497,2.4849066497880004,3.912023005428146,2.9444389791664403,4.060443010546419,3.4965075614664802,2.70805020110221,2.772588722239781,1.0986122886681096,2.302585092994046,2.4849066497880004
Cell_2363,600+ Year (Centenarian),600,Mitotic Checkpoint Primed Cells (TPX2+/CDC20.1+),0.33074580183904295,58,4,2,0,0,19,2,27,27,50,28,39,45,37,16,5,8,22,1.6094379124341003,1.0986122886681096,0.0,0.0,2.995732273553991,1.0986122886681096,3.332204510175204,3.332204510175204,3.9318256327243257,3.367295829986474,3.6888794541139363,3.828641396489095,3.6375861597263857,2.833213344056216,1.791759469228055,2.1972245773362196,3.1354942159291497
Cell_2364,600+ Year (Centenarian),600,Mitotic Checkpoint Primed Cells (TPX2+/CDC20.1+),0.22638805847870183,57,1,4,0,0,11,0,43,21,45,10,60,26,42,23,11,4,7,0.6931471805599453,1.6094379124341003,0.0,0.0,2.4849066497880004,0.0,3.784189633918261,3.091042453358316,3.828641396489095,2.3978952727983707,4.110873864173311,3.295836866004329,3.7612001156935624,3.1780538303479458,2.4849066497880004,1.6094379124341003,2.0794415416798357
Cell_2365,600+ Year (Centenarian),600,Mitotic Checkpoint Primed Cells (TPX2+/CDC20.1+),0.08527247323781852,54,1,1,0,0,18,0,17,18,43,9,57,32,22,12,30,10,4,0.6931471805599453,0.6931471805599453,0.0,0.0,2.9444389791664403,0.0,2.8903717578961645,2.9444389791664403,3.784189633918261,2.302585092994046,4.060443010546419,3.4965075614664802,3.1354942159291497,2.5649493574615367,3.4339872044851463,2.3978952727983707,1.6094379124341003
Cell_2366,600+ Year (Centenarian),600,Mitotic Checkpoint Primed Cells (TPX2+/CDC20.1+),0.17544956364248981,49,1,1,0,0,10,0,34,37,43,10,42,29,38,23,3,8,8,0.6931471805599453,0.6931471805599453,0.0,0.0,2.3978952727983707,0.0,3.5553480614894135,3.6375861597263857,3.784189633918261,2.3978952727983707,3.7612001156935624,3.4011973816621555,3.6635616461296463,3.1780538303479458,1.3862943611198906,2.1972245773362196,2.1972245773362196
Cell_2367,600+ Year (Centenarian),600,Mitotic Checkpoint Primed Cells (TPX2+/CDC20.1+),0.23774137067333595,49,1,3,0,0,11,0,13,24,58,12,82,44,35,23,4,12,10,0.6931471805599453,1.3862943611198906,0.0,0.0,2.4849066497880004,0.0,2.639057329615259,3.2188758248682006,4.07753744390572,2.5649493574615367,4.418840607796598,3.8066624897703196,3.58351893845611,3.1780538303479458,1.6094379124341003,2.5649493574615367,2.3978952727983707
Cell_2368,600+ Year (Centenarian),600,Mitotic Checkpoint Primed Cells (TPX2+/CDC20.1+),0.5566446847122026,47,9,5,0,0,12,3,23,48,22,21,64,34,26,17,7,11,5,2.302585092994046,1.791759469228055,0.0,0.0,2.5649493574615367,1.3862943611198906,3.1780538303479458,3.8918202981106265,3.1354942159291497,3.091042453358316,4.174387269895637,3.5553480614894135,3.295836866004329,2.8903717578961645,2.0794415416798357,2.4849066497880004,1.791759469228055
Cell_2369,600+ Year (Centenarian),600,Mitotic Checkpoint Primed Cells (TPX2+/CDC20.1+),0.665527239434722,42,0,4,0,1,11,2,21,35,65,21,31,42,31,21,5,27,4,0.0,1.6094379124341003,0.0,0.6931471805599453,2.4849066497880004,1.0986122886681096,3.091042453358316,3.58351893845611,4.189654742026425,3.091042453358316,3.4657359027997265,3.7612001156935624,3.4657359027997265,3.091042453358316,1.791759469228055,3.332204510175204,1.6094379124341003
Cell_2370,600+ Year (Centenarian),600,Mitotic Checkpoint Primed Cells (TPX2+/CDC20.1+),0.6375714138983652,63,4,1,0,0,21,1,40,13,37,20,49,24,31,24,12,19,5,1.6094379124341003,0.6931471805599453,0.0,0.0,3.091042453358316,0.6931471805599453,3.713572066704308,2.639057329615259,3.6375861597263857,3.044522437723423,3.912023005428146,3.2188758248682006,3.4657359027997265,3.2188758248682006,2.5649493574615367,2.995732273553991,1.791759469228055
Cell_2371,600+ Year (Centenarian),600,Mitotic Checkpoint Primed Cells (TPX2+/CDC20.1+),0.12743266399806297,53,1,2,0,0,15,6,44,29,38,14,67,29,33,24,2,19,7,0.6931471805599453,1.0986122886681096,0.0,0.0,2.772588722239781,1.9459101490553132,3.8066624897703196,3.4011973816621555,3.6635616461296463,2.70805020110221,4.219507705176107,3.4011973816621555,3.5263605246161616,3.2188758248682006,1.0986122886681096,2.995732273553991,2.0794415416798357
Cell_2372,600+ Year (Centenarian),600,Mitotic Checkpoint Primed Cells (TPX2+/CDC20.1+),0.33313577890268886,39,2,1,0,0,26,2,43,29,37,25,62,28,45,20,5,12,2,1.0986122886681096,0.6931471805599453,0.0,0.0,3.295836866004329,1.0986122886681096,3.784189633918261,3.4011973816621555,3.6375861597263857,3.258096538021482,4.143134726391533,3.367295829986474,3.828641396489095,3.044522437723423,1.791759469228055,2.5649493574615367,1.0986122886681096
Cell_2373,600+ Year (Centenarian),600,Mitotic Checkpoint Primed Cells (TPX2+/CDC20.1+),0.1975908359623629,61,2,4,1,0,17,5,23,23,40,15,57,45,37,27,6,18,3,1.0986122886681096,1.6094379124341003,0.6931471805599453,0.0,2.8903717578961645,1.791759469228055,3.1780538303479458,3.1780538303479458,3.713572066704308,2.772588722239781,4.060443010546419,3.828641396489095,3.6375861597263857,3.332204510175204,1.9459101490553132,2.9444389791664403,1.3862943611198906
Cell_2374,600+ Year (Centenarian),600,Mitotic Checkpoint Primed Cells (TPX2+/CDC20.1+),0.36403504634998746,59,0,4,1,0,14,0,23,12,49,13,44,36,19,37,6,20,9,0.0,1.6094379124341003,0.6931471805599453,0.0,2.70805020110221,0.0,3.1780538303479458,2.5649493574615367,3.912023005428146,2.639057329615259,3.8066624897703196,3.6109179126442243,2.995732273553991,3.6375861597263857,1.9459101490553132,3.044522437723423,2.302585092994046
Cell_2375,600+ Year (Centenarian),600,Mitotic Checkpoint Primed Cells (TPX2+/CDC20.1+),0.29391381612482864,50,0,0,1,0,17,5,27,32,49,8,51,64,31,23,3,9,13,0.0,0.0,0.6931471805599453,0.0,2.8903717578961645,1.791759469228055,3.332204510175204,3.4965075614664802,3.912023005428146,2.1972245773362196,3.9512437185814275,4.174387269895637,3.4657359027997265,3.1780538303479458,1.3862943611198906,2.302585092994046,2.639057329615259
Cell_2376,600+ Year (Centenarian),600,Mitotic Checkpoint Primed Cells (TPX2+/CDC20.1+),0.0516130623380201,47,1,4,0,0,9,0,31,17,60,14,41,42,27,13,5,20,1,0.6931471805599453,1.6094379124341003,0.0,0.0,2.302585092994046,0.0,3.4657359027997265,2.8903717578961645,4.110873864173311,2.70805020110221,3.7376696182833684,3.7612001156935624,3.332204510175204,2.639057329615259,1.791759469228055,3.044522437723423,0.6931471805599453
Cell_2377,600+ Year (Centenarian),600,Mitotic Checkpoint Primed Cells (TPX2+/CDC20.1+),0.7193654903601173,46,6,1,2,0,8,3,34,27,28,27,49,28,38,21,11,12,6,1.9459101490553132,0.6931471805599453,1.0986122886681096,0.0,2.1972245773362196,1.3862943611198906,3.5553480614894135,3.332204510175204,3.367295829986474,3.332204510175204,3.912023005428146,3.367295829986474,3.6635616461296463,3.091042453358316,2.4849066497880004,2.5649493574615367,1.9459101490553132
Cell_2378,600+ Year (Centenarian),600,Mitotic Checkpoint Primed Cells (TPX2+/CDC20.1+),0.33471164536366044,55,2,6,0,0,11,0,33,22,56,14,49,37,56,27,6,12,6,1.0986122886681096,1.9459101490553132,0.0,0.0,2.4849066497880004,0.0,3.5263605246161616,3.1354942159291497,4.04305126783455,2.70805020110221,3.912023005428146,3.6375861597263857,4.04305126783455,3.332204510175204,1.9459101490553132,2.5649493574615367,1.9459101490553132
Cell_2379,600+ Year (Centenarian),600,Mitotic Checkpoint Primed Cells (TPX2+/CDC20.1+),0.1800683683966572,44,6,7,0,1,18,2,21,28,78,17,48,54,14,26,3,16,6,1.9459101490553132,2.0794415416798357,0.0,0.6931471805599453,2.9444389791664403,1.0986122886681096,3.091042453358316,3.367295829986474,4.3694478524670215,2.8903717578961645,3.8918202981106265,4.007333185232471,2.70805020110221,3.295836866004329,1.3862943611198906,2.833213344056216,1.9459101490553132
Cell_2380,600+ Year (Centenarian),600,Mitotic Checkpoint Primed Cells (TPX2+/CDC20.1+),0.12357186059955762,52,1,4,0,0,13,3,30,34,47,18,59,30,28,27,7,6,4,0.6931471805599453,1.6094379124341003,0.0,0.0,2.639057329615259,1.3862943611198906,3.4339872044851463,3.5553480614894135,3.8712010109078907,2.9444389791664403,4.0943445622221,3.4339872044851463,3.367295829986474,3.332204510175204,2.0794415416798357,1.9459101490553132,1.6094379124341003
Cell_2381,600+ Year (Centenarian),600,Mitotic Checkpoint Primed Cells (TPX2+/CDC20.1+),0.37103682616062067,47,1,3,0,1,16,0,35,18,27,8,36,43,26,22,11,6,6,0.6931471805599453,1.3862943611198906,0.0,0.6931471805599453,2.833213344056216,0.0,3.58351893845611,2.9444389791664403,3.332204510175204,2.1972245773362196,3.6109179126442243,3.784189633918261,3.295836866004329,3.1354942159291497,2.4849066497880004,1.9459101490553132,1.9459101490553132
Cell_2382,600+ Year (Centenarian),600,Mitotic Checkpoint Primed Cells (TPX2+/CDC20.1+),0.39200930719235866,51,4,0,3,0,20,1,27,22,30,22,49,20,34,23,5,11,2,1.6094379124341003,0.0,1.3862943611198906,0.0,3.044522437723423,0.6931471805599453,3.332204510175204,3.1354942159291497,3.4339872044851463,3.1354942159291497,3.912023005428146,3.044522437723423,3.5553480614894135,3.1780538303479458,1.791759469228055,2.4849066497880004,1.0986122886681096
Cell_2383,600+ Year (Centenarian),600,Mitotic Checkpoint Primed Cells (TPX2+/CDC20.1+),0.6578544956381839,56,2,0,0,0,17,2,21,26,42,15,52,19,30,25,4,10,5,1.0986122886681096,0.0,0.0,0.0,2.8903717578961645,1.0986122886681096,3.091042453358316,3.295836866004329,3.7612001156935624,2.772588722239781,3.970291913552122,2.995732273553991,3.4339872044851463,3.258096538021482,1.6094379124341003,2.3978952727983707,1.791759469228055
Cell_2384,600+ Year (Centenarian),600,Mitotic Checkpoint Primed Cells (TPX2+/CDC20.1+),0.15200895046310164,48,0,1,0,0,19,1,21,21,31,15,43,20,32,27,1,15,4,0.0,0.6931471805599453,0.0,0.0,2.995732273553991,0.6931471805599453,3.091042453358316,3.091042453358316,3.4657359027997265,2.772588722239781,3.784189633918261,3.044522437723423,3.4965075614664802,3.332204510175204,0.6931471805599453,2.772588722239781,1.6094379124341003
Cell_2385,600+ Year (Centenarian),600,Mitotic Checkpoint Primed Cells (TPX2+/CDC20.1+),0.10558669117533778,53,1,8,0,1,10,0,18,27,33,28,62,39,31,15,17,14,6,0.6931471805599453,2.1972245773362196,0.0,0.6931471805599453,2.3978952727983707,0.0,2.9444389791664403,3.332204510175204,3.5263605246161616,3.367295829986474,4.143134726391533,3.6888794541139363,3.4657359027997265,2.772588722239781,2.8903717578961645,2.70805020110221,1.9459101490553132
Cell_2386,600+ Year (Centenarian),600,Mitotic Checkpoint Primed Cells (TPX2+/CDC20.1+),0.4382507074885794,38,1,4,1,0,17,0,45,19,39,8,51,24,36,18,3,6,8,0.6931471805599453,1.6094379124341003,0.6931471805599453,0.0,2.8903717578961645,0.0,3.828641396489095,2.995732273553991,3.6888794541139363,2.1972245773362196,3.9512437185814275,3.2188758248682006,3.6109179126442243,2.9444389791664403,1.3862943611198906,1.9459101490553132,2.1972245773362196
Cell_2387,600+ Year (Centenarian),600,Mitotic Checkpoint Primed Cells (TPX2+/CDC20.1+),0.17816235369163283,59,5,1,0,0,8,1,20,37,44,26,42,37,27,29,2,3,7,1.791759469228055,0.6931471805599453,0.0,0.0,2.1972245773362196,0.6931471805599453,3.044522437723423,3.6375861597263857,3.8066624897703196,3.295836866004329,3.7612001156935624,3.6375861597263857,3.332204510175204,3.4011973816621555,1.0986122886681096,1.3862943611198906,2.0794415416798357
Cell_2388,600+ Year (Centenarian),600,Mitotic Checkpoint Primed Cells (TPX2+/CDC20.1+),0.28607233039425883,50,0,1,0,1,20,0,13,12,36,28,73,21,27,16,15,8,7,0.0,0.6931471805599453,0.0,0.6931471805599453,3.044522437723423,0.0,2.639057329615259,2.5649493574615367,3.6109179126442243,3.367295829986474,4.304065093204169,3.091042453358316,3.332204510175204,2.833213344056216,2.772588722239781,2.1972245773362196,2.0794415416798357
Cell_2389,600+ Year (Centenarian),600,Mitotic Checkpoint Primed Cells (TPX2+/CDC20.1+),0.1912493284225229,44,2,1,1,0,27,0,55,21,42,22,60,39,40,13,14,9,7,1.0986122886681096,0.6931471805599453,0.6931471805599453,0.0,3.332204510175204,0.0,4.02535169073515,3.091042453358316,3.7612001156935624,3.1354942159291497,4.110873864173311,3.6888794541139363,3.713572066704308,2.639057329615259,2.70805020110221,2.302585092994046,2.0794415416798357
Cell_2390,600+ Year (Centenarian),600,Mitotic Checkpoint Primed Cells (TPX2+/CDC20.1+),0.3432069584602843,41,4,0,0,1,17,4,22,15,54,20,44,32,33,24,11,11,13,1.6094379124341003,0.0,0.0,0.6931471805599453,2.8903717578961645,1.6094379124341003,3.1354942159291497,2.772588722239781,4.007333185232471,3.044522437723423,3.8066624897703196,3.4965075614664802,3.5263605246161616,3.2188758248682006,2.4849066497880004,2.4849066497880004,2.639057329615259
Cell_2391,600+ Year (Centenarian),600,Mitotic Checkpoint Primed Cells (TPX2+/CDC20.1+),0.5166778967894129,58,1,0,1,0,10,5,28,19,38,15,59,17,34,25,9,10,6,0.6931471805599453,0.0,0.6931471805599453,0.0,2.3978952727983707,1.791759469228055,3.367295829986474,2.995732273553991,3.6635616461296463,2.772588722239781,4.0943445622221,2.8903717578961645,3.5553480614894135,3.258096538021482,2.302585092994046,2.3978952727983707,1.9459101490553132
Cell_2392,600+ Year (Centenarian),600,Mitotic Checkpoint Primed Cells (TPX2+/CDC20.1+),0.3461146210848567,54,1,1,0,1,17,3,26,23,46,10,68,50,30,35,12,12,4,0.6931471805599453,0.6931471805599453,0.0,0.6931471805599453,2.8903717578961645,1.3862943611198906,3.295836866004329,3.1780538303479458,3.8501476017100584,2.3978952727983707,4.23410650459726,3.9318256327243257,3.4339872044851463,3.58351893845611,2.5649493574615367,2.5649493574615367,1.6094379124341003
Cell_2393,600+ Year (Centenarian),600,Mitotic Checkpoint Primed Cells (TPX2+/CDC20.1+),0.31171327693240714,53,1,1,0,0,11,0,21,23,38,19,61,27,42,16,7,10,8,0.6931471805599453,0.6931471805599453,0.0,0.0,2.4849066497880004,0.0,3.091042453358316,3.1780538303479458,3.6635616461296463,2.995732273553991,4.127134385045092,3.332204510175204,3.7612001156935624,2.833213344056216,2.0794415416798357,2.3978952727983707,2.1972245773362196
Cell_2394,600+ Year (Centenarian),600,Mitotic Checkpoint Primed Cells (TPX2+/CDC20.1+),0.4741776041614292,44,1,0,0,1,15,2,26,47,25,13,41,25,26,20,15,27,4,0.6931471805599453,0.0,0.0,0.6931471805599453,2.772588722239781,1.0986122886681096,3.295836866004329,3.8712010109078907,3.258096538021482,2.639057329615259,3.7376696182833684,3.258096538021482,3.295836866004329,3.044522437723423,2.772588722239781,3.332204510175204,1.6094379124341003
Cell_2395,600+ Year (Centenarian),600,Mitotic Checkpoint Primed Cells (TPX2+/CDC20.1+),0.11943582691229422,54,0,4,0,0,9,0,29,36,53,6,63,54,42,23,25,16,11,0.0,1.6094379124341003,0.0,0.0,2.302585092994046,0.0,3.4011973816621555,3.6109179126442243,3.9889840465642745,1.9459101490553132,4.1588830833596715,4.007333185232471,3.7612001156935624,3.1780538303479458,3.258096538021482,2.833213344056216,2.4849066497880004
Cell_2396,600+ Year (Centenarian),600,Mitotic Checkpoint Primed Cells (TPX2+/CDC20.1+),0.6569918843021237,43,4,4,2,1,12,3,39,25,60,14,39,45,37,26,10,11,14,1.6094379124341003,1.6094379124341003,1.0986122886681096,0.6931471805599453,2.5649493574615367,1.3862943611198906,3.6888794541139363,3.258096538021482,4.110873864173311,2.70805020110221,3.6888794541139363,3.828641396489095,3.6375861597263857,3.295836866004329,2.3978952727983707,2.4849066497880004,2.70805020110221
Cell_2397,600+ Year (Centenarian),600,Mitotic Checkpoint Primed Cells (TPX2+/CDC20.1+),0.21723707263879374,49,2,7,0,0,5,5,16,22,35,18,29,29,46,20,6,6,10,1.0986122886681096,2.0794415416798357,0.0,0.0,1.791759469228055,1.791759469228055,2.833213344056216,3.1354942159291497,3.58351893845611,2.9444389791664403,3.4011973816621555,3.4011973816621555,3.8501476017100584,3.044522437723423,1.9459101490553132,1.9459101490553132,2.3978952727983707
Cell_2398,600+ Year (Centenarian),600,Mitotic Checkpoint Primed Cells (TPX2+/CDC20.1+),0.7694820827643926,38,1,3,0,0,13,3,19,22,38,16,37,34,34,14,3,8,1,0.6931471805599453,1.3862943611198906,0.0,0.0,2.639057329615259,1.3862943611198906,2.995732273553991,3.1354942159291497,3.6635616461296463,2.833213344056216,3.6375861597263857,3.5553480614894135,3.5553480614894135,2.70805020110221,1.3862943611198906,2.1972245773362196,0.6931471805599453
Cell_2399,600+ Year (Centenarian),600,Mitotic Checkpoint Primed Cells (TPX2+/CDC20.1+),0.32998765479795383,49,0,3,3,1,18,0,33,28,36,20,34,34,21,16,7,5,9,0.0,1.3862943611198906,1.3862943611198906,0.6931471805599453,2.9444389791664403,0.0,3.5263605246161616,3.367295829986474,3.6109179126442243,3.044522437723423,3.5553480614894135,3.5553480614894135,3.091042453358316,2.833213344056216,2.0794415416798357,1.791759469228055,2.302585092994046
Cell_2400,600+ Year (Centenarian),600,Mitotic Checkpoint Primed Cells (TPX2+/CDC20.1+),0.30072782630478245,45,0,4,0,0,14,0,21,37,52,20,55,26,31,19,13,8,5,0.0,1.6094379124341003,0.0,0.0,2.70805020110221,0.0,3.091042453358316,3.6375861597263857,3.970291913552122,3.044522437723423,4.02535169073515,3.295836866004329,3.4657359027997265,2.995732273553991,2.639057329615259,2.1972245773362196,1.791759469228055
